billmckibben,470610657759358976
lingitta,362726904870080513
gregorycrocetti,462399031084212224
bryan_field15,499165904731516928
rotory26,462868700949790721
350vermont,314099172410277888
uoft350,531119384082018304
ozackrisson,469820566514696192
dianemann1,347251989245218816
fuller_derek,507759717335052288
remembrancedk,383646345107484672
globewasserman,336563844325445633
rochuck,431926420583886848
divestunh,276036912681213952
wishing_box,523645953400922113
sustainabhub,298089422463840258
annehicksharney,276184057325428736
kelseymech,530920520561459201
greengregdennis,477440370976882688
andrewbradleyhc,374680696972795904
davidlepageza,467209757892177920
johncbeynon,455374645332422656
sarahingeparker,362725082520911872
ccferguson,465108324694765568
fossilfreede,380332605226246144
kelseymech,531459481956548609
kk_perry,530889370514259968
divestandinvest,317681421907005440
fletchcm,411516355717103616
marialuisapetr,566738586478071808
juliagdarocha,495201157242179584
suitpossum,570715730137747456
freeksels,441165677441720321
michaelfstanley,517940741130055681
shaundakin,566224110897102848
greenimpactdc,420534686335905792
fossilfreeswe,401316300930039808
healthy_climate,454398019006242816
cleanyield,521652548290105345
mayboeve,334074390859894785
350orbust1,280857824542720001
350moco,566062219335843840
sarahmassey,372719384911183872
bum_logic,331207604263079936
robbbla,566623016537554945
metropolsolarrn,540385969690906625
takvera,471643951707856896
farzedraki,309109523027750913
melodeego,344629192840851456
350australia,355986156862701568
nyudivest,354657942798217216
sandiestratford,566673636674011136
chloemaxmin,338017479848759296
yanicktouchette,556180614442139650
manaskunt,532596661105999873
interdependents,470620131513491456
dcdivest,409138967217713152
good4climate,535200000478048256
elysiapetrone,319841691462950912
gofossilfree,566375043434029057
jimrecht,429669622187843584
uoft350,532324335147429890
frackfreefarm,507759490351915008
jisham,566299498570588160
rl_miller,277099497417482240
greekmcchic,506233809012944897
ruthibrandt,353553956443656196
350moco,562950051128156160
kantelaars,458659309141114880
camfenton,296664517335736320
sninkypoo,531840216508559361
liamkhardy,545179743109537793
wenstephenson,299553841802788864
cloudscreek,559910036277719040
sun09re,566634909217746944
shirehouse,338014335349698561
heliocurrent,316927663455485953
aplaceforchange,562548608202211328
elleharris77,528398797177913345
benji_dw,531114883887431680
kk_perry,531114916045135872
il_cambiamento,563601495401447425
jonhinck,299358027788738560
jackie67summers,507922904193851392
orangepoppy2000,519640822468210688
zerocarbonworld,387563293961097216
dcdivest,410791358153371648
otpglobal,411656976381120512
stopkxl,382863521777598465
eibbednosredna,405386340088311808
350,300775026003677187
steventrox50,565230897884962816
wayne31r,520311206137954304
tpartythis,403294483649134592
oroeco,349681909506379777
ciarancurtis1,535424043244347392
edsust,440061431292362752
350vermont,296687091755126784
priscillast,278213466555301889
lepianoman,566290818269741056
sqawkin,441336904412168192
vinepsychic,565772062631800832
rockthepetebeat,355050672565129216
planetmediazone,566446519877115905
350australia,351288927904219137
gjoesq,505700185326882816
350mass,408623396252295169
lizisaac2,359364692101185537
jreddicliffe,290512962928640000
wenstephenson,306187455047032832
naomiy007,462484962910810112
kenburridge,524895879556521984
cleanairmoms,566351156876935169
marialangholz,461137400953962497
stevepog,339536873603084290
healthy_climate,551861666854367233
uoft350,532321468990775299
divestharvard,398914884701663233
melodeego,343559831589896192
fossilfreekcl,410862002102628352
jamiefolsom,455727459804401664
nathankhensley,556115109534527490
chloemaxmin,455056043471818753
wendoureeswans,519771957001068544
matogi,505267147916840960
steve_evpx,431385787280547841
rabbitgroup,565553520280342528
bigvolcano,350446982453657604
fossilfreeuo,531104337154424832
melodeego,334473726571728896
tweeting4earth,535199976239157248
divestclaremont,399633247107153920
uoft350,542381149650427904
geerdschlangen,385119288799268864
divestmcgill,509458448216375296
momentaproject,322855755298504704
phender6,309314608601124864
fossielvrij010,559846359323664384
normanfournier,530897595498258433
mizzenr,394542783320444928
evanfeeney,443827112479559680
camfenton,294821254572158978
carrowestblom,469756737776791552
somerfossilfree,515230448323420160
ar7za,388279704601391104
evanfeeney,366547142107598848
gofossilfree,453654858281668609
greens4oxley,550752818466811904
pandpsheffield,535028056919146497
stringy32,550486639860920320
lapoliticayyo,557817244131278850
worsethanpoop,509133183237885952
jonesdesign1,494984014512812032
unitysustain,326467898795237376
corenewable,563707939702063105
jessepettibone,456566906602782724
carrmelo,564690056259317760
fossilfreecan,317030024345686016
julia4oz,362723914935320577
marcvegan,566723134737633280
lesleylandis,303148426378506240
cynthiadellis2,344630820708954112
ilaria_bertini,390770245096329216
cousincat,462607172900106241
lindsaymeim14,539531183134998528
dhlovelife,278214068941254656
divestclaremont,395650395709505536
mpchristoffels,311594693433622528
kksaturday,470711485090779136
lcolloridi,462110502479335424
beccarast,455056568233365504
carbontrouble,461568339840864256
shoshblank,306075249617817600
corinneehanson,357138388861718529
yannlouvel,359688783811194882
ghoberg,539518539615305728
patrickmc82,431230574242439170
edunipandp,566201064257765376
350australia,521105809573289984
dianemann1,384167393586462720
reneleonhardt,405003656250269696
greens_climate,566561704264597504
edunipandp,566208126329040896
tweets_by_jonny,519931523626459136
aytingb,443474322783731713
uoft350,530946592317399040
divestclaremont,419560396387659776
justinvestfp,445465905556754432
mountainmagnet,555998869545156608
billmckibben,275102243735367680
klimaatzuster,458645513550958592
jaimels07,314040340430598144
change_of_art,566666585159774208
joerithijs,568736262686945280
jaycarmona,377490871715135488
sfuocampaigns,380708313543245824
tanster1402,387501834480668672
mc68ec040,469828884234383362
cpchesneau,532588396020256769
melodeego,297815134473187328
nicholeyamchuk,453761842293141504
divestsfasu,297164837035839490
melodeego,377440043444740098
nicoldesign2012,405331918637379584
steventrox50,559156881592442881
kevinrussell,300225797459963904
1977seg,562055612461494272
agmaynard,293900384727085056
climatesilence,276853093684088833
dianemann1,344285647563010048
jonesdesign1,494984164387860480
kjetilsv,437534285680377856
arbol_alto,353576077727240192
unitysustain,364578702119538688
kk_perry,530893258403348480
melodeego,357541359181246466
007dominot,566749949380296704
fossilfreeuo,428981145393328128
eatmoveact,418978359754776576
jurylady5,462482408814555136
greensmartgrid,403165207733604353
mackdaddy54321,392386891225776129
mayboeve,459772133082931201
sustainablesfu,558764164446191616
healthy_climate,454398238280278017
csorganics,529471431512297473
oceanpark,434500986736898048
mathiasbalcaen,568736886468055041
misssbelinda,383039988990230528
jimferguson,470675186908295168
ktbckr,300774800668889088
kimkyuwon,320125565564760064
kxlblockade,407965267109478400
wfes,414424925186060288
pushsverige,469810124643921920
fletchcm,422796266578649089
guydauncey,306846413302669312
forecastfacts,276853036918378496
jamieofs,520673219859480576
350mass,403230813242032128
osussi,539950656518234112
divestvu,469831075037192194
shoshblank,344118701542498304
unitysustain,360950041470439424
danlynx,423210988582604800
inballarat,462441227334344705
divestclaremont,383382874818236416
vwarheit,492803671894151168
takvera,284037779594293249
ktgauld,341848704090783745
cijicuottawa,326811441866866689
earthbiznet,278289020168069120
wfes,414072638404042752
jimrecht,322444006158110721
fossilfreeuo,326539060522921985
350australia,519966250529615872
beingwherenow,567354808882171906
4oclockwhistle,535423835768889345
myrthebaijens,393818800803430400
helishingly,469830213304475649
ozzyopolis,387545906822004736
350australia,343646904632082433
shoshblank,297441693588926466
john_symond,342884848811249665
thproj,565498088987852800
sophielasoff,408321830756184065
camfenton,296671325169283072
publiccommotion,566679514919759872
berendjankleute,357404558475014144
bum_logic,331215903859552256
dcarli,290295367575150592
lne123,292799881221902336
bydenisdevine,299358617684029440
kaityt18,348100134443311104
michaelgreg,566788877998772224
youthforclimate,299594742239477761
dylstra,362722003129610240
cijicuottawa,317023525267460099
joesmyth,411281052498292736
dmnqbrowning,566241976358809601
rachaeldc,443901460452212736
robinedgar,481882067341684736
ccan,514462703264362496
nyudivest,323475742446993408
fundaverdemar,453536479247990785
dcdivest,448975021734895616
dcdivest,420307562844942336
carbonbubble,315070431398866944
adoukas,448960656013004800
350suomi,387499717870886912
deirdrecsmith,454039012584329216
mayboeve,428977841980444673
robinhood1776,557047641083637760
fossilfreemit,333727635089793026
downwithoil,428754557565296640
downwithoil,433624404459655168
bum_logic,331213469510688768
mayboeve,471638404208549888
divestclaremont,357589284368285696
sustearth,300628799228346368
o_c_c_u_p_y,405287474689474560
350moco,556463273332441089
tomvandyck,456057432146329600
jamiefolsom,455403026988019713
jessepettibone,431218847324971009
mattleonardoak,361860816095555586
edunipandp,569887775878717440
orecoop,564804987717681153
edclimate,570594619148402688
shoshblank,343088574788423680
positivelyjoan,507761155327016960
petercoville,353543684437979138
ashavari,532586336482758656
bum_logic,331206293455003648
teddyvalentine,566382982127026177
priscamerz,396371470492110848
sustainabhub,296137116226842625
kpccnews,464072993908326400
edunipandp,566207492443893761
onahunttoday,311593895156908033
somerdivest,379980979118419968
phil_jones43,435344061809975296
wfes,438420748634718208
fsannerud,530303651831885824
daphnewysham,299558491473989632
mschellentrager,278548589142233088
devynfromoregon,295737767202287617
chrisito88,542541852587884545
mgolinczak,469777650631057408
papadooloo,566493071613784065
hayd_williams,344804819283881984
candicebernd,299328220485009408
melodeego,377429463627481088
endowmentethics,455067883354472450
beet_the_system,286884038759813121
augustdenyc,364534017288577025
symonhill,396369185900875776
uwanami_u1,357977268687077376
wwu_sre,467434883367718912
simonbillenness,366681572520370176
curlewkj,535424494803120128
nyudivest,357159815610499073
climatechangeoh,388113113335078912
greenpopsa,565071995998461952
monica_anna_,526855596860252160
mas_nunca,557802122251862017
melisheath,358052169091514368
edunipandp,566225733530714113
sustainabhub,394688938335428608
lindsaymeim14,526753590056996865
crowcat,407965874708963328
alveykc,455073513528107009
divestsfasu,303205483160928256
unicornkisses,505259063106473984
safeclimate,453784773375168512
ashavari,531137714943692801
350,405287154038759424
robertsroufe,566715140528041985
climateemergenc,494992492391968768
alliwelton,398460013892489216
davidnoble,539515622791847937
klezbigal,299380853576982528
ckrosslowe,534425356590399488
mbjornholt,540499647350198272
bastiengirod,391154709848813568
robertmuller,497713794932436993
empowerboulder,538365453182066689
nicoldesign2012,566716187958984704
endfossilfuel,278722805871296512
1111_castle,299434670901297152
divestuvic,508771710942736384
ideastweetsus,312312746546958336
wwu_sre,467814880850898944
350,321258959178711040
mg81992,374958859854442496
jessepettibone,434153158550360065
cfsfcee,522407547308093440
lizzyfox12,320211208097656832
kevinrussell,287391973210460161
gypsychief,275115217728438272
uoft350,550390978998444032
willcaulfield,276141133652967425
wwu_sre,467816332822454272
shoshblank,330010506410745857
dcdivest,413799837600317440
lizlytleisaac,369213321049698305
stephenleahy,470611618200842241
liamkhardy,551448335241187328
softerearth,520137189565276160
barrybenedict,275117865500295168
timenash,531156683624435712
pakdewind,490851114040832000
lmc1941,504732654588010496
zaneshhh,566287795380314113
wilsonvoight,394720926975016960
fletchcm,419467339676274688
l_deweaver,562090937392721922
jusweb1,362728816759668737
mc68ec040,506376954920972289
tomdoig,431001910414295040
micald32,301032648342659072
350australia,359344161545129985
fossilfreeau,335454127696011264
jimrecht,429673519753203712
greencatherine,566729541695987713
einartjelle,543051869015523330
fossilfreeuo,531519233310461953
grnchristine,387561723441336320
skinkneebitch,405287540787523584
martinelaplant3,566739081821192192
nellevision,435196945653456896
drpercy,405383574095790080
helsenheimer,462376128057860096
alliwelton,387933075436343296
kateausburn,341848262506057728
peter_devoogt,559843657302704128
widescopecsr,453718425748381696
simontannock,441338810119380993
melodeego,376043300832043008
fletchcm,414423859795091456
dcdivest,421727054670082048
carrowestblom,469748243933724672
stopkxl,366253044154904576
350bellingham,330547016222523392
worldschooler,299324938681208832
greengregdennis,460808553251356672
andrealoken,526847156100284416
peaceprize1964,275103935352680448
stacy__clark,419236339003846656
sara_shor,534349434079825920
sebastospublius,525286482450214913
fossilfreecan,317030002078146560
climate_rescue,368365433269010433
gelhavan,279254735150792706
sophstrauss,513796862122672128
downwithoil,504275575603593217
cfa_fresno,455385743368548352
melodeego,363312345550176256
ourcarbon,542757464425234434
ken_greenwood,570584815373824001
slimbinswilts,387563430669869056
envjustice,290743698772344832
timb07,431235336333561856
katieraep,530881341135785984
1humanity,451510016952905728
agmaynard,294454555473752064
toronto350,559928702092705793
ghoberg,296343371235082241
benjamil,403103573300359168
1humanity,450960000387530753
cloudscreek,550474719158231041
ecosystemdown,359341718350462976
emotiondoc,314756529209368576
youngfoeirl,432896902112083969
bcfossilfree,375445988447502336
350australia,359332503342956544
sparkii,469828732836782082
aminamb,530885682739564544
upyourgiggy,289237780087853057
monica_anna_,526840438784028672
toronto350,532545231049469952
divestsfasu,299562470014595073
sfa_teamnac,294156607024152576
brettfleishman,471664422126362624
remembrancedk,391224827547115520
ryanbedwards,517949229050781696
justandstable,299324759781548032
divestharvard,398915258015694848
friend_matt,519911059411709952
uoft350,535132742867243009
andwcampbell,455973717483327489
danieljkessler,487645603279953922
greengregdennis,497440706223685632
dhstratton,496230270882689024
greengregdennis,513433577292197888
benji_dw,532317078942777344
pmagn,275102854883196928
andrealoken,551715506571714560
gofossilfree,455077616223940608
melodeego,377246926686543872
neildenison,505291811196125184
ben_hr,454447515405131776
stephendanna,520893207220338688
kevinrussell,283199558362755073
jonesdesign1,494983746521931776
jisham,426553590891560962
smartyturner,517944806320787456
johnniecham,527581113154568194
gofossilfree,566566458285912064
isobelmarasigan,454186402121388033
petraliverani,442513899301007360
chrismines,500498213476904960
mln1327,404681862364545024
fossilfreemu,540674724997513216
mikesummerell,519590217305432064
sleepingpooch,454503736140759040
350australia,351865964264042496
benji_dw,531087014347952130
rickydfw,362378863772303362
drtucker,415264889285115904
sustainabhub,305324533278195713
mattleonardoak,359847289851887616
jisham,426843662928969729
ark_required,429555201528594432
mcdo12358,544917856337821697
pepevog,404695967040958465
symonhill,396321505815957504
melodeego,295978028318736385
infinite8horizo,462697330253103104
niannacci,382497907464605696
downwithoil,405924854043389952
kathleenaikens,532588429918625793
fossilfree_uk,461140818401959936
mishellshine,373834016719646720
4oclockwhistle,465929972440653825
mta_divestment,531113098988756992
robinedgar,481883001224429568
callmegoldie,277973997629612034
rosamontagne,523645200447459329
kirtanasekaran,387507025120591872
theearthnetwork,494964468514709505
dmiinnyc,397219919856562176
divestsfasu,290606609040830465
dcdivest,356063986803949568
drdavidwheeler1,434686749839605762
climatechangeoh,320831318130847745
carbontrouble,469830133772480512
eco_melon,315070471412543489
matthewshirts,359849710665732098
andreasbrinck,566295266266198017
remembrancedk,416430121822613504
stopkxl,360039001513668608
mishellshine,447141586536005633
fletchcm,436863383485571072
shenebraskan,275106750800211968
fossilfreeuo,380707322906939392
gravitydynamic,495334251727167488
amphibiaweb,423709245041684481
evanfeeney,530902374664384512
emotiondoc,405327231284961281
wdmscotland,368314634602037248
earthsayer,405440223401631745
divestclaremont,388327748575305730
osu_set,456549754143395840
all4peacenow,453726995730669568
johnniecham,529006619250540545
melodeego,306515443529699330
takvera,519283884265984000
sogoeco,387519248098398208
vwarheit,529292039481864193
lyndagc0jf5cd84,347246937826799616
sfsudivestment,407558454493331456
ehballah,543041743667888129
satuhassi,387612234362679296
melodeego,321658948052738048
melodeego,326727789485113344
kevinrussell,277160320961753088
symonhill,396366598002733056
divestbelgium,566619939264815104
kelseymech,535234321419096065
fairfinvzw,566941946615443457
i1abhere,387499390555795457
grassrootsearth,277175732420083712
sustainsquirrel,490199584560660480
bluejessamine,434017027242471424
gelhavan,414776811256832000
remembrancedk,366271597901905920
divestdartmouth,297426490444898304
divestclaremont,357933402235744256
tripedontian,521283260358225920
apowersb,414402105433411584
urbanclimate,566720130122412032
katiegid,362660012679626752
dcdivest,414397492789510144
bum_logic,331205345559064576
dcdivest,566392594130038785
anarchangle,462463594144071680
benwest,305465875845230592
tugreenclub,306909867187261440
deenyc,463990094810980353
lizlytleisaac,368836969645633538
350australia,356715696471805952
mc68ec040,471791755428659201
melodeego,377123398989922304
ubcc350,305197466180009984
drtucker,403337087346147328
350vermont,313659751886098433
jonesdesign1,494983950222503936
deirdrecsmith,455172263885557760
hsaldert,505677840474701824
granthamcsf,539063123932889089
hanslak,453408129753944064
melodeego,320208971740901376
xulalou,564834053510414336
alex_kelley,278216890810236928
kurtdwalters,566393163288707072
dcdivest,390833091809271808
somerfossilfree,403214631163797504
benphalan,552935246597869568
ashavari,530891646683316224
cornodibassetto,275106028184563712
humanecologist,311601574352912384
lhektoen,571175239280939008
fossilfreeindxs,410883043206123521
ukyccdelegation,434295908792950784
350nm,454008509437194240
desierraclub,303562558856634370
sepponet,542813585479839745
justandstable,299328512173694976
renstrom,398484037485875200
350australia,464220635732791296
sheariester,297441928981663744
camfenton,530898953823617026
blairpalese,355680458786344961
stefanpauer,390239805369380865
climatehawk1,403291631769882624
creeclayton,531118738830290944
mathiasb9,566641758516555777
earth1stlinda,471635776057257986
agent350,299326740168314881
carrowestblom,469755604798820352
350australia,356018173667065857
mayboeve,542746852849123329
edunipandp,566216363094843392
wendy_bacon,462481758173159424
dpcarrington,519894295919489024
elissa_campbell,462400790875754496
sandiego350,275113336323072000
erikbl,464244366844768256
coaltruths,343041551158611969
350suomi,469924211914731520
onahunttoday,275103090116542465
planetmediazone,560544286962614272
pushsverige,401319990047309824
tuftsdivest,296431775847153664
beccakram,531127634101796864
suitpossum,405321236781092864
4oclockwhistle,522762150117662721
350santabarbara,383004269948850177
shaunade,443578084642406401
nyudivest,334271538796830720
shusharc,385056341360128000
mgolinczak,564429478131417088
hock_17,497615167048261632
market_forces,462396595539939328
findestemps,565812590618877952
cookinwithtony,379862324082769920
shaundakin,566373013587636224
nancycastleman,566719325143580672
timb07,431235252556533760
gofossilfree,453377353234673664
tjmar7,566409415822041088
alexanderwhite,455956788907487232
alexkennaugh,396370821679050752
fletchcm,515566796850860032
uvmdivestnow,300762156478107648
mayboeve,328886636064681985
divestclaremont,455110701711773696
jonesdesign1,494984324991946752
jonesdesign1,494983872804028417
cluttercoco,300420360166326272
sarahmassey,390840235397246976
bum_logic,331203463067353089
sacarlin48,562091186781822976
bum_logic,331200076481449984
shaunnewman2,505538137641082880
greenhouse_pr,510411461752258560
ryan_browne_,433198852544270336
up_possums,390038594087186432
jeremiahspeaks,467294226875940864
fossilfreecan,438839369928294400
jonasvevatne,554703283676540929
toronto350,535183301297049601
joerithijs,566590760188149760
andrealoken,526846662355222528
350nyc,513684686833725440
petercoville,566584011762708480
geared4green,566707092912742400
ccan,539822768456740864
stu_pot2,519863761168248832
melodeego,337345884578803715
litapirrassa,566712643294339075
alyjohnsonkurts,377080389237768192
dralimitchell,432718601401810944
cloudscreek,550480041243451394
concitohio,566724632968200192
alyjohnsonkurts,387939201926586369
kawentzmann,405350886165475328
foodnotfracking,429812651049639937
billmckibben,494982907782758400
greengregdennis,387641551255379968
gbezilla,458627934052679680
ubcc350,524587823333011456
arfisk,461133413244604416
ttgalway,387623944775561217
350vermont,316927165281226752
350australia,386398108537475073
osu_set,431881387667238912
melodeego,318849005322903552
lindsaymeim14,531809849269841920
frankteaching,337114099576086528
hydroconsulting,567642500735582208
mollykatch,328969926310240257
bataleh,566233489222029312
nicoldesign2012,436867695930142721
greengregdennis,535584516732387328
jessepettibone,442087977015992320
halbrecht,522257729948110849
nadgreenpower,435541643358666752
divestmcgill,530878705414193153
canbarrie,543041914178916353
divestsfasu,303205574819069953
juliemacken,445428172369047552
lolmarkwell,462400101554475008
andrealoken,547025457921933312
benji_dw,531178024663023617
environmenttv,343041560771960833
mickietamekia,453719080340819969
greenpeacesn,276476891156848640
mtnlovr,321305513109377024
unitysustain,286593009192144896
v_violeta_,503154087055994880
350australia,359973836705374210
charlielepaige,566637306107658241
__eclectica,521848016978731008
rabiap202,532653306976690176
danaqueen69,542635527724232704
ccferguson,461020492913061888
gofossilfree,531893281257717760
nspugh,563354947551756288
unitysustain,322027456582275072
katiecritchlow,410910882030714881
ecowatch,343038618216046592
incrnews,398200976194433024
divestclaremont,455068497349861376
pandpsheffield,466964615499636736
nyudivest,386196869992304643
agent350,276519781182615552
divestcolby,293816032185970690
nyudivest,350325146520780803
elisapeter,419157585934041088
edunipandp,566728908826214400
marywebb7,505328180685582338
annerafferty2,434500467805020160
350australia,442113627227570176
gofossilfree,405295580903399424
divestmentnepal,566804773895032832
divestclaremont,396352799149010944
mikeyslezak,454391309545902080
coffeestainedj,475320302944002048
mollyrauch,443814211563814912
divestmentnepal,566799782279004160
shanerattenbury,462094443487588352
kirstywho,387502008887832576
tinytosh,565081201997021184
remembrancedk,382589821123694592
lwhetzel,337383337620549632
jonasvevatne,444186807501324288
dcdivest,431236947957547008
klimaatbeleid,567633873266556928
sun09re,535197816118054912
olddogdocs,401392937348890625
annienielsen6,451832659245682688
350vermont,293460973845618689
positivelyjoan,521082130743697408
gildadavies,496268501460344832
elenamagrina,566175616673009664
greendrinksbxl,529274687478849538
geoffrey_payne,566714993588981761
whoozqueen,563561668064444416
jaymocker,535617384561000448
kelseywirth1,364011798732611584
takvera,518280802899988480
durabilitefeuo,519185779961372673
carrowestblom,471922832096497665
greeenguy111,531857077556498432
eligerzon,533285729942900737
cloudscreek,556259238134046720
christoth7,566716409149804544
fossilfreeuo,428980891914747904
fossilfreeuo,456066269926522881
the99tweets,571149391706214401
ourcarbon,520230206955466753
divestclaremont,359321614376120321
langtonvl,432899010870140928
greengreenwich,566522740451328000
joerithijs,566635356729389056
eibbednosredna,299385563264454657
nmu_,441170540368101376
350bcn,557659356192571392
camillecallison,390930283635040257
melodeego,349606583304597505
mariettasmid,565535879067103232
fossilfreeuo,559838193114034177
divestsfasu,284878244107407360
calaurence,456239627423059970
350,453531689164496897
burnpetersen,362720619973976064
georgesdyer,278928597132144642
fossilfreeuo,451172949907615744
christophernfox,520229125286821888
peterdgardner,491016250860916736
tasolomon6,454371849023938560
nyudivest,364429788401766400
mayboeve,565561444700540929
kelseymech,531196914361200640
remembrancedk,378635342179348480
divestclaremont,455030136086085632
torqueglobal,392919865767759872
benji_dw,531107917718892544
climatesummitau,473643626774675457
fossilfreemit,408727484293599235
devynfromoregon,409752350757494784
nrdcenergy,461241285110558720
kingydav,433403358477434881
divestclaremont,387354245768290305
jimkhm,464238868040916992
downwithoil,367697690299080705
melodeego,330013770850119682
kmacura,353171248399912960
imataafa_,512084025352011776
frescolicense,566800403246088195
benwessel,297442375138148356
lindsaymeim14,535914702103412737
emotiondoc,402162069627502592
evanfeeney,443826909471080448
fossilfreemu,386404135706173440
policyngeco,555114491206443008
charlielepaige,566716457267257344
momeansmo,489810598683619328
peterscarolien,566665801814802433
mandel_dc,534353485886947328
carolinrekinga,565573902517411842
arrcc1,506232520430870529
kat_scorp,459848968675917824
kevinrussell,299901311397269505
shoshblank,515582414417309696
jentropic,461256892145086464
jocey70,359984580830310401
carolien884,398026697821655040
fossilfree_uk,434298862141186048
ecocosmopolita,557660972006264832
jessepettibone,428583566746742784
branto,487644992219799552
mcharters93,529653581302218753
kelseymech,530920479843176450
pacificswell,464078941897383936
stephendanna,516613180479787009
fletchcm,414069371494236161
greengregdennis,535570964646731776
andrewwhalen,368059124975554560
remembrancedk,364792679739047937
gofossilfree,566713393923366912
350australia,342841957174874112
smallbits,278211851739881473
melodeego,321664847202906112
anne_osen,531000891810545664
bum_logic,331205621401665536
campusecology,344128150973861889
cijicuottawa,317023198237577216
dcdivest,409890450792017920
benji_dw,530945627400962048
acts_inc,494722186247016450
helsenheimer,462388736534134784
hefnorg,398570434670522369
divestharvard,398918273997107200
jonesdesign1,494983701118586880
dreamitnowdoit,403384589667688448
mikesummerell,275104769868185600
change_of_art,566662817009242112
dianemann1,347246322375598080
joanne70130354,566715917271572480
helsenheimer,462381458791751680
pragmactivist99,294518989227450368
nnus,566715229979963392
uog_fossilfree,519507018630303744
vwarheit,397779146513735680
eros_sana,565957815286906880
victoriasmith89,458895054476554240
endowmentinst,306432761860861952
jimsoceans,496000502250094592
davidwhite336,463200929747988480
blairpalese,342839986447589376
350vermont,393349013807697921
dcdivest,562796689313263616
ark_required,499165666071420929
350australia,566717296924577792
suzette_sustain,438205436722814976
energyaction,391623587766865920
remembrancedk,459792519367118848
carlosrymer,288879105162764289
mta_divestment,531115004788211713
philaroneanu,276521317916893185
camoreland,518280933976190977
bilanarte,530901295562256384
fieldjg,566127292267515904
meghan_doucette,530924591313858560
dcdivest,443814169297440768
kpccmolly,464078936050114561
tresoc_,567267720509808640
takvera,423641048296853505
dinidess,458897602243592192
raeabileah,566380673460867072
dahmpublishing,275121578314960896
safaaljayoussi,566201759895273475
jonesdesign1,494984294553890818
hipinvestor,340660028941926401
frazerkirkman,455293323117219840
ecosystemdown,353649483592114176
ineeshadvs,530882140829790209
ximoberna,566540302107045888
europeangreens,387571937993818112
stealthflyby,566637435145052161
dianemann1,347261551520120832
xaipe3,443387984126042113
edclimate,555093294930481152
kimuddh,469811391676035072
uoft350,532320011931512832
pandpsheffield,551446544889950211
gmere,321349073875660801
thischanges,560511598284914688
brettglossop,509332485570695170
pmagn,461926409070317569
r_sergeant,566928027003924481
jimrecht,480535261877514240
shoshblank,280439212279476225
yoursugreen,461119837373476864
mayboeve,316251495102300160
sheariester,294448305075806209
fossilfreemit,450289372286316544
lmacdonalddc,302984881259020288
fossilfreeuo,531222672731291648
jrwiese,326811817718464512
joymargo87,575779251510624256
350mass,376432981994258432
robjhoward,531155341820833792
350nm,566382592757223424
melodeego,385825787619733504
a_siegel,535948777002393600
andwcampbell,342500641840693248
victorias_art,405321791067131904
fossielvrij030,441165641392062465
andreasbrinck,566312608463343617
350nh,565517226829414400
chloemaxmin,409749768601341952
nyudivest,401124815756877824
melisheath,353922192335048704
elsiya,395250951248154624
samwohns,398934163426115584
drgcrisp,460606477925748736
johnniecham,538458423722278913
nyudivest,303575938451533824
aramram,566201697173663746
wenstephenson,297451189115703298
jbengraham,566277520228900864
rainbowtiger21,564935327232839680
einetmn,470958218525810688
jamiefolsom,455695146471129088
divestmcgill,530889370564571137
itsanewday2day,274281640405118976
kk_perry,530878705472897024
kimuddh,469749674837303296
greengregdennis,566331459758473217
greengregdennis,387347384365101056
michaelfstanley,517941126892752896
fossilfreeunsw,473982766762053632
starsoid,431168230258794496
1hirsty,555648490278117377
letsgokato,379986137516748800
msjuju8,462441653463040000
morissa16,399014670545063936
1111_castle,305351051102519299
sheariester,294440445960925184
cian,559703440243585027
dcdivest,439808654481846272
ahasselwander,299356739642474497
bendroz,356072222881878016
fossilfreeanu,307235290798510080
sadha_bhahar,566799876604702720
sustconsult,529274475519672320
ajhalpin,471629891125800962
bilanarte,530882381214121986
remembrancedk,366720329554477056
bugnato,566499946317099010
takvera,286745909608452097
nwoje,405388899897589760
benji_dw,532321468731117568
favstar_pop,299356773440176129
ophirbruck,448984240672079872
ken_greenwood,558671262143508480
350australia,523642014982631425
carbontrouble,469822984384184320
ndngenuity,532587961716846592
takvera,472228240677806080
dv6023,399180481943851008
dianemann1,343597110815498241
lizlytleisaac,366774484990038018
kevinrns,566720828117901312
greenpartypbo,566524300539482112
sustainitycoach,423726548236402688
lowcarbongirl,520533771133915137
ccan,556116480170151936
abhinary,372069581797347328
colindavdbutler,454624483429466113
schulkin,460636496492367872
sas_robin,299380819347247104
jimaloisi,443505086061637633
andrealoken,560963748056559616
greens4oxley,550753386216177664
sterlingcollege,401059456391577600
vkloet,530901121611870209
johannalakso,469810557550612480
keepthesunlight,275363055934767104
drtucker,487695733005369345
mcgorgomagan,433393928813826048
curtisadlar,482959909311762432
emotiondoc,313710714902700033
leighsvendsen,461982096777424896
tasolomon6,362927698605113344
morissa16,372959296738193408
suitpossum,392675225608810496
theearthnetwork,431178139461754880
tutusntinyhats,376760770207309824
vmlab,461600674031992832
mcanski,487642464451174400
tuftsdivest,299323991762550784
nyudivest,374956684587704321
takvera,294620993169788928
lovecanal2020,387624837721886720
danielisler1,559319363313229825
350australia,339531799980040192
brenboo1,531118879440121857
shanalidac,545702743114276865
divestunh,277590869769601024
350vermont,296331399441547265
rl_miller,316927498946482176
anonymousposch,520747063680962560
wenstephenson,294478789524733952
steinrich,566717907812761600
elrjay,496428002289274880
gufossilfree,455182238972665857
zoe_nor,464075332018913280
hsaldert,469762333401939968
suitpossum,374836023714275328
bham_foe,519897852341125120
mahootna2,431930252873322496
sustainunsw,473987206160195584
agent350,299331969559441410
ecosystemdown,365609164422123520
healthy_climate,454398077638438912
kk_perry,531110196043845632
market_forces,462398350193475584
fox66,562091095325036544
climateradio,401377916078272513
divestsfu,313772112814960640
mtancred,555822651093303296
divestclaremont,356867729145344000
earth_riot,563624037512126464
earthbiznet,278929753317208064
peopleandplanet,566653647845875712
mayorinnovation,327540379878572032
sninkypoo,531840257797275648
nanetegarces,503664157888368641
potentwood,462522924713267201
nancihenderson,535195700607602688
ilaria_bertini,374532484811067392
endowmentinst,276356127510392832
vwarheit,558070176730873857
leafyflower1,559910411152019456
cloudscreek,559870629088747521
benji_dw,542380529681584128
remembrancedk,434008665914236929
peterscarolien,566585166991470592
dumont140,376157217604370432
kevinrussell,303142316284198912
frackingfrei,566330434708336641
cleantechfin,327394302923784193
afahey,289857308522065920
danahull,463779756991713280
divestsfasu,293903134621831168
agmaynard,276170943976599552
uopearthsociety,387498074421358592
melodeego,301080089460883456
leehiyona,308669865336664064
edunipandp,566275465472901121
fossilfreecan,535234110030348288
will350,387602046393667584
susteufunds,387573005993664512
layankoh,495263803848654849
danielisler1,534108574226472960
klimatriksdag14,476065318553792512
uwanami_u1,348525101039362049
sebastospublius,525286641628225536
riotintosuknews,565843333151342593
350bellingham,309334449823301632
nyudivest,356785337332285443
tarshaorns,565519071719206912
fsannerud,564740897477505024
linistit,566720192534036481
ej4573,343643945546420224
kpccnews,464075622541963264
misssbelinda,299136527575965697
grassrootsearth,277062527932850176
fossilfreeswe,469816491253452800
shoshblank,343087648522518528
divestclaremont,365873078229671936
alicemcgushin,505639575662776320
drtucker,495640274031616000
ecowarrior1980,453718333968621568
nyudivest,369191060741713921
730_dc,478542862557011968
gofossilfree,455056504916152320
edclimate,544629324889214979
reereedennis,359417927243542529
wdmscotland,379620658591719425
jimrecht,337663241662652416
aishasoasis,494192845079580674
therevgriff,350671665560162304
eminemily_7,453583867455102976
jcvalentine,531846797258657792
jaimels07,379980619737866240
sustain_all,566455330301685760
ckrosslowe,520155423102357504
divestclaremont,396784310243446784
remembrancedk,420784753327874048
uoft350,532312926187958272
swh1pple,300360708598669312
sheffieldlive,559756825516838912
wenstephenson,308978787264106496
dah_nm,363697150841995264
jonesdesign1,494983681422155777
melodeego,368786843099090944
hodabaraka,401392549937815552
th3derek,470610905999609856
endfossilfuel,278836698455080960
katywaitt,314018782676930562
suitpossum,379619729465290753
broomstick33,556296575450771456
cloudscreek,555995157598711808
divesthaverford,308585499369558017
benji_dw,532312926175371264
roshart,496243660086710272
climatechangeoh,330716604591644672
otpglobal,399231767602688000
niklos1,522442514612387840
lilyshazam,451022037793124352
dcdivest,386293439790592000
justandstable,298800534570291200
devynfromoregon,299326241822093314
mfloresesquivel,557677504253927425
feministbriefs,363120120056389632
ecomuse,331516138120937472
anonimous93,405525352002617344
7310maria,566764474443771905
pandpsheffield,466965649840148481
labsustain,365615661713596416
nyudivest,346653891338858496
nyudivest,408334736486961152
4oclockwhistle,503275072795455488
unitysustain,345360415112433665
benphalan,566709872469618688
ophirbruck,382379588921196544
fionashappiness,505469449118285825
greenmuseum,528720721812652032
poet_economist,430373742435647488
greengregdennis,566254080495202304
ardisbardach,491018485422895104
snuggery1,564793713239416833
youthforclimate,296701968448118784
ruthquibell,454451046375366656
350santabarbara,363352528756277248
yanicktouchette,557559744698003456
camfenton,531108281755111424
devynfromoregon,300774782570471424
bilanarte,530879055642787840
anarchangle,391041007245987840
gdrnorminton,354175184439214080
toddgitlin,454347422223712257
endowmentethics,455038029120294912
bcfossilfree,380472711274696705
evanfeeney,380716411502333952
eulaliaff,564689378174566400
dana_drugmand,302054164706512897
dcdivest,422834061057736704
bcfossilfree,384332092072808448
bum_logic,331206931568009216
gklind,342809339419058176
divestsfu,313773161021837313
morissa16,387349821511569409
350australia,431200739528949760
jmarkdodds,455147531077296128
anderspangpang,555777770350186497
leehiyona,278638183732875265
oldfitternick,387508948657770496
kpccmolly,455064886209298432
curtisadlar,483097166483705856
klima_netz,540499915869519872
diveststanford,454722376559624193
andreasbrinck,566306879438340096
_rosyrosyrosy,565889207269613568
eligerzon,413079465531834368
odessaphiles,407966246962229248
anonymouslyone,405288884294410240
jackwyse,535413082541932544
melodeego,322750473612455936
pragmactivist99,294521592732598273
cdmenvironment,524720927565946881
darylgibson,521845042365734912
gzuleika1212,566745451395678209
peaceofwild,318857188057698305
lne123,308585086335455233
beingwherenow,565162725782085632
cloudscreek,556622730292768768
clairetuite,461661821834108929
suitpossum,368312310743330816
hakonlindahl,394900954489057280
melodeego,393808888111169536
renstrom,398159297764278272
350nm,399945576667549696
sarahjzardawi,491413080027328516
endelevu,363713724600692737
steffysockets,275109933815562241
4oclockwhistle,511820435215106049
femmekatz,530896563262857216
dianemann1,358310613107212288
iyamiyam,487651138938732544
fossilfreeuo,519156583171760129
cloudscreek,562032385940656128
ases_solar,564538053826314240
peterscarolien,566601657715531776
jodibraszell,362745452879290369
edunipandp,566201904712409088
beingwherenow,565960724523253760
fossilfreeuo,507693422660956161
waughcourtney,520102713510481922
somerfossilfree,400405888286339072
sustainabhub,292800469066211329
bondigal,462486903053250560
clarkstooksbury,372539858188660738
ineeshadvs,552554397767458816
jongray1963,453721198430806016
jocey70,356547033244508161
peanutblobfish,536160736255684608
kk_perry,531107976741150720
mariamrtnz13,562802649566019584
madeintulsa,535194650488102912
kevsfield,532679340618944512
drclimate,436703193834065920
carlypildis,380393653165756416
klimaatverbond,458645787023790080
mkinghan,396000903901507584
dcdivest,354673867740033024
bookrapper,302576048611160064
jenniferalaggio,566739256908201984
camfenton,531108161890287616
ecocosmopolita,564687650347831296
peaceofwild,344653959987871745
climarteaus,505258160576139264
winfriedsitte,343671935642779650
uwanami_u1,343994312608063489
johnstonellie,327845156759949313
gofossilfree,321259430706548736
jenniferune,469809316187627520
yvethiopia,433968263446667264
350nola,403582032669704192
jowacoffey,387503086912438272
nyudivest,383045604340797440
tasolomon6,402895613420785664
carlamays,566714173296349184
melodeego,324886171387826177
downwithoil,370690702549602305
aliceishbel,527509048074452992
michaelfstanley,517940496929280000
remembrancedk,370915964688150529
morissa16,428034998822637568
melodeego,377430025647452160
lennartvdl,566518992127655937
richpalmeris,299327409755394048
ralienbekkers,396388528822964224
eclectic_cafe,435235329969106944
twitlertwit,299357429584502784
wheredidsamgo,368605716686204929
douglionais,434348879664775169
librand,469835509662240768
albriziom,387511299359670272
marchant9876,511302925398724608
divestbelgium,566590118648365056
cleanairmoms_dc,566239166657490944
robinhood1776,278537514862665731
billmckibben,294448455852650496
uoft350,531107918016675840
fletchcm,439829629223067648
mayboeve,315167038899359746
daniaalbashir,566262606931820544
dcdivest,554729967100366848
bevhenwood,565381267651559425
peter_devoogt,527771572187463680
betterbyfar,535196467154415617
melodeego,377438618610335744
takvera,517984307227279360
blairpalese,339531802387566592
tuftsdivest,299326773001322497
wwu_sre,470969144150872065
350australia,373602363233140736
helsenheimer,462388185863962625
dawnjecks,362726362240385024
ecocosmopolita,564710616301334528
peterscarolien,566665112560599040
350vermont,315174122839760897
cloudscreek,557023774843760640
andrealoken,562062188844957698
endfossilfuel,277590512041590785
wwu_sre,468994718438006784
ccan,381078834239791104
farzanahoque,357141635932491777
pandpsheffield,539409557424861185
sebhenbest,362719295199281152
350australia,495134295892033537
mayorjd,431277640021209088
xtw317,448977463188918272
greenpeace,566738116216901633
350australia,374680530064642048
350australia,519010373492412418
cloudscreek,564993759218135040
fossilfri,403103255804141569
shoshblank,276359599098040320
dcdivest,404004293747167232
bastiengirod,399176158706532352
serenity13,341853796319760384
bc3sfbay,468857356420665344
sharonsrose13,495026472642285568
grassrootsearth,277145642839703552
twitlertwit,542773913340493824
350australia,343865116405686272
wordsofpower,275102459100270592
ej4573,355690018259476483
ghoberg,382357594892812288
tanyiamaxted,464265114246324224
camillaborn,396388444404211712
kathleenaikens,543146053605023744
randychatterjee,571149533381464064
greengregdennis,484510378484060160
350_pdx,368138965385093120
camfenton,295959774615465984
nicoldesign2012,533072727973068800
ezzyod,302169502106394624
dumasraphael,407919846236909568
350mass,533291463615193088
justinwood,431309093186191360
350australia,379849573356666881
yukonersconcern,387499073772597248
adoukas,390846010282762240
revolving_world,453723525522931713
jcvalentine,530403529375383553
jjm7530,519408095500316674
tompolkow,277424868973215745
symonhill,396368500958453760
youthforclimate,344098035216834560
remembrancedk,380018145324306432
mayboeve,498868934398210048
otpglobal,402410852269031425
cwharlow,394688983835230208
sustainergies,563740626722619392
marthahotz,389220488418836482
passivelyaggro,405287537344008192
arianamags,462499459989905408
johnawatterberg,458682837357826048
benji_dw,531105280172785664
divesthaverford,321263013896265729
fossilfreeuo,383291837533810688
melodeego,395921524747550720
supermiljoblogg,555782690520444928
andreasbrinck,566316916986609664
somerfossilfree,401019486884487168
ajcharles21,362372901644664832
ccan,401827834219749376
revjss,554885513643962369
tuftsdivest,299329284433141760
hiphoptc,461135850852851712
edunipandp,566208252867002368
stopkxl,434112306705088512
fairfinvzw,567048345806712834
ineeshadvs,520215934305181696
oursandproject,565938130276995072
joangreen11,423830305615532033
johnlundin,383650819348135938
gofossilfree,299327104082927616
ebierfrau,557688807097901056
cleanairmoms_dc,562798102860804096
nyudivest,351821357606117376
climatewave,505562837259792384
gnvlovesmts,370846320359407616
ken_greenwood,569927946053554177
alexharteco,519936705445756930
sustainabhub,394848875644604416
wrathymarcel,278380827526709248
endovershoot,532587807668064256
ecosystemdown,359417947074199552
350vermont,314741105008730112
barddivest,352093782075904000
wardag11,293922113415421952
divestdal,443499738483412992
wildprojectnyc,430032740768317441
fletchcm,438418849789407232
roballpress,387534518183526400
liamkhardy,563307660423225345
markvasu,299328499632717824
mdlikethestone,299591362293157888
auzziesouth,453757503877029888
collinrees,451802787454939137
greengregdennis,510509257746546689
edunipandp,566230111134162944
ivote4usa,275202372928684032
remembrancedk,403928267553386496
fossilfreeuo,326538978180333568
alumnifossilfre,403361655850938368
divestwpi,399199107002421248
gufossilfree,556108548388954112
mwforhr,276700650480496640
uoft350,530948092603158528
bum_logic,331208692496216064
chookelini,445431391203770368
lizzyfox12,334058344841105408
elliebetham,385054959374331904
ecosystemdown,360036226029469698
fossielvrij030,469772302004277248
orbvious66,496251098768752640
350mass,400408268792553473
boulder350,349745505334595585
extrahera,538748507062943744
omkunta,527589126795964417
jasondisterhoft,397235158836723712
oscarvall,514378538514780161
fossilfreede,400631936814555136
divestclaremont,424274286975533056
allchanges,567014755253354496
arbitraryword,281757223439450113
infosdd,566156816787451904
stevewsays,439842193323196416
bferris1703,362758400498614273
johnlundin,461924511311749121
lexy_scott,390055610428829697
dcdivest,356839798356451329
vinepsychic,513445684410732544
pandpsheffield,547730403231268864
ecosystemdown,355336721245814784
mta_divestment,531096334678630400
k_nassym,513734913582198784
timenash,353170234171064321
climatehc,333148579617193985
bike_at_w4,429811431614480386
jelli_h,275104214781394945
ghettopickles,405287538719723520
aynasrokvic,566714237020807168
joan_rollins,353651537668620288
sophiehh14,266316607788285954
agent350,325304241155616768
jlbornstein,278385617069568001
ninteretse,565561782337822721
aspiesmom,534367899461627906
connectisl,466011358945746944
sustainabhub,292710003419262977
vince_emily,565826771875299328
andrealoken,541598007972859904
yannoskomis,470915392849072128
drtucker,471281645916389376
00mascha,567252016909799424
savenewengland,290606828642000897
hashtagclimate,564162821810700288
remembrancedk,378637565269520384
fossilfreemn,410855601552764928
stephendanna,514177183011840000
dralimitchell,387522243112087552
johnvaillant,470685313871126528
jamesgrugeon,445336133098946560
danielisler1,540449780342603776
robbbla,566557553212264448
dtporge,453459940024135680
markplackett1,387520822421635072
liamkhardy,563306724606877697
bum_logic,331208161677676548
misscherrypi,482955789548933121
350nm,453619226473807872
forecastfacts,394655490782666752
ashavari,530891176115974144
toronto350,532584490380824576
edunipandp,566197553063276545
silverlip,523922561273315329
reebswolf,525316514023763968
devynfromoregon,299323938276782080
carbontrouble,468288136737726464
il_cambiamento,563235752541429760
divestdartmouth,390973082124685312
a_siegel,534344540606701568
divestic,308586548218183680
lovecanal2020,357189555579265024
richard_nielsen,496773003942719490
ahmadzing,532856851139153920
sianmarged,454385215079587840
sustainablah,529568522184425472
peterahormann,507356741663608832
divestunh,294592360862605312
mojonewsau,540709592980664320
camillaborn,396387447300706304
daphnewysham,431546050118049792
revkin,311589591897485312
divesthaverford,292799637608333313
fletchcm,422843924240420864
drrimmer,343870347399008256
symonhill,396377379549224961
earthreboot,563182381855932416
remembrancedk,416430036263006208
brettdbyers,495207107684102144
green__century,509388449385025536
harm__edens,398022602272546816
groeninarnhem,458646476034678784
vinceschubert,434521641658249217
edclimate,551508532428693505
renewcp,494989177432178689
otp_ny,429812817483792384
catalinavh,566154543285936128
sunriseoz,461700697721815040
dcdivest,539806251761557504
linekepost,444051834387595264
viosatr,565938179211931648
fossilfreeuu,469766334042361856
pmagn,461923724304736256
colbyrenewable,293815454206660608
apeethaa,456005795646164992
divestvu,566161306445971456
morissa16,416320924745342976
fletchcm,429612543943131136
divestharvard,398913534689419264
qryss,462489743964401664
lauried45,362382195916161024
melodeego,299256145372135424
afreemanslife,409046528737546240
ethicalspace,562548605513662464
somerdivest,365112642693632000
russellcunningh,519490451615653889
karinlindroth,566709520139681792
fossilfreeuo,389102842276900865
350australia,359974409009774592
eco_melon,306381588525105152
helenahedstrom,556726626000465921
onahunttoday,299387305154732032
leanaustralia,517948943163195392
tpitre19,268550628991725569
wwu_sre,467826247767437312
lombardaurel,566158009987239936
nwoje,469842922289242112
alliwelton,394559921359814657
winfriedsitte,343663793651466241
melodeego,377468249023463424
dahvid_e,519187364703657985
astrangepilgrim,519845618727268352
climatebabes,309307632009768960
qbacc,535227922639237122
leehiyona,401377316590596096
liamkhardy,545590753695911936
fsjradio,316258257276641280
cvanrood,566739416480104448
sustainucsd,279363248510345217
noniebatra,507040398527586304
safaaljayoussi,566202998167056389
mayboeve,520214442966261761
greengregdennis,566266822572650496
dianemann1,379718559699857408
tine_350,400645456050790401
dcdivest,413752037185421312
adoukas,439806444758925313
pieterbasedow,438867777756364800
350,535194048274104320
ragnhildfd,403103735662252032
tedenv,470087046355488769
renewablenrg14,533673966448021504
drrimmer,307262928317448192
nyudivest,523969881746964480
piawiket,360219613050572800
jayesty1,387766144435642368
johnniecham,569237495373701120
geowatchnet,299583876320329728
macdougall1165,551729600305577986
rockgem7,519900250656739328
micald32,405372508213616640
greeenguy111,531857144464023554
capinstitute,388012538723835904
alyjohnsonkurts,377082295133675520
informationriot,405288891680563200
kevinrussell,293417622702268417
curtisadlar,482187236000403456
palmboy4444,434465646298927104
350australia,521844559416811521
sydnets,386398532162187264
jonesdesign1,494983894278877184
toddgitlin,401735595501682688
tinaninabobina,532545294542831616
350australia,342839741558972417
morissa16,410922678795501569
greenpeacenotts,554642321711828992
justandstable,299329224773357568
benji_dw,531461626428657665
grassrootsearth,277160658712272896
melodeego,339106155043360768
iscool,566373012317155329
uoft350,531106615756591105
shoshblank,400406596888821760
unitysustain,319994796833910784
fossilfreeswe,505756482777124864
350bcn,564686428974899200
craigruark,366721166376828928
cipherhouse,556254500038529024
alumnifossilfre,399724206830911488
theearthnetwork,494988599851757568
stevecarlsson,455551164314963968
lindsaymeim14,527584099134087168
thejmc,462378514050605056
alliwelton,297440725921038337
k8droste,470617321103306752
lindsaymeim14,527509915599122432
albertfong,541602512533729280
self_storage_pr,568736582410375168
shoshblank,296345515405234177
350sv,428620154738462720
350nm,566374746103640064
ken_greenwood,569980843030151169
michimboden,399214128495349760
billmckibben,372538990533943297
greengregdennis,513433888929378304
dcdivest,374903975596032000
lescarbeau,362721119784427520
adropex,517949928018948097
myrthebaijens,393813020792467456
fentonlutun,566156633563078656
gofossilfree,530880991930228736
350australia,369995059669639169
kelseymech,530920872908165120
theliberalhart,449556254470725632
uoft350,532317899998765056
cynthiadellis2,352085839301443584
frackingreviews,506821315093733377
lizzymattiuzzi,311002434753421312
sandratrevena1,505400895891206144
peterkogg,471930832689844224
sophielasoff,400995987667574784
evanfeeney,564897532430397440
animamundi0,469824982416363520
jacqules,470731386425319424
huongtweets,342983235824918528
lgbtout,535132745874567168
greengregdennis,511661670780137473
uoft350,532318439033958400
mayboeve,389051717163429889
cousincat,462606685459062784
durabilitefeuo,560134801676828672
mayboeve,299557050277584897
divestgeneseo,408355227126235136
neweconomics,294164336090419200
kk_perry,531110892994572288
350,453717734669709313
pragmactivist99,514464494115127296
sandraanani,556567762945196032
celgs,560137372848103424
melodeego,376039962040213504
fairfinvzw,567055854734942208
greenerbytheday,561634234326978560
pandpsheffield,540564289044897792
ciarancurtis1,522764794940899329
ursbaum,342842553055453184
market_forces,519013726339358720
takvera,337382502782091266
pandpsheffield,557690856300617728
billharvey6,521123003505971200
zarnik,455047315855003648
soilnerdperez,444212172801851392
mcdo12358,544921308661026816
miriamdobson,566240702095716354
yanicktouchette,555107558512656385
newsinunclick,566921494069272576
blairpalese,342840104555008000
350nz,542116357513289728
mzfitzuk,514694375297658880
africaclimate,378638598872244224
alveykc,534347959828500480
350nz,528708846458400768
eco_melon,470220727103541248
pandpsheffield,545187890096271360
takvera,517942653749452802
duncanwrites,299327400339181568
anirvan,299397664175448064
katemcnaughton,520520345565298689
puppetbrown,290827537842581504
andrealoken,559839670650286081
takvera,517933039964680192
fossilfreeau,539517926177792000
cfsfcee,570630102389649409
vkloet,530890022921445377
martionthehill,462482353768910848
tuftsdivest,297460159620468736
rvmedia,402918498185134080
philaroneanu,294445782646542338
toronto350,301014889076510721
adoukas,390845948852592640
1111_castle,321289055834890240
brettfleishman,507571450748731393
endfossilfuel,294495663444594689
whimsicalrogue,532593437204561920
streetsofjoy,299563170803105793
il_cambiamento,565399071863898112
ckrosslowe,545200201208963073
energiedevlpmt,566156123112087552
timenash,531110885247684610
rupertrussell,433395850874597376
thewattwatcher,341850490277068800
adropex,462378400032624640
benphalan,541434871168499712
greengregdennis,555097047922401280
terrashiftus,537400082405285888
springerukliz,387498901651345408
manoloud,567284468873170945
rovanzon,532896463924527104
otpglobal,430734115705331712
350nm,453362562097106945
nyudivest,513682324937269248
melodeego,352084707535634433
peacelovevegan,462448072144850944
monica_anna_,548886843375116288
sjhyde,284370804785967105
healthy_climate,454398174979829760
otpglobal,455716522573299712
kplifeline,326933196136660993
jonesdesign1,494983824984772609
benji_dw,531119382068731904
robbbla,566632143829614592
calmmel,519651269179228160
peterahormann,496235461321318400
annerafferty2,505940796856496130
divesthaverford,293022997630025729
fossilfreeyale,306936696363163649
abergsasikter,471926622791020544
sas_robin,382386947651407872
ghoberg,305197583087853568
morissa16,357933953623142400
greenvocate,423830556464656384
mandel_dc,514153831840485376
worldschooler,299332414084354050
carp_ny,429812694074802176
sindark,532545606687162368
peterscarolien,566613406254653441
ericvdlinden,565812363895799808
divestsfu,313772950891409408
vwarheit,491381905757986816
charity_chatuk,562551917742948352
tom_swann,311785927263547392
edunipandp,566207837534433280
bum_logic,331201133760614401
shoshblank,344119102870265856
actionpete,496231699357786113
wenstephenson,315070056801390592
devynfromoregon,299324705230434304
danielmlien,387497994926321664
ganeshita,309305557565710337
jeffreylubell,426692696389193729
emma_biermann,387597092211785730
giddeygirl,462609124094533632
startsomegood,342855916145741824
camfenton,531519914398724096
petersergienko,367336806917742592
tine_350,404935059716583424
jenshansson,472665928900284416
kirstywho,436873358190182400
mademoiselleis1,469841879505592322
renewunsw,473984852228718592
robjhoward,531155483022077953
sustain_inc,314582968880492544
deliaridgecream,375446663848284160
dcdivest,376862680835194880
jussywack,432308659956113408
suaraclara,566340743401590784
mbinzolambert,531122593961885696
divestsfasu,299558292173246464
sarahemuffin,276529549913776128
wtdeniers,343866205112774656
takvera,465038216194576385
hasanrefaai,566234647202234368
vollegrond,458616524845350912
350nm,453954863290806272
mayboeve,449223973364973569
350australia,462376008369188864
shoupab,340963184745791488
erikjsch,504358560025686017
uoft350,532317080926699520
somerfossilfree,408622951127199744
liamkhardy,544980740023144449
chestersquarez,462488171230396416
justandstable,299326333836742658
kk_perry,531310251195523072
bromley_daniel,491025131146190848
wphendriks,540842601503793152
steve_evpx,431175348722491392
350nm,403287175120166913
benedictjoson,513874573432213504
margolu60,557672372481048579
350australia,462375533670445056
uuplanet,482968432363962368
sophiemeneguzzi,505304448181075968
alliwelton,386166298352173056
ragnhildfd,394923022966333440
corpdisclosalrt,487647448249032704
ccan,526742545909710851
pakdewind,490847979398385664
350australia,390038173117476864
danivigano,559014797459849216
jimrhiz,302726564880199680
wendyma01657127,462086363534221312
edclimate,566980959636291584
johnagraham,460096244866506752
divestdu,430520783895404544
johnlundin,494964566661795842
richard_nielsen,444648498231640064
johncrgallag,335443129220100096
fossilfreeyale,361911822451875840
patriciaelena11,453718460045209600
somerfossilfree,500465404494356480
cjgoogoo,390929937068466176
ccan,522026644429484033
350stevenspoint,457213540651126784
sarahjzardawi,453460589579218944
postmarxist,528709574589571072
otpglobal,455740610289229824
djinndjinni,566249652237135872
guardianeco,387497692458278912
callmegoldie,298957648743776256
mschellentrager,278660019665387521
350vermont,296689294859460608
downwithoil,373482047911641088
fossilfreemit,398915662434676736
benji_dw,532317900011360256
cleannergyphoto,520229404505821184
_bridgetjackson,461669773789499392
jackwilliamsaus,424301621426675712
divestharvard,371019354294333440
somerdivest,379981040464310273
ghoberg,524587790760046593
sarahspeakstome,405287738561540096
campusecology,299614887204749315
jonnymaurins,525750032960868352
tambria,401067371127111680
bilbulbabe,559911320410009600
fossilfreeunsw,523967482411765761
greengregdennis,393377769821716480
tonymarkham,462482796280152064
jocey70,346443170629951488
pepevog,423841061585170433
divestmcgill,531114082171371520
jjbrookes2,566227524947304448
remembrancedk,363061123941015552
350santabarbara,396653363070128128
remembrancedk,429653267912482817
peterscarolien,566607201985646592
fletchcm,434837109883809792
anjakolibri,566762885989138432
ecosystemdown,362732504844742656
julia_famularo,521752333836091392
fossilfreeuo,514162696065777664
fairquestions,554705661326413824
energyjutta,487642336466194433
greengregdennis,537017882706989056
karamari,398613485426188288
facultydivest,455038272155422720
majdzaghlan,566196013933666304
warmetruiendag,458647037555535872
beet_the_system,295221041117134848
adamwerbach,288814780402245632
branto,288887404943790080
jonesdesign1,494983848762310656
bustamaxwell,462380161141178368
sokolowicz,557674259120947200
neweconomics,294136805383622659
ecoforumorg,515970238811480064
dianemann1,341849254286983168
divestumw,527156035916931073
peterrothberg,309371000640909312
mta_divestment,531613506429521920
kublermdk,462548062687076352
ckrosslowe,461094714104905728
joerithijs,566634708583579648
saragassman,446324847577415680
neuroticjose,438891788938395648
350nm,454371070611451904
liamkhardy,557690995555729409
alumnifossilfre,519941074320900096
divestsfu,313773280886652928
evanfeeney,413425618001207296
enviro_writer,302867499978997761
fletchcm,446267472115924992
notarsands,531837767421272064
ecosystemdown,359364853275701249
peterscarolien,566664395120709633
toronto350,395998004601040896
fossilfreeuo,530901988792627201
charlielepaige,566662877025935360
camfenton,530878542478053376
mbowers13,317023741332824065
pandpsheffield,563307360224313345
ziggyziggyzomba,362375627585748992
deirdrecsmith,438772923365457920
anitapayne111,531177621917544448
sustainabhub,297175053966139392
carbontrouble,353541599181017088
jenshansson,560511344278249473
350australia,369429522967318528
mc68ec040,475703539625644032
calaurence,505255693419413504
unitysustain,290901990668648449
mishellshine,446330125215604736
shoshblank,344115381700538370
dcdivest,376845084870053888
jeffreylubell,426692327089135616
modditydodds,359975376946069504
creeclayton,530898701561376768
doraphasia,359351377127940096
koalarabies,463267042649731072
tariqhossein,559151905063321600
mc68ec040,469758732445155328
henryadamsuk,354174553716563968
fossilfree_uk,337812459253547009
camfenton,530881617603358720
troy_treebs,504477576316723200
dennis_lintz,566720576312868866
mikanonymousmtl,566739679945306112
kaityt18,565518005569073152
cousincat,462606711711203329
zackgold15,439485929464807425
albriziom,537152247436959744
uoft350,532923984619528192
agent350,299583439911395328
green__century,489809474417197056
emipeni,560832347160182785
fsannerud,539367574015074305
dan_addington,529166954213289984
muesli_man,433703812784615425
cmdgrosso,566387345386377216
policyngeco,557568678691340288
ahmednumen,548170129759289345
landscaping_aj,462863165857210368
strategysense,565595631969120259
stopkxl,344630359612334080
endfossilfuel,294591283358482432
bevhenwood,565381536581947398
colinbroadfoot,387506521367527424
jerushko,565891227665838080
benphalan,550078600183955457
steventrox50,502638839907643392
350nyc,461134026737483776
nonenergieest,531133416209940480
billmckibben,403287719465717760
catwoman1979,566740549689176064
kelseymech,531559686341160961
pandpsheffield,537016315262033920
jerushko,565891007368404992
rl_miller,363061240131620864
climatebabes,462841784738271232
columbansuk,396322964666597376
edunipandp,566535023403491328
remembrancedk,405517668553203713
lindsaymeim14,536995748118683648
fabiotemporiti,565914643412316160
_martinholland,475324507259822080
rainbowtiger21,498635083927281664
ebonyangel529,535632168421425153
robbbla,566594496637706242
hannahnannna,290617143165329410
timhaarlem,340069218575843328
reginacowles,537002644959535105
fletchcm,411519333933023232
divesthaverford,321258083831668736
350loudoun,566062152323432450
collinrees,391085296311234560
gdrnorminton,401461563808550912
350mass,370943168415801344
itisup2usnow,462365875677306880
alienneighbor,405287776801021952
coaltruths,316932427073339393
toronto350,535192562861355008
positivelyjoan,394690166125649921
bluewren14,498433485938229248
emotiondoc,393503152156446720
youngoretweet,401391031574605824
350europe,566566513143214080
onahunttoday,294521469977890817
nyusjp,513771914666332160
oliveridley,296343932491685888
qbacc,535235328488251392
columbansuk,396377516480679936
jarrapin,563561493979881473
sun09re,535197725865046016
tranfin,392678007095435264
johnpierceix,535506910636544000
itsanewday2day,510221630509830144
edunipandp,569886344572477441
jewelztrinity,456337576010334208
collinrees,447141745638526976
fletchcm,437238074104639488
philaroneanu,426567099579129856
jgjrussell1,566810606657732608
sustainabhub,303554185230704642
itisup2usnow,390056490536427520
divestdenison,448503010030002177
remembrancedk,364793096891940865
fossilfreeuu,470911163426160640
cwulff,482955854426038273
thewillofwill,306570346851622913
jolettac,566375946060824576
frackingreviews,519477911112278016
350australia,355680468219346944
aleckaspero,557027010963603456
stylecarpet,401316791794008064
greencapitaltec,347247374156046336
trillionfund,507537340504739840
fossilfreeswe,469829367577968640
peopleandplanet,392711274519601152
olemissliberal,387511232762507264
swh1pple,300376381576052736
markplackett1,462043845174120448
sailsmart,551717177632763904
ajhalpin,471635991065677824
andrewsudmant,387498373676548096
mpgarza2012,494983441931571200
bulga_lives,565379821564600321
edunipandp,566213005017636864
drtucker,362718500151767041
bilanarte,530880191292530689
sustainabhub,303187851670061056
divestclaremont,372430796365131776
caitmomo,566365274547716097
mimiwinther,405392123673198592
melmattauch,495134567578480640
revfredsmall,351290438348587008
uncleboer,353662973799170049
350nm,402896269330223104
sustainabhub,299358440353042432
greengregdennis,457185768847339520
decibellevel,405288890204184576
fossilfreeyale,360429489823559682
worldschooler,297447902450679808
remembrancedk,429733107390902272
pruwawn,463269322463264768
350mass,500465480197767168
tomaslezcanovlc,394850705007476736
nyudivest,368762329690685440
morissa16,386746932271382528
debichan,435249509841391617
helsenheimer,462375493530959872
voicesoutside,534341802695081984
bum_logic,333935959596994560
thewellbag,532165137965535232
dcdivest,412375286786056192
climate911,542856130566041602
benji_dw,535132743160852480
impact_matters,387561673076125696
mikejamesshaw,461205315426734083
morissa16,419560156691582976
dcdivest,387240971714723840
devynfromoregon,296448454249562115
350ottawa,532545534914220032
decisionlab,419236655879294977
350australia,371215717804167169
kdil,276865558677434368
emmajackson57,531114795819601920
laurenlatour,531107047295954944
verego,327473379378606080
carsinogenic,453719348771708928
revellyrobinson,455958065108357120
tenneynaumer,403606468810637312
erose001,453726338629656576
edclimate,541598193897971713
bylongmining,462483818230734848
mayboeve,461133226858512384
dcdivest,380393428259184640
nirakaram,274576233059213312
nrgtransition,387505208039063552
lkchant119,556112213749293056
renlouwho,290621924193751041
nielstaes,568737915632812033
pgarg008,491018282183319552
fossilfreecan,317030013125931010
melodeego,377436367628042240
rucanterbury,468869440864415744
endowmentethics,309384812576260096
helencox85,446402095898308608
350australia,342838476498141184
delwynd1,566725788280430592
chloemaxmin,409751131829854208
jennyg_24,467740382672207872
kwodel,366727666298126338
lorainebarra,570893411483566080
jrvizcarro,564693478131904512
ukyccdelegation,401377662364434432
greenhaze,369430595069558784
vnrcorg,296690057362952192
00mascha,567251790606123008
tara_jclarke,396388052656226304
morissa16,411709600870572032
auzziesouth,434837387835756544
morissa16,455038278069022720
350santabarbara,387381495561609216
endowmentethics,296371693386076160
phil_atkinson,505257637902970880
99percentpurenz,359955600588812289
gogreenhbcus,420538237892194304
toronto350,311886512528691200
crloftin,274278737326006272
jackthelad1947,436864497064505345
gsellw,442116930430701568
audreygueudet,405288069232070656
fossilfreeanu,311683097995403264
fossilfreemit,391360900386803712
steventrox50,502509501782958082
senatormilne,462825697736523776
mayboeve,451753012764377088
fsjradio,316253171766935552
myrthebaijens,290055626531418112
fletchcm,423637178544320512
fossilfreeanu,306201323085385728
vince_emily,540576818466947072
energyaction,412955999050678272
jazrum,420519017632505856
imataafa_,512086355782811648
indyact,566203601295376385
enviro_writer,297354999162347522
divestmcgill,531110195951595520
carbontrouble,405397961330274304
eco_age,360027979788722176
daviswinslow,443977333951565824
fossilfree_uk,519936345733873664
fletchcm,452147568836100096
katherinnon,462467955138121728
shoshblank,307203046063083520
unicornkisses,496248443359080448
350van,316234709279576064
dianemann1,362703846063095810
rickconroy,520717979793637377
labofii,566601517013016578
lastblueswan,532591037500624896
benpowless,530886389886615552
sustainsystems,410938203227447296
alyjohnsonkurts,377080229313138688
johnabbe,495631158873292801
kevinrussell,299910267586887680
dcdivest,366547365483642880
ilaria_bertini,389752540805357568
marlavagts,367490237527642112
edclimate,544626129437741056
timbrown13,462505510168571906
theearthnetwork,429658260124479488
shawnhuckaby,275147732681883648
_ms_sue,566814596686569472
roman_gugger,399183187039227904
adoukas,566379984726790146
nyudivest,366657926124929024
remembrancedk,431632388796334081
green_trentu,433731189090684929
gumsaint,497583023584342016
evanfeeney,390844958740983808
endfossilfuel,311090065096994816
jeffgazzard,470613431675265024
fossilfreeunsw,471167362566074369
jayesty1,456080803395428352
ilaria_bertini,382789831178219521
billmckibben,278211271831195648
jambot3k,343451825476886528
thebargaintitch,521286814280478720
nyudivest,303962930423156736
divestclaremont,356960583578431489
divestsfasu,303205957759021057
charlielepaige,567082272244109312
toronto350,532698120027525120
seaprod100,387515816133947392
benji_dw,532317300683071489
losinghand,328895316495589379
mayboeve,398194748634451970
350australia,461758118263664640
thejem13,387551978122772480
downwithoil,370253537793421312
kfitzfitz,361213178421575682
ibizzee,470613301278552065
dcdivest,436936830718869504
cloudscreek,565452387968888834
psychamuse,431921565412761600
rustygreen59,494963784734507008
nyudivest,343742733132910592
maria_mikhailas,453755428699000832
365eko,471923077463289856
jerushko,565890530392145920
sustainableutsu,531994861558181889
humancoral,364742380672397312
tuftsdivest,299328517743734785
interocc,566716715375931394
itisup2usnow,434519427413839872
julietschor,520569882015182848
fletchcm,429297475690958848
gizkuytu,566738548301520897
pantheralyxx,376744832405749760
fossielvrij,469765695895781376
350australia,523942371159851008
350,566375043266269186
evanfeeney,431237302573346817
peterscarolien,566586478533541888
ken_greenwood,568100885852782593
wtkratz,276585674210160640
ceebankwatch,405291474746888192
hugojp13,557567998446538752
divestmcgill,531110894202544128
ej4573,343646280989425665
annettegerdstro,566746823499735041
billmckibben,494982900660850688
rick_herron,278633546166435841
extrahera,558007393981059073
wrathymarcel,294535496430919680
risingtidevt,315190790362116096
edclimate,552660793712713728
shirley_marsh,506606561767079936
mc68ec040,508550169613197313
tomasfriedhoff,458676018287763456
jeannepunita,448434099238088704
bcfossilfree,392687780037275648
ubcc350,296343370102620161
greengregdennis,566329987666821120
willcaulfield,276708683835117569
elysiapetrone,324910140560130048
safaaljayoussi,566201423201697792
tom_swann,309087272999981057
vefessh,379663379226316801
divestharvard,398912027327868928
ivanfukuoka,550477874545688577
candicebernd,299326770547679232
green_living1,508836503766581248
englobalnewsus,575889535504138240
jonesdesign1,494983722945740801
climatecounts,299344612252864512
sightline,289861070980542465
fossilfreelynx,524742524976779264
evanfeeney,390845558228660224
_cathlucas,497589193086742528
gufossilfree,556107913165799424
megabowers,475052430401363968
fossilfreemn,350339338795626496
divestclaremont,408644139102650368
gnyrfta,538857456630521857
jocey70,356966029798289409
350colorado,537804718094180352
alumnifossilfre,399384194235002882
rgpillay,566317153805430785
dcdivest,448976524382060546
earnmallee,453723713637081088
lexgwac,359968407677972480
ideasarchitect,302199794837880832
fabiotemporiti,566338615048171520
stovies40,462612283378503680
lelandcheung,367257982221819904
saragassman,449004577225183233
tassiedinamo,453851634301300736
granvillegreens,571149556819189761
donbarthel,339160688033423361
supermiljoblogg,471922911721189376
renlouwho,297173385182584832
pandpsheffield,530367190617579521
mayboeve,552552546980876291
srcenvirooffice,473983703513722882
takvera,471627957971066881
xaipe3,456044967605985280
annjeong91,506675093481615361
stephenmarkley,278245426375827457
revyearwood,401841107903864832
divestwpi,299336275301908481
empathynow,411496414078713856
collinrees,449223993409933312
tom_swann,519282352489369601
mg81992,288814471504330752
fossielvrijnl,560399583143288832
braveryishere,347246847074656257
blairpalese,356018165169401856
benji_dw,532324335067754497
reinvestearlham,321269112502370304
takvera,471643984368910336
melmattauch,469758066888826880
kathryn_soven,357229002156556288
shareactionuk,566583397913731073
unitysustain,303966104055865345
klimaz,508843799708061696
fairfinvzw,567204757786607617
phil_ortiz,451727907346735104
bum_logic,331221906751631360
s1ezzard,299740537014063104
bum_logic,331215485523881986
shoshblank,276353777320206336
edfoff,328834930891186176
jonesdesign1,494984231542849536
ormiga,302311564055281664
colbyrenewable,293103223559049216
existais,403910828170440704
heikkisairanen,387855894794743808
rulesofgreen,327394597166784512
swdevakalimba,496580612178726912
fletchcm,422843815737978880
hiphoptc,401848311357116416
fsannerud,531885089375141888
maryewarren,351872095598288896
climatechangeoh,383055221250732033
braveryishere,347246868587229186
andwcampbell,344804487141150720
sustainabhub,314568211284758528
maxtcrema,461202434254467072
frescolicense,566633958654234626
350_pdx,361212931955900416
writeobsessed,496403468605587456
remembrancedk,350480030738034688
esgtechnologies,464101983939751936
hronn_gudmunds,568535092169023488
fossilfreeuo,377832134674616320
parkerewb,461599940117282816
justpeachijo,462482211325763584
shutdownvy,315186197184012288
carbontrouble,405397255517396992
grassrootsearth,286005118439141376
nirakaram,279290289171075073
johnstonellie,569952257208418304
catalinavh,560413341647392768
anothergreen,529668769011232768
edclimate,566977349397544962
aspenemptynest,455082712093564928
uoft350,531298979037052929
fossielvrijnl,559319418812260352
joonakallio,326913275189133313
divestclaremont,451517527286226944
raycerx58,292040304448659457
evanfeeney,448980737333923840
onahunttoday,299385014804676609
turnermelodie12,566416759939289088
nrcars,431239995974639616
divestmentnepal,566638364875427840
grassrootsearth,277068891438583808
nadgreenpower,433487106422611968
edunipandp,566219481861857281
greengregdennis,533254819692433409
fossilfreesa,532144762166710272
nisllp,566760777395494912
divestclaremont,455077317962784770
mekmekje,398024590485909504
otpglobal,410418495919112192
climatenewsnz,528780821906198528
350nz,530182086909386752
shoshblank,344113771872124928
philaroneanu,542747219397324800
kellyrigg,342848590374387713
pipsterb,566748350070784001
ineeshadvs,275444400052662273
carrowestblom,532106417826971648
ineeshadvs,567404284715614208
johnlinstrom,524764523371433984
thoriumfuture,566029105343504386
sallijaneg,482161058304757760
srcenvirooffice,471167467079737344
chrisjriedy,431025617899761665
dorothyskrytek,542748122326503424
sundarbans_sos,549572515320696833
pcamachobotero,403304534748848128
lizzyfox12,334058273458229248
unitysustain,302125740546215936
stefmama,494954771804344320
rebootingfuture,283019743168970752
uoft350,531459916264124416
camfenton,530890080395997185
fossilfreecan,530881625153101825
helsenheimer,462767715006955520
healthy_climate,454398125323472896
adropex,517950249935982593
mnemosynesonnet,566747290803920896
jayesty1,461231890792329216
divestwpi,299335926679740419
fossilfreeuo,516735396131393536
350santabarbara,424275337602539521
curtisadlar,482955395229814784
occupybankers,462950884507254785
alliwelton,299328110371950592
kb_leecaster,554671097774231552
renlouwho,293966783025664002
anniesuttle,387798968014356480
methioveg,433966926868381698
beingwherenow,566322635882369025
billmckibben,298803459640131585
alexshoor,514099048517627904
nyudivest,379063350551785473
steve_e,570716293655072768
aitch_el,462436901010407425
duffernutter,502881250617864193
bum_logic,331207027294621696
alliwelton,299326055548846080
dianemann1,362704523778727937
electricista545,566400123966464002
sophiemeneguzzi,468342262435291137
kelsey_ej,519498620274749440
uoft350,530945617779232768
benji_dw,531298978894475264
lexy_scott,390083859645083648
ecosystemdown,353276839256535040
kathuman,408727974109007872
seandelakaza,558072143263834112
edclimate,546650790849708032
shoshblank,286551936054988801
bettybeekeeper,338154357902159872
emma_tomkinson,517951894632038401
ccan,535549650057838592
amman,566202191929950208
350australia,494717906475696129
divestclaremont,372432316682862592
connectisl,563538226715963394
divestclaremont,383020225408417793
huongtweets,342983622208389120
ckrosslowe,563306209412128768
gian_tcatt,566288121441320963
kasey_mk,482969157353611264
bitchbusan,469818176206045184
pandpsheffield,544980655721807873
emma_biermann,387527799688273921
stowassersandra,559914645218029568
nadgreenpower,299426935879122944
caterinaconti,369438595624366080
350australia,517943192306475009
alliwelton,299326639739899904
stu_pot2,519286570751647744
kateausburn,462480253529509889
ar7za,336963497583841280
timbrown13,462519058177351680
edclimate,560772199347675136
arbitraryword,283512245185564673
350europe,552072890813005824
jtaylorvt,314742703097266176
mwforhr,277411433946419201
noisser_ped,373605490724319232
lindsaymeim14,529296698771001344
lindsaymeim14,540595345265532929
hannahmiller215,537044111656640512
sepponet,552972577619345411
yongjungc,453627329399373825
wilsonrdavid,566720143880097792
anonyoga,405287535817285632
divestclaremont,455037188485292032
uoft350,531114884004843521
plantzz,436284306638766080
remembrancedk,401457857301737473
350bellingham,309900342093553664
patriciaelena11,274225612137320449
ecoholicnation,322378236409548800
ukyccdelegation,401389685856944129
sainsely,451588409199321088
joelgvt,314742788375851009
thetcsa,433734050721697792
anelysemw,532601540184637440
350earth,478154612860805120
gerowyn56,513913486137499650
fossilfreeuo,426400755977682945
onahunttoday,292803730661851136
gofossilfree,294446011340963841
mc_chesney,456867506255175680
marcleeccpa,305379571497328640
ccan,535947503804248064
tine_350,380333713466204160
lawbibliophile,405304831184613376
cleanairmoms_dc,566216964067303424
cloudscreek,559901072941010944
mwforhr,276701622485262336
kelsey_ej,516736874761977856
fossilfreecan,450979862166380544
divestdal,530882058382766081
enviro_al,435076138516234240
jonesdesign1,494984091734126594
benphalan,566711929607962624
fsannerud,555775190630957056
mattoakland,458682519878373376
sadha_bhahar,566639635598544897
350santabarbara,387272002261618689
vwarheit,560872060369371136
sadha_bhahar,566804886763732992
alexcguest,451020268471742464
vtenergyatlas,314741229944446976
erinlocker,294475923263193089
fossilfreeswe,469817616090267649
somerfossilfree,510879029877309440
fossilfreecan,530897894501789696
steventrox50,545242475712233472
winfriedsitte,339533134225879041
osu_set,434152750599794688
duffernutter,296449546500837376
peterscarolien,566663379440656386
divestclaremont,382356443132731393
sara_shor,334075201769844736
greengregdennis,395681211000967168
jayesty1,461237086515765248
fossilfreeuo,530898199176024064
jfoster,410087769721950208
mbowers13,326812104143298562
karinlindroth,566818100964630529
ccan,517011207148953600
detous,566756094316273664
350mass,377451287962734592
sustainabhub,334316422551441408
h_ynes,481192783295025152
divesttulane,408337327618916352
nyudivest,350338955314597888
josiemclean,278223280563957760
drsreform,462400881074270208
notpicnic,298796847403786240
samushighwind,455030833729241089
abdelrahmang,566222062147366912
sun09re,532590824325152770
sustainabhub,296477602925920258
jospangaro,496264112670650368
stf18,340663424574955520
somerfossilfree,436241132121759744
philaroneanu,299564251830435840
brianchobby,430988982545940480
dcdivest,564891722052681728
greengregdennis,482586995764789248
carrowestblom,469839049499631617
jameszarindast,403566221745860608
awilliamsnu,524720973585874944
sheariester,403289390723923968
liamkhardy,466966615574478848
toddburton1,507360501920059392
fossilfreeswe,469827315716075520
liamkhardy,559739319880286208
the_rumpus,278308309658902528
cluttercoco,300420038349950977
endowmentethics,376434136124108800
mandel_dc,439818656831516672
climatechangeoh,327218603814436864
alyjohnsonkurts,566330338113114112
remembrancedk,362716393650659329
mrwimverbeke,391185830607196161
501cit,304971188709498880
melodeego,328898937857646592
wenstephenson,299368773952077824
jonesdesign1,494983994749231104
aishasoasis,555431334991396865
deenyc,431165584961585152
baubo60,434806523672289280
greengregdennis,456853774162616320
duffernutter,346965511176851456
mumdaze,473988521611370497
triplepundit,556564990313127936
rastkoi,568845785544183808
fossilfree_uk,469827852276609025
harveymolloy,528719325310369792
jonesdesign1,494984197669650432
ken_greenwood,565926650760953856
nickosbaldiston,469831120490876929
hsaldert,507864505746214914
betterfuturepro,520567986621808640
divestmcgill,531107006292434944
chrisito88,567057175357296640
divestcolby,293103860690608128
grassrootsearth,277087898766020610
uoft350,531087014075310080
ofigofficial,394942523568705536
carolyncbarthel,532604140745396224
rwwatchma,378218925495816193
remembrancedk,385911930927329280
aishasoasis,494995859734401024
arielbrunner,405288719575711745
beccakram,531484188541984768
downwithoil,370252082407669760
kmgutierrez9,586573832229486592
takvera,355622650359463936
drawing__board,530901502395965440
danielisler1,540817073090211841
candicebernd,419570311927844865
cleanairmoms_dc,565627743409537030
adropex,511298652778668033
suitpossum,565824695262789632
citizensclimate,405382171525140481
vtinterocc,314017437651714048
danjube,299328919985852417
benji_dw,532320542536110084
sustainabhub,300312148104601600
kg2700308,387589457362554880
mayboeve,309303100307546112
fletchcm,422843290040676354
cluttercoco,300419334721925120
benji_dw,532923984753737729
louisacasson,434297927880937472
steventrox50,556492618608431105
jaimels07,276358741044121600
rucanterbury,458627764720238592
hashtagclimate,564992605956493314
uoft350,531105280093069312
deirdrecsmith,495008107563454464
phantomweeder,562459964132687872
sustainableutsu,531117679542034432
greengregdennis,422878582201782272
drs_wa,462402252892692480
jpgallant,300416993096499200
confinilabili,563326102991826944
divesthaverford,290527934924587009
fletchcm,443495911168425984
jamesroberts34,532698286667612160
bndjapan,554825662570041345
sarahjfisk,467317624573919232
walkerbristol,297153092728807426
lconstant,400264298791829504
sarahgilbert,278309272889204737
vwarheit,565750787632926720
edunipandp,566208946126725120
elysiapetrone,305752358284034049
guyed21,565081228408553472
ccan,539517840412250113
350australia,491013380077916161
benji_dw,531459916050210817
88cca,568164382124810240
brunowaters,562095252295520257
adoukas,431232573306834944
brettfleishman,520253497879429120
fossielvrij,469764779943665665
mhcdivest,321661107712442368
shoshblank,295998608283688960
piedmontenviron,566340472302755842
divesthaverford,324984051150766080
mayboeve,346343934563344384
divestunh,297468036905050113
dcdivest,451081617981718528
tine_350,380646246467112961
camfenton,531116479022780418
jcvalentine,530777099368689664
frescolicense,566627389548285952
cmaric39,463193372552073216
principium_imp,387992882105171968
danielisler1,535853231998763009
uikforever,405341321298468865
josselynne01,566747149564928000
tomrand,387512238313320448
gofossilfree,455064882161795073
wsewgobind,566861570790391809
rejen007,566235259348729856
coaltopia,302041744604811264
telstrasuper,508765921872068608
moveyourmoneyuk,540498280925237251
divestclaremont,455050685323546624
climatesilence,362372768060289025
camfenton,366667551125676032
leslyepenticoff,326810544831086592
jonesdesign1,494983921223102464
etopianewsnow,348618971433541632
jellyfishproj,565215118938501120
bobbyhertz,565313720096923651
envwaterloo,443478111905402881
stephemerrill,300394007287197696
chrisito88,566693826593816577
pandpsheffield,554707906789392384
leehiyona,297446274385461248
lindsaymeim14,530373318697054210
arianepsom,462079041550696449
collegeatlantic,311849850339733505
tutusntinyhats,350748312317595648
morissa16,407586379728576512
dukana2,563625981311979520
elliesheep93,455077966142513152
funkypenzz,453778706066972672
edunipandp,567395550241505281
edunipandp,566224273053081600
griffinsdivest,307325945570795520
samwwf,405287854051708928
greenhedges1,306663347489755136
0ccupynewmexico,453760593766273024
tomjacobs_psmag,311589814451437569
pegmitchell1,487643636843048960
sustainsystems,405543702124183552
wion,470719875891990528
clarissalt21,569562335230038016
jenn976,471166000797597697
peopleandplanet,401461141932879873
eco_melon,470617421288857600
durabilitefeuo,474204285165502464
malmckelvie,456321165179379712
bxclimateaction,440704453574791168
aaronpackard,359333870472134656
jessepettibone,461220450501005312
youthforclimate,289058985007529984
yaleglobal,521752260720611328
revyearwood,461135397578240001
fossilfreeswe,380431536731873280
corenewable,567702273510211584
filmunit,466978726035873792
cosmicrami,341850489534676992
nvngorgulu,566202376592576513
margolu60,557672303899983873
cloudscreek,556254295582965760
nyudivest,523891885744857089
davidnoble,539620942801301504
dcdivest,410855369649713152
benji_dw,532320010304114688
endelevu,365565720806952960
alumnifossilfre,414066546605305856
jsmith_ofa,402833267650334720
drrimmer,343645711616843776
unitysustain,326432093871673346
zanukah,463261229780197376
fossilfreeuo,530870525548310528
orach24463_cj,586940535425732608
benji_dw,531461879055810560
mskaterobin,454774141422284800
jocey70,443239610210979840
roseattalla,508938231329869825
markplackett1,387520600903675904
modditydodds,386398228314214400
akg78001,570733918925791232
350mass,376365417096572928
enviroaction,392299774898356224
fossilfri,394893093914546176
alicewtw,461854539847442433
carbontrouble,325335276824170497
kirschnernicole,268845707702706177
kylieschultz14,304263765631856640
bluewren14,522329711553155072
gygeorg,517754725287358464
350australia,342842188679487489
divestclaremont,406610791987572737
mmmeggielou,444684941863837696
janniestaffanss,534629151257665537
emotiondoc,277245174202118144
topiwapiwaxifan,567681874974502912
aaee_act,517990135892541440
alinaboling,407867102138499072
stopcoalexports,523655666699759617
timrread,462820408647905281
onewengland,314016867524165633
earthhope2100,367471993731284992
takvera,324800035193769984
eagle3300,411957022553157632
spacedogradio,453532359988490240
risingtidevt,313742668603727873
nickystubbs2,374532888009924608
antoniajuhasz,288811781160333314
eride77,566738551346585600
remembrancedk,359350150851854337
somerfossilfree,390938474146041856
unitysustain,302157171309805568
350nm,269443580337213440
nyudivest,401015295784914944
itisup2usnow,436872141611339776
edclimate,566595529212452865
rzubi,566236319416713217
beet_the_system,329033074014822400
planetkooler,387506456146485248
neorganics,390929575074476032
sheariester,296010772914515968
blairpalese,343865120591593472
lilydempster,529460308398460930
renlouwho,285063955989270529
stconnectnz,474078080667906049
callmegoldie,299956283837140992
mhzillustration,482949939706597376
edboydell,431030840642904064
jfoster,424246391766929408
duffernutter,316932433100546050
soilnerdperez,443826098695335936
divestmcgill,531114915957067776
drrimmer,341893803524898816
myrceugenia,299365120264531968
royclaassen,490849150444265472
carboncoach,386398975525277696
madelonwillems1,453749341232955392
curtisadlar,481876302677671937
casepet,398057220996608000
andwcampbell,455965107755827200
lindsaymeim14,538786445461184512
sharonsrose13,495026283059757058
megabowers,516744091522957312
dcdivest,391207156797947904
jonesdesign1,494984060343951361
janetopaz,444633955644370944
danieljkessler,372962486024040448
philiptsimpson,376797815667576832
evanfeeney,535837910168518657
_renke,326608399062167552
worldschooler,299324102429270016
camfenton,294448810883690497
cook_esther,566717610251657217
lamenaknight,566376381764747264
misky2010,374856623631892480
laurenlavittnyc,288819682750889984
eliseshulman,555460091538046976
eatmoveact,341892749148184576
nikolaskhoury,566518271705636865
greengregdennis,460912116254261248
chloemaxmin,398918332188868609
dcdivest,381076790162505728
seonacandy,462043776978911232
fossilfreeuo,530903916071124992
dcdivest,380710609513635840
josh_sheppard10,441339846364123136
hazrobert,521845441235668992
rl_miller,279996241876750336
onlynuman,495263429335465985
duffernutter,343041557634625537
kathco50,372611712660168705
margaretcampb10,299049148538294273
scrippscollege,372747324457762816
lgbtout,542381134341218304
lindsaymeim14,530759899161329664
nyudivest,341921031432323072
ccan,484343453178789888
sarakwon_,464076150889672704
charlielepaige,566558028703735808
guyed21,565081148888727552
_leolover74,566837711257231360
sfhomeless,378998389028839424
ecosystemdown,360034014469435393
aheartwell,293905551459491840
suziesheoak,504906293417480192
fagforbundetung,403104683029700608
chriswaterguy,444665709860114432
sustainabhub,307573929256579072
eligerzon,376057025522065409
frackattack1,383047312886358018
billgriffith1,299686871724867585
fossilfreemit,392786827867721729
nyudivest,350600950928523264
dcgeoconsortium,469212828273246208
mwforhr,277409911154040836
onahunttoday,303554361529880576
monica_anna_,553559747962863616
sasslovestrees,535776124283146240
bobbyhertz,565204808941182976
lisetmeddens,458889570709692416
mta_divestment,531095191248461824
charlenequiller,564539060400951296
somerdivest,370187939944222720
evanfeeney,557732770165055488
fossilfreecan,530877078015864832
rr_redpath,396388365119262720
oecan_,566889650581950464
pcamachobotero,383654060500336640
tom_swann,306201440001597440
harounkola,405356914483412992
danaqueen69,543152047109849088
andrewbradleyhc,462434417567207427
350mass,392734453224984576
basham8888,556000008516800513
pvgustafsson,469758015965769728
busquedajess,461600861924638721
s1ezzard,299735967483437056
benji_dw,532318438937460736
thirzehermans,469912196517232641
anamilosevic7,505287535052877824
unitysustain,360105159382155265
divestclaremont,396680660313579520
350australia,441336775663824896
fossilfreeswe,379817410628313088
atrem91,530903795715563520
dcdivest,412710057672212480
dcdivest,404004364710584320
leehiyona,390973024360734720
divestmcgill,531603824037732353
fossilfreeuo,564592520609271810
kk_perry,531107006296629249
melodeego,321362307307421697
uoft350,532314501790449664
busquedajess,461599510813503488
divesttulane,350339568660254721
sfmclernon,531490923214307329
adeyemitadese,566519835350540288
alfy_88,461686314371276800
jimantal,532588640799821824
studentsdivest,289817752758276096
lacostevenson,522266796045246464
klimastudenter,394896281052930048
fossilfreeswe,469832157041803264
verego,327458201425555456
benji_dw,530946589930831872
ken_greenwood,570577227680768000
wilsonvoight,455540846624899073
tutusntinyhats,376744739644514305
steventrox50,542389313703788544
cleanairmoms_dc,566329096142331904
romaosan,566705132361252864
tehboogeyman,462399166266626048
uoft350,532317300683067392
timenash,531110826036719616
divestdenison,449556140897345536
markvasu,299324531925983232
ukyccdelegation,401377187690868736
morissa16,458283697960013825
benphalan,542766795266850816
enviro_al,524449532881297408
bioleux,566739635502862337
pantheralyxx,376745032495022080
edclimate,562049756319735810
lolostudent,519894421756989441
nandauganda,338015953805774848
carlosrittl,299329569368965123
implowshun,327092427066314752
koontz205,531608454679781376
bum_logic,331221021388591104
frankcarnibella,401378678505873408
jonesdesign1,494984035673063425
eagle3300,411957782800125952
lindsaymeim14,539874927978229760
jaigoulding,522275667522502657
rarakittychan,447184251067183104
beat__the__heat,556121332380086272
alliwelton,299324609541582849
p_aulina,478540841389416448
ecopassport,277219822562074625
uoft350,532320542590636035
pandpsheffield,545179839930830848
sfsudivestment,343477996897841155
olivialinander,409987498656292864
toddgitlin,393848933828395009
saffok1,496206390491222016
fossilfreemit,377496119606902784
mayboeve,281404573829169152
divestclaremont,455066670243921921
bryan_field15,462398813718589440
sagastumeeddy,566376312630018048
crowcat,434122223167614976
environmenttv,316932436279836672
takvera,511297346731134976
_emmagorman,434880449580519426
eagle3300,411957050734698496
tzeporah,508840554999078912
toronto350,532586308313829376
cabtastrophe,505489637196849152
johncrgallag,335455408472850433
sfsuecostudents,343478070453354497
raw_delights,462453331277795328
350australia,344280671751135233
350vermont,401059395787714560
watchdogsniffer,568800063004090368
burycoal,535192732705505280
maayanster,532592105835991040
sasslovestrees,421390622843338752
benphalan,541433337743568897
ccan,534339437485117440
350nm,464084224039874563
divestclaremont,459756820425232384
divestclaremont,472445380148215808
benji_dw,541016053380558848
drrimmer,462406577631150080
dcdivest,413480171220774912
eligerzon,363369641755680769
wenstephenson,470617513358024705
350,566714005620666369
juliecupples79,461206167910637568
renewunsw,471167513426817024
marisadownunder,341847394226425856
carlene65hzq,297469515367858176
hallnjean,453532594374590465
divestharvard,367313665566846976
divesthaverford,295593909780881408
cloudscreek,555647310927888384
somerfossilfree,428926290029076480
divestmentnepal,566553830351831040
jimmyhuiquincy,524752383822532608
wenstephenson,294135443623120897
majdzaghlan,565124170485219329
curlewkj,465931689404153856
ghoberg,276388080162861056
350australia,351288705329274881
apeethaa,461991409457704960
julieeichorn,401843092308762624
350nm,566310831105658880
marcvegan,566375096886263808
divestclaremont,384412464776892416
shanalidac,547737994053304320
scotmackri,340084857596157952
ccan,537336465529655297
alliwelton,297439675495362560
uoft350,532312026870079489
luzdelamor,322494542936932353
blairpalese,342841954754764801
senatormilne,362720026677092355
coupalr,586499272461262848
vwarheit,462974799795343360
calssc,325004473699287040
divestharvard,338014270702891008
melissaannek,449081829220315136
alex_veets,460644635182759936
eussps,566318539016269825
matthewmcpike,565898617454878720
fossilfreeuo,443144413129089024
alliwelton,376424754875346945
johnlward010,496313684839235584
tasolomon6,326109408633438208
bea198,519810627574202368
daz9162,506291390121140224
kk_perry,531309569923117057
jezmans,302235820033708032
stardustau,520367312449196034
350mass,412956360729690112
nantuckeith,461652257184825344
nyudivest,346272345301852160
gabriellearkett,519188642406096896
grassrootsearth,277115368986775552
evanfeeney,401862753297920000
pearlofclovelly,362725428999372800
untoldcarlisle,448976845011447808
kk_perry,509458448207974400
karlharder,514868330600341504
fossilfreede,380645821605093376
ecowatch,351845602138660864
robot_ranger,542129943908343810
mayboeve,396391949818531840
dcdivest,410839495127621635
devynfromoregon,299329273133690881
lisetmeddens,456821697656537088
smilecityblue,519462372293898240
rudivested,461714740113571841
peter31232726,570621351066796032
learnsolidarity,535271286092886017
theearthnetwork,494988600459923456
onahunttoday,461925672693149697
jessepettibone,421394287268343808
justandstable,295738120232660992
tychoferf,469856391210225664
endowmentinst,309368027487547392
climatenewsnz,542116483438895107
janetturpinmyer,327138069214019586
remembrancedk,366262530865233920
billmckibben,299355922688532480
edunipandp,566207067086929920
divestclaremont,416321228299726848
earthisland,325024509449076736
endfossilfuel,294496296738381824
danieljkessler,387350068933562369
n0rth32frunner,461622688390205442
oikoumene,468298978480914432
kylieschultz14,303687513988542464
dtporge,405288660901564416
benji_dw,531118041871175680
matthewisles,294497569013395456
aishasoasis,495001512402108419
jaigoulding,444694392410894336
ikramhd,519206112114245633
melodeego,365927078484381699
unitysustain,307564357758353409
netwisue,494984970188763141
nwoje,566289297998098432
melodeego,334053164410105856
beingwherenow,566033395160219648
bum_logic,331209450243379200
katmerican,461210346465005568
jocey70,347240874935197696
angelasr23,462398895624957952
divestdavidson,393819377449332736
concernedbeing,359421344275906562
sustainabhub,299605230369259520
osu_set,431211529506013184
mccontario,321297340331868160
bum_logic,331218076118958080
belldareu,462605351838175232
silvia_girasola,566306982114889728
fletchcm,467237162979561472
theearthnetwork,431387197917655040
mademoiselleis1,560415136016769024
baubo60,505788576089403394
greentoneenviro,431182595972280320
edclimate,548980406406877184
fossilfreede,370172575365623808
momentaproject,326821538433232896
morissa16,384030015886598144
romaosan,542528961498976257
mollyrauch,357581262715748355
drtucker,394978733960228864
350australia,370691768632610816
tinacornely,518764559050366976
350australia,437829998041255936
shoshblank,281785214399807488
abundancetrek,275234133582700547
robyn_red_brest,496252976562835456
bum_logic,333936870474006529
elysiapetrone,338019018013302784
market_forces,359599342383923200
divestsuesf,551024136576053249
fossilfreeuo,530893077137731586
youngoretweet,401378735624314880
mayboeve,544590930238791681
jgrifgrof,387505219963473920
candicebernd,299329352657694721
ccferguson,387794088092631040
michaelakoke,362956385954177025
astrangepilgrim,519509436730445825
bioregionguide,457452327889158144
dianaltmorris,374844599778283520
dianemann1,341881553254752256
sun09re,566634993523253251
deadly_thoughts,462605429608955904
jessgradybenson,455038995873800192
gofossilfree,299327258433318912
nyudivest,333634081269104640
fossilfreemit,407962916659691520
noblue_nogreen,387515925047812096
wganapini,444884648074960896
edunipandp,566200831478095872
joannakyriazis,531116250408427520
nyudivest,345268391038300160
jp_revere,456185477872119808
dcdivest,372532999310807040
danielisler1,560397864149733376
gulawfossilfree,530894270644105216
greenforce,299565793434284032
jonesdesign1,494983777752711170
morissa16,382357487547973632
robinedgar,481882978675855360
yahktoe,328899016219820032
sindark,532697514320072704
fossilfreemit,407919084815523840
wildlifeprotect,371030560199962624
mandel_dc,469212486290653184
alliwelton,390970326340747265
jocey70,356634993407164416
adoukas,435828032688111616
angelheartradio,445326573613236224
jonhinck,532588721879912448
350colorado,536963523717255168
devynfromoregon,298800470867193856
saneenergy,429812744448401408
eio_org_uk,299600324484804609
_morgan_hubbard,335747267438985216
scotta_muller,288820119201800193
fossilfreeuo,450751216285659136
fossilfreemit,408644371186458624
powerup_suny,394856568203649024
robert0461,396330797684109313
connie_andrus,436867954752233472
rickkehret,332855136399540224
nirakaram,279239789000130560
divestclaremont,408339414289362946
uobfossilfree,466181761387728896
gmbankar37,566376147282165760
ecoclare,387505041268940803
onahunttoday,280001146008006656
mattleonardoak,378662851344216064
ashavari,531135227113263107
divestkirklees,536450428637310977
mhcdivest,321661232358756352
mc_chesney,456806826843987968
sustainableutsu,530893965307150336
evanfeeney,554730006006734848
soshann,365605761700724736
fossilfreeswe,469834229837484032
jamesmmcardle,522314565350998016
evanfeeney,530482510615293955
emahbea,559386033792761856
corinneehanson,356072145446653952
unitysustain,301524288408801280
350,300614120380719105
bum_logic,331211065327230976
dinidess,462452018418708480
alliwelton,297438734838800384
timbrown13,462509700286652416
insamsara,364032674836795392
betterfuturepro,413079439480991744
melodeego,382646273691512832
yesdivest,300455301583364096
mickietamekia,484343786072735744
albriziom,487133008701706240
petercoville,566288202949210112
mothersoutfront,500480062270210048
circa1977,455701077120532482
edunipandp,566252519232667649
edunipandp,566213231543582720
unitysustain,422840842135805952
shmeedie,397196586662363136
alberturfer,400295655135924224
quillpower1,462500070512799744
wildturkey63,439821768971526144
cathymhall,454452808444424192
joostbrinkman,503663782258696192
colindavdbutler,454624425942331392
nick_rose96,462155947763195904
anonimous93,353277859739074560
peggydirsa,455795954441265152
rucanterbury,468868512526925825
n0rth32frunner,461622519137452032
notarsands,353650297920434176
jazrum,414481582112911360
_lauz_12,456032967916134400
hashtagclimate,547822674865446913
lindsaymeim14,528192078782533634
divestclaremont,455064657540042752
shenebraskan,275102711781928960
dranderson666,566040222241009664
bothoren,469791950976348160
tamraraven,524379685246218241
rubycramer,277134621639077888
toronto350,505458688011034624
cmok2cmok,566870446780743681
sun09re,566634177311690752
curlewkj,511824004228083712
1111_castle,334332567740358656
beccarast,455077803671560192
dcdivest,563386903659962370
1075rosebud,434798477885710336
devynfromoregon,299328506574290944
saritos_ink,564814447370571776
lne123,321256133169922048
otpglobal,355000806115782656
markplackett1,454401374164234240
bilanarte,530892888860028928
