melissa13mw,404418537113911298
jwestxo,275406056149102592
greenualabama,9746489275
teensturngreen,275307660654567425
erinschrode,404780219178827777
cainmark,239577551532593152
allisonsarah,276419763050250240
utaustingreen,404325894837108737
teensturngreen,404336972203696128
insectrecovery,404764120362524672
lars21,211911182943125504
teensturngreen,274954375749844993
erinschrode,274951544909201408
win305,250613767157739520
teensturngreen,404009290471444482
erinschrode,143101833974517761
teensturngreen,275414182059454464
teensturngreen,274952214324330496
acureorganics,403998244176265216
sleepsolutions1,76022800686645248
nbmthombeni,404247183492263936
erinschrode,404773081182261248
storyofstuff,275660986923483136
teensturngreen,275391412894326784
erinschrode,404326202288005120
hsvtweets,9746969383
walakolabotr,534330925250007040
erinschrode,404177675477983232
jwestxo,274984114371825665
mcnutritionclub,404991403635527680
erinschrode,275008278315036672
morethanmeorg,274984118742315010
teensturngreen,404322765525630977
teensturngreen,274951631903281153
jwestxo,404975670171693056
teensturngreen,267051391300825088
teensturngreen,275390066870870016
erinschrode,404768680224882688
teensturngreen,403696331769655297
lotusmoon,404116226026135552
nkoedyker,274940548861812739
erinschrode,404317016330231808
erinschrode,404324535454810112
hattiebeckman,404393241325215744
julialwhitten,405066234430885888
aviatoh,169540949104525313
frankmwebb,404146004204982272
teensturngreen,270696078951714816
jwestxo,275690653265035264
erinschrode,275689753783988224
yosmirdelvalle,404750949761429504
teensturngreen,404325996817424384
kaskadia,275425844984414208
erinschrode,404342138441175040
erinschrode,274958260380004352
teensturngreen,274656768200691712
jwestxo,275421940695584768
utaustingreen,404342308444712960
jfdaniel,275055913088466944
teensturngreen,275307205442560000
teensturngreen,402968789324541953
nkoedyker,275302007038935040
teensturngreen,404281220122439680
jwestxo,275412152653848576
crystalskingdom,404104419685306368
teensturngreen,404757119972302848
teensturngreen,275012970512281600
julialwhitten,404483822319714304
erinschrode,404322525057806336
stacymalkan,404143656434929664
sftc_wizard,203271363803361281
teensturngreen,274302195330076672
shapingyouth,274955976489181184
chrisbuerklein,404341140335640576
greeneral,274958860526178304
teensturngreen,404333841289986048
julialwhitten,404328028483760128
erinschrode,403968094764167168
teensturngreen,275019894062465024
erinschrode,403946786919706624
erinschrode,274980757682937856
teensturngreen,270685905658978304
caitbristol,404418257392009216
teensturngreen,144567955383009280
dompeterson,404170235764555776
utaustingreen,404386595987783680
hannahsky,404412695866519552
erinschrode,275022352067203072
teensturngreen,271394273293918208
kim_jeeah,404505143044894720
teensturngreen,403959535276011522
ourvalleyevents,239395456457768960
erinschrode,275318489215025153
green_key,275398930852880385
erinschrode,404322330853126144
prana,279470349928787968
teensturngreen,275405509769711616
teensturngreen,275394333232996352
jwestxo,275392109798907905
ourvalleyevents,239378490430988288
teensturngreen,275663304427466755
ashleykoff,275377696534573056
rachelsnews,404115267942641664
erinschrode,404333942624362496
erinschrode,275018270917152769
teensturngreen,270666183571808257
erinschrode,275334969142960128
teensturngreen,143010806718668800
teensturngreen,274966269743222785
utaustingreen,404335402032439297
teensturngreen,404388638923845632
erinschrode,274964544177184769
teensturngreen,274961818726842368
teensturngreen,276718683840184320
erinschrode,274982972342554625
teensturngreen,274956778654035969
teensturngreen,270985136693190657
erinschrode,275688640573734913
cyofrelief,404001098522173440
greenu_bu,398936339124457472
erinschrode,404769462995255296
teensturngreen,404325688724815872
erinschrode,404780847951138816
jwestxo,275424024564203520
dompeterson,275386267821281280
bobbyhertz,404423238454738945
lora_oconnor,404676395948724225
jwestxo,275436223244423169
ourvalleyevents,238724801399779328
teensturngreen,274954798028165120
utaustingreen,404316414028177408
teensturngreen,275030821784678401
erinschrode,275036122478960640
teensturngreen,275022902196326400
teensturngreen,274968030134534144
teensturngreen,271522848206647296
correa219,412262135679299585
teensturngreen,404325743909289984
ourvalleyevents,239054482137296897
erinschrode,274962576499163136
nkoedyker,274962643482210304
teensturngreen,275408588246224896
teensturngreen,404424647233376257
erinschrode,274967639296720898
teensturngreen,403198442258042881
jashdillon,287601499020865536
erinschrode,275024668367409152
greeningforward,404371420219985920
jwestxo,275511424040722433
teensturngreen,275145440670920704
sftc_wizard,218127839445270529
tcam0714,210540767784087554
laramiller,273866710413623296
erinschrode,404424559215923200
erinschrode,274960801746522112
erinschrode,275694102216052736
teensturngreen,275395149306138624
guqqu_u,487719435697156097
erinschrode,275321234957406208
jwestxo,275409799217291264
jwestxo,275032927446892544
teensturngreen,403948334080983041
julialwhitten,403962081981890562
teensturngreen,274962910160248832
jwestxo,275407263475310592
erinschrode,275691825153597440
erinschrode,275013169066418178
kopaliorganics,275032437610917890
greenbuilderscv,275094470821814272
erinschrode,275026637739921408
mymetrodome,233248451650011137
simplystraws,404104111575924736
wzdxfox54,22283095254
teensturngreen,404319758402605056
ecojot,276364312442982400
thehypemovement,143091656500064256
akldollah_j3u,143094112642547714
jwestxo,275405744566833152
teensturngreen,405188950156791811
jwestxo,275604656951005184
utaustingreen,404339679735971840
macak991,267854476914872320
teensturngreen,404316867977678848
morethanmeorg,275027316768391169
erinschrode,275300110638927873
teensturngreen,274349785211863043
teensturngreen,275016723189612545
erinschrode,404389165174779904
teensturngreen,274942325208281088
teensturngreen,404748028940021760
yerdle,275677103607914496
landshaper89,239795142343671810
erinschrode,404780985499144192
jwestxo,275390980235079680
ecojot,275331972937703425
teensturngreen,270665557420949505
teensturngreen,275405380165722113
teensturngreen,274964741171077120
teensturngreen,275389935106793472
clare_infinity,465128792210423808
jameseatontyler,404079187050643456
cowpowerbc,345225317851467776
teensturngreen,275307436901027842
canesliveon,401363460165869568
morethanmeorg,274783133700874240
erinschrode,274939715294203904
erinschrode,404316956443934721
teensturngreen,275393050639990784
jwestxo,275401276207009792
jwestxo,404979279395430400
erinschrode,404776666926305280
bobbyhertz,414027749356236800
nkoedyker,275408142865682433
erinschrode,402923726603567104
hsvhospital,370996123483504641
luke_what,184439422190755841
teensturngreen,275412892055113729
teensturngreen,403618499085742080
erinschrode,274940734002573312
aas_moscow,270802463190286337
erinschrode,143602964584595456
lotusmoon,404113932672978944
teensturngreen,404328798637670400
teensturngreen,271369745574539264
teensturngreen,275387841880682496
sambazon,275734483154657280
teensturngreen,279474774974017536
teensturngreen,404314477555752960
caitbristol,275026373930790913
erinschrode,275035256971722754
green1versity,217460926037770241
erinschrode,404784271472070656
teensturngreen,404075526077165568
aas_moscow,275531133263958016
erinschrode,404326652085153792
teensturngreen,275022778716004352
erinschrode,404767695582666752
teensturngreen,404335695767945217
erinschrode,404761291069206529
erinschrode,275022537811972097
kopaliorganics,275032344606420992
eoproducts,402952430830112769
erinschrode,274947307055742976
erinschrode,404316941721948161
drbronner,274977275013898241
evoxtelevision,275841856456253440
greenu_bu,401099011794690048
erinschrode,404756787510800384
teensturngreen,275289603894820864
onahunttoday,404321868506607616
erinschrode,404317022906888192
jwestxo,404421044254937088
teensturngreen,404324961742905345
acureorganics,404877757978390528
erinschrode,404342145672163328
green_key,275397305186795522
jwestxo,275141805954199553
greenu_bu,394502895154245634
teensturngreen,274963580116406274
climatebabes,275686781775663105
teensturngreen,276011391788408832
erinschrode,404771335869448192
erinschrode,404756209833500672
jwestxo,404977563967037440
teensturngreen,274983010900770816
erinschrode,275035668281966592
adamwerbach,273460391852511232
ajirobadanie,404769759205818368
erinschrode,275025438676500480
teensturngreen,404320355482738688
morethanmeorg,275027090322096129
caitbristol,275366154405543937
erinschrode,404318919751503872
threads4thought,271367652444868608
erinschrode,275371791390765057
jwestxo,275391622039080961
andriakern88,143395367575224320
teensturngreen,404749387349237761
erinschrode,275692402684080128
teensturngreen,274960221464559616
caitbristol,275028702369292289
teensturngreen,404380129083678720
teensturngreen,404334922300534784
utaustingreen,404330848922517504
kathrynsheridan,275695169460912128
scotcase,404436217334628352
jwestxo,404977767386583041
praannaa,274942464920539136
jwestxo,275416870612500480
teensturngreen,274958304403398656
sftc_wizard,195629660921528320
andriakern88,143344094373085185
teensturngreen,275014228602138624
erinschrode,143603972949815296
erinschrode,270615474461622272
teensturngreen,274963995738382336
erinschrode,274655090655256576
nkoedyker,276419229408972800
27inarow,187947274817634304
teensturngreen,274957782246100992
teensturngreen,271398744140959744
gfriend,275729895819206656
erinschrode,404774102579163138
shapingyouth,143479786642214912
erinschrode,143099665414504448
erinschrode,275021058145402880
erinschrode,275010353346248705
mathew_petersen,143490766000500736
teensturngreen,275394046183231488
koborigrillscsr,404691016017387520
teensturngreen,404342051547803648
jwestxo,275405259688509440
teensturngreen,404359337662902272
erinschrode,143101116199084034
erinschrode,274942859491282946
teensturngreen,275418577736175616
mps_umiami,436906095257616384
jwestxo,275397985368682496
erinschrode,275022044385669121
drbronner,274974816786853888
julialwhitten,275769078755500032
teensturngreen,404321312450936832
grumpydenier,385862427369160704
t_a_q_d,275663623303622656
teensturngreen,404334180131012608
teensturngreen,274961111223250944
erinschrode,404757347903365120
lilkersito,183638556760223744
erinschrode,275007674775662592
teensturngreen,274951776740990976
teensturngreen,274986128535322625
teensturngreen,266639555032121344
actuaryan1,233247594128744449
nyvarch,404417715903135745
teensturngreen,279463281742213121
jwestxo,275032477175791616
jwestxo,274979733798780928
lennyb711,522182442711781376
teensturngreen,274953695958032385
teensturngreen,404747455436046336
jwestxo,275423127050256384
teensturngreen,404979673630662656
erinschrode,274982625570086913
erinschrode,404333757169020928
teensturngreen,275335047471566848
teensturngreen,404779859244621824
teensturngreen,403001502878269440
teensturngreen,404320486475067392
erinschrode,404192313246629888
jwestxo,275390263701168129
erinschrode,274986795299639296
erinschrode,404766981296893952
marcizaroff,404389424894447617
erinschrode,404781575725805568
teensturngreen,404338443888496640
erinschrode,404339603479347200
saulesciclub,273302072986832896
greenu_bu,401490130357080064
erinschrode,404758241382379520
jwestxo,275386487724445696
greenu_bu,398162895772467200
yerdle,403680851805749248
teensturngreen,404336184073019392
erinschrode,275026797672923136
hsvbg,370612551014305794
ecojot,274707556037976064
stacymalkan,404143194373644288
teensturngreen,274964447032926208
teensturngreen,271375326813253632
teensturngreen,275008121733275648
teensturngreen,275384774477086721
jwestxo,275418759836102656
erinschrode,275683698119155712
thehypemovement,143098696408645632
lianemoccia,404730484355526656
erinschrode,404178106442719232
sftc_wizard,187945711583760384
erinschrode,146124017751949312
dmcollins28144,275001430367166464
erinschrode,404775948643344384
cathydtm,403954476031426560
hsvbg,371293777303842816
julialwhitten,404320254664646656
cowpowerbc,340148133432524800
erinschrode,404391611938787328
jayyh,143561963316838401
teensturngreen,275388624923684865
canesliveon,417670913396461568
chipotletweets,169201464642772992
erinschrode,404759673615572993
uutah,390882655677743104
teensturngreen,275034539754151936
jwestxo,275392603229409280
teensturngreen,404113262943285249
teensturngreen,267019240131936258
jwestxo,404977886169268224
teensturngreen,271359234103451648
allisonsarah,275027543965433856
teensturngreen,270001135643947008
utaustingreen,404321371615809536
julialwhitten,275768806373224448
erinschrode,275683375501697024
hsvbg,22269147241
jwestxo,274986909581836289
coachnatebaker,522194259370582018
teensturngreen,275011563482660866
megoon_fuerst,403983127099351040
erinschrode,404004297983025152
prana,275049042206130176
nkoedyker,274641365583937536
endowmentinst,4427071615
lewisperkins,275013207054249984
erinschrode,274980372599668736
erinschrode,274987554946813953
loomstate_org,270691179379712001
hugatreeplease,275043788374814721
erinschrode,274944604112056320
jaclynsiu,275012262840893443
kopaliorganics,275032184069447680
greenu_bu,397791108303839232
hartreikicures,403945484769062912
jwestxo,277947988930863105
erinschrode,275678734974074881
erinschrode,404754876560715776
jwestxo,275385972148039681
cproppe,405200369132642304
ashleykoff,275031764571942912
sci_quest,238261727211442176
teensturngreen,274954836867440640
caitbristol,404804076715511809
teensturngreen,274942313262886913
ruthschapira,275030324256329728
eco_ua,404320626845818880
gapenergy,403697097872269314
archforhumanity,275691764361334784
erinschrode,404778036865687553
geohouck,497433706068705280
teensturngreen,273284470113718272
teensturngreen,404322081577254912
teensturngreen,274956533773762560
hsvbootcamp,239528293072777217
organicall_you,404117096214560769
teensturngreen,403919234570268672
julialwhitten,275769326810841088
teensturngreen,403650531035316224
andriakern88,143484864002400257
greenbuilderscv,275094540891860992
teensturngreen,275418910558408705
erinschrode,275689765528010752
umiamigreen,117306307723276288
ourvalleyevents,238761300551946240
teensturngreen,271371618410979329
erinschrode,404774452174389248
teensturngreen,404117105894629376
cainmark,239426373381410816
teensturngreen,268163395545604099
caitbristol,404386818352635904
teensturngreen,275033075925278720
letsbelocal,275045506516910080
americanair,274305206970372096
1healthyfuture,275335803402584065
snar_produce,378265950375919616
erinschrode,274987129313042432
teensturngreen,275389021369278464
erinschrode,275683920769597441
erinschrode,274946993246326785
erinschrode,276216219403681792
flowerpotsft,405199613403365376
teensturngreen,404382756496343040
erinschrode,274943793491496961
teensturngreen,404778478026776576
utaustingreen,404336011452239872
teensturngreen,407699360974004225
lotusmoon,404294200948039680
erinschrode,143102650118971393
thestevieg23,225705354632241153
nkoedyker,274963331406786561
teensturngreen,404311615295614977
iamgreenbean,275307795925045250
glover_julian,294479264064094208
teensturngreen,143095428752228352
cowpowerbc,339060958423040001
ourvalleyevents,238837242662109184
jwestxo,404979427060101120
lotusmoon,404781758182199297
heyyitsphoebee,404464870768128000
erinschrode,404316914236669952
erinschrode,404778683266641920
teensturngreen,404326907920924672
laramiller,273866588652969984
teensturngreen,275321617092067328
stacie0324,39530336538984448
erinschrode,273459309097152512
erinschrode,275757564132741120
teensturngreen,274982689705172993
erinschrode,275691033071845376
erinschrode,404781945273323522
eileenfisher,279591628241510402
defendressofsan,385863176518369280
endowmentinst,4163955071
tilvee,267685380592136192
erinschrode,143878223799922688
erinschrode,404770072956121088
ecodesigngirl,275808505888387072
erinschrode,275012899834064897
erinschrode,276608940295475201
teensturngreen,275033122511417344
teensturngreen,270949464578084864
teensturngreen,404760617644331008
fairtradeusa,404134601192247296
utaustingreen,404315751500115968
teensturngreen,404752247189303296
teensturngreen,268457484551864320
teensturngreen,403967100395331584
jwestxo,275649594237542400
teensturngreen,274656788413046785
teensturngreen,275389762255343616
teensturngreen,404318951938600960
greenu_bu,397429477027766272
erinschrode,275020367880417280
utaustingreen,404318248209903616
teensturngreen,404315390861250560
erinschrode,404392734347112448
erinschrode,275808302909251587
utaustingreen,404383561693675521
erinschrode,275690011884650496
erinschrode,404765836960751616
teensturngreen,275808966611726336
caitbristol,275320341272879104
teensturngreen,275307481792663552
erinschrode,143611465843224576
ourvalleyevents,239160175230083073
awilliams_29,395623578839687168
jwestxo,275378215709716480
teensturngreen,275391528761974784
endowmentinst,4527298665
rentethically,271402753354498048
strang22,293772956906180608
jwestxo,275416851197083648
teensturngreen,275027745606602753
caitbristol,403373475387027456
laramiller,273866794001891328
utaustingreen,404376901558341632
teensturngreen,275405839928528899
jwestxo,275412662433742848
acupcc,4531797017
teensturngreen,275034948732329984
utaustingreen,404320736979869697
bobbyhertz,404392407187206144
eco_ua,404320600610455552
teensturngreen,403944574646636544
mvorganics,146101506263875584
cosmiccine,275690219758563328
cainmark,238795722550542336
erinschrode,404761694020186112
teensturngreen,403010311826833408
teensturngreen,404316694228660224
utaustingreen,404333147963154433
salviajohn,403258094206988288
emorationality,404633710768566273
erinschrode,267111810329628672
teensturngreen,275416641133764608
teensturngreen,274968434419318784
teensturngreen,143095249424748544
teensturngreen,275023334201249793
chickenedenton,402917182620721152
teensturngreen,404770603745308672
milkmistress,143449119715901440
lennynaar,403543727266082816
organicpedic,146259521650700288
utaustingreen,404315542619574272
teensturngreen,275424640313217024
joannekimani,404181193853517824
teensturngreen,404769817795641344
sroakes,275690326214205440
teensturngreen,403960947275862017
utaustingreen,404320581757054976
teensturngreen,270628210289541120
erinschrode,275031172004839424
erinschrode,404389124120911872
passionatelypam,403943331698180096
erinschrode,275023303842881536
elizabeth_olsen,280028743890776065
teensturngreen,353925571853557760
jwestxo,275411880980398080
hart4262,522182421400551424
teensturngreen,404338271410327552
erinschrode,144141312164249600
erinschrode,404327806319878144
teensturngreen,143477621165015040
jeddmoak,294976035701809153
mendezfiqeroah,257194285693276160
teensturngreen,275410854135074816
utaustingreen,404392797207134209
bualumni,4297790103
teensturngreen,274956458603446273
erinschrode,275297253638418432
canesliveon,398861977180585985
kimpton,403257310757548032
teensturngreen,404309711698132992
mrfantasygenius,192781925440700420
rtgarden,275371480408281088
ourvalleyevents,239369169617973250
teensturngreen,274957416959991808
teensturngreen,279675787496550404
teensturngreen,404390579468918784
teensturngreen,404390659080994816
samoanchic_313,143099113116925952
erinschrode,404393413539143680
nkoedyker,274734354679361538
thegreenlinks,270001247329845248
sftc_wizard,176474489226407936
teensturngreen,275030970707632128
teensturngreen,404030565113798656
marcizaroff,404389726632693760
erinschrode,275692465783197697
erinschrode,275319256768471041
teensturngreen,404317869309042688
teensturngreen,275383424259350528
berryplusclean,404755407979438080
teensturngreen,275321050940715008
luxa44,405066718403235840
erinschrode,404322171134033921
jwestxo,404977606069465088
teensturngreen,403974213423202304
erinschrode,404752595710775296
teensturngreen,274301694593097728
teensturngreen,275422034421489664
dcorrado,101067213032787968
erinschrode,275687625837408256
nkoedyker,275657545593536512
erinschrode,275023003748802562
naturespath,278190833235267585
teensturngreen,404771621270872064
erinschrode,274668704351019008
erinschrode,275689663614832643
iamgreenbean,275810726000590849
teensturngreen,268839809320120322
erinschrode,274979975898206208
jwestxo,315516756900843520
merlyn43,309746415364616192
erinschrode,275689959170641920
erinschrode,403624014608093184
magnifeco,273289799551569920
teensturngreen,271055581568192513
teensturngreen,275017241060331520
julialwhitten,404484782748209153
teensturngreen,267049569815248896
teensturngreen,274579790789476352
teensturngreen,404018003940880384
teensturngreen,404757753177968640
erinschrode,275372380438794240
joelsolomon,275372398625308672
natracare,403241476265488384
erinschrode,275027080729726976
utaustingreen,404317897209548800
erinschrode,274946685195657217
cowpowerbc,344500581664161792
teensturngreen,274967696456708096
marcizaroff,404389621770891264
teensturngreen,403257694338834432
wholefoods,276055693625262080
jwestxo,275410330371379200
jwestxo,404977136936562690
teensturngreen,275011576568897536
thehypemovement,143091526417920000
caitbristol,275011311996399616
woodsonb,274965808390733826
zynzelay,404117421692579840
casinclair,275289161467035648
teensturngreen,143481119491375104
organicpedic,144510566646546432
jwestxo,275392261892751360
ajirobadanie,275036845111402497
caitbristol,275022139810267136
laramiller,273866490149748736
sashahalima,1774013842
teensturngreen,275021991386443776
greengoingfwd,274305004020588545
teensturngreen,275033034829467648
erinschrode,275307974178775041
fredk9vegan,267055439110348800
teensturngreen,404393363731795969
erinschrode,404191941094424576
acureorganics,404379654619807744
sftc_wizard,184436356540399616
teensturngreen,404336064124293120
teensturngreen,404023874926297088
teensturngreen,404677757818245120
teensturngreen,404004824997298176
dompeterson,404427136355667968
jwestxo,275411813095579648
erinschrode,275692645957910528
teensturngreen,270698787247382531
teensturngreen,404328658384338944
green1versity,220312550510825472
erinschrode,404393761477627904
venivelovici,169832062084317184
flowerpotsft,405199665328832512
marcizaroff,404427765253824512
liannedalzielmp,275703502813147136
eco_ua,404323714495299584
teensturngreen,404144472264413184
teensturngreen,403967685521719296
mrfantasygenius,192771770598699009
erinschrode,404339556679294976
jwestxo,275385416486621186
teensturngreen,404338878279999488
marcizaroff,403712179343749120
erinschrode,274979468173533186
nrdcyouth,404358805648994305
2point_arch,456877542302310400
trueherban,274986453006700544
teensturngreen,404320763911479297
teensturngreen,274983549550080000
erinschrode,275037926688165889
erinschrode,275038751342866432
jwestxo,275383929287106560
marissar1,275816799713509376
teensturngreen,267053367325491200
eco_ua,404317692754001920
jwestxo,404976190131167234
mathew_petersen,143756668419837952
erinschrode,275691643426979840
teensturngreen,404317299584159745
ourvalleyevents,239135070303174656
erinschrode,404752308476444672
teensturngreen,404319904188231680
jwestxo,404976219768102912
teensturngreen,274954468578168832
julialwhitten,404328107806429184
ian_mckeown,371762287490904064
teensturngreen,267050726834970625
erinschrode,404394167171694592
teensturngreen,269229724381880320
teensturngreen,275010110395404288
teensturngreen,404331965081321472
erinschrode,404332925862170624
teensturngreen,275395475971137536
joannekimani,404181234437586944
teensturngreen,275033191939710977
nkoedyker,275011086208602112
teensturngreen,271054019085103104
ian_mckeown,291293349279846401
erinschrode,143102051264626688
jwestxo,275009509926264833
americanair,274529619703652353
jwestxo,275387917348769792
megoon_fuerst,403983101442801666
loraoconnor2012,275036184735006720
wildlifeworks,145367510341009408
teensturngreen,404113941044817920
kopaliorganics,275032637779898369
teensturngreen,404107741217562624
chrisbuerklein,275291889400434688
erinschrode,404389132564037633
teensturngreen,275025297487826945
teensturngreen,404323070757711873
teensturngreen,267018510595670016
tnvalleysavers,369852408836276224
erinschrode,275683474856370176
teensturngreen,275666442773487616
teensturngreen,404318386722590721
erinschrode,404340137590398976
teensturngreen,404113551045840896
erinschrode,404336238590570496
wholeplanet,275614245276745728
ajscholz,275835646222946305
teensturngreen,270702218867519490
erinschrode,152371021259870208
teensturngreen,404116214592442368
dnasnapshots,275336098950041600
ian_mckeown,378513938184695808
jwestxo,275408544533196801
erinschrode,274302340784345088
wholefoods,403218472106487808
ksymer,121689570915008512
08_realate_kasi,503666677611917312
eco_ua,404522024153788416
erinschrode,404776392140677120
organiccenter,403576439070392320
teensturngreen,268850725612843008
erinschrode,275692776996356096
acureorganics,404719391389921280
teensturngreen,413698027967500289
teensturngreen,144134839342342145
sftc_wizard,202570492832526336
erinschrode,404760701803061248
siambotanicals,404368576574148608
teensturngreen,274953368630341634
erinschrode,404391808546766849
aas_moscow,275454320298823680
erinschrode,143990046159151106
jwestxo,275433614492196864
erinschrode,275683421341245440
erinschrode,274960486108381184
teensturngreen,274963604455952385
erinschrode,275017763423141888
erinschrode,275038486208344064
erinschrode,275685176611332096
erinschrode,275025750330052608
teensturngreen,404325198247129088
tcam0714,210547605560762369
erinschrode,274777857115422720
erinschrode,404335378217181184
ourvalleyevents,238245399238963201
teensturngreen,275370561293672449
erinschrode,275736522374905856
erinschrode,404331302486159361
guqqu_u,490553173778513920
outdooryogaweb,270825523549175808
erinschrode,275683616657387521
teensturngreen,275008337668628480
erinschrode,404780574159556609
sftc_wizard,191032886168793088
cowpowerbc,340510536213069824
jwestxo,275123337083109376
teensturngreen,402927303912472576
dompeterson,275408323954745345
teensturngreen,404335402695151616
endowmentinst,4297446338
erinschrode,147199144950378497
wildlifeworks,267027664496361474
teensturngreen,274954487062474753
teensturngreen,275023801497051136
erinschrode,275033088164253696
teensturngreen,404377952499945472
bestrawesome,275410180819283968
ecodesigngirl,275010492139978753
jwestxo,274919976194945025
jameseatontyler,404336957431357440
teensturngreen,275017621408215040
teensturngreen,403948029738102785
green_key,275396874494693376
healthsterling,240542466237943808
teensturngreen,275306037295341568
teensturngreen,275298658898026496
erinschrode,274961323715084288
marcizaroff,404375277729763328
utaustingreen,404324014295773184
shapingyouth,143079392002846720
teensturngreen,275423592496386048
sftc_wizard,204775189806981120
julialwhitten,404319703490760705
julialwhitten,414129536868315136
teensturngreen,404317382824325120
teensturngreen,143474229160067072
teensturngreen,404331717810348032
utaustingreen,404328911971950593
erinschrode,275683664480845824
teensturngreen,275399779943591936
teensturngreen,404068188607885313
jameseatontyler,404342911837282304
dompeterson,275405759427256320
dompeterson,275411883220160512
nrdcpress,404395137284853760
teensturngreen,404332965615792129
clivity,294674016411742208
teensturngreen,276219111850274816
luke_what,168784903553556480
danelkavaldez,285268532973940737
ayeayeayecapn,404984301261180928
dnasnapshots,275334264692817920
britanniacomms,404321572951191552
naesad,385805314668240896
nkoedyker,275405676799467521
teensturngreen,275408554318508033
erinschrode,275331665331630080
erinschrode,404751901809324032
erinschrode,274779848789073920
julialwhitten,403024475106861056
jwestxo,275405463997263873
teensturngreen,274961939099156480
mr__eco,275267677692522497
lennynaar,404426091219013632
jwestxo,270622921465147393
erinschrode,404326028195024896
teensturngreen,404751590331920384
erinschrode,403946827059179520
teensturngreen,275009793192771584
teensturngreen,403959590510800896
srsnatural,169855829212803073
kaptainplanet13,404347777120874496
teamgladney,39527121747447808
teensturngreen,404321767335809024
joannekimani,404181046037856256
erinschrode,275688624908029952
votelau,275712529932632064
shapingyouth,143081375908642817
erinschrode,274961071712919552
erinschrode,404333936194486272
jayyh,143340290470707200
jwestxo,275393081656868864
ourvalleyevents,239383241176543232
erinschrode,404764522126123008
andriakern88,143543528314773504
teensturngreen,404109805322653696
teensturngreen,405149001642967040
erinschrode,275683752565424129
christopher_gav,275807557191348225
adamwerbach,275117895758004224
teensturngreen,404689516591468544
teensturngreen,275405943825629185
nkoedyker,274948997171535873
jwestxo,275406669339574272
sftc_wizard,220232770813833218
onahunttoday,275008566753103873
erinschrode,274948900945805312
teensturngreen,275394967957020672
julialwhitten,404845462710403073
teensturngreen,404106462374289408
austin_pavilack,175607781355827200
defendressofsan,385854272992452608
utaustingreen,404327216474910720
erinschrode,274527495108325376
teensturngreen,274961447149264896
teensturngreen,404327831288565760
teensturngreen,404331000424968192
teensturngreen,271044064554668033
talitazahrah,121393752987279360
reginaryerson,274588792822853633
teensturngreen,270668156291383297
erinschrode,275308024111960065
tinyblissllc,403943464335077376
utaustingreen,404324355825356800
julialwhitten,289100233961504769
blanchenoiry,435066384981442560
organicvixen,279460749112397824
magnifeco,274990053976051712
erinschrode,275031726340841472
teensturngreen,404326820306120704
teensturngreen,275008109821444097
teensturngreen,404339432863457281
sftc_wizard,211909673937416194
cainmark,239372748575621120
green1versity,217056506942722048
wholefoods,276055889079844865
teensturngreen,275114733231808512
teensturngreen,275029294714085377
marc_stonge,275015356576317440
erinschrode,274987383697588224
jayyh,142376739140665344
teensturngreen,402938338606194688
sftc_wizard,233248232195620864
organicpedic,144510208616579072
erinschrode,404339579404038144
ourvalleyevents,370987417823477760
nrdcyouth,404392003485454337
teensturngreen,402987930781626368
erinschrode,275691019763318785
trueherban,274986225511833600
nkoedyker,275025081900597248
teensturngreen,274962766287233024
jwestxo,274930772467675136
erinschrode,274964253679710208
juliettehumer,275493554309189633
museac,4584912761
endowmentinst,4021709126
teensturngreen,404383401978777600
teensturngreen,275016881767845888
luke_what,195244617749381120
jwestxo,275056152478355456
erinschrode,404320195994324992
teensturngreen,404330578549276672
greenualabama,12546867475
jwestxo,275046187164389377
erinschrode,274950751833436160
jwestxo,353925130642153472
dompeterson,275396049537990656
erinschrode,274943487839977472
teensturngreen,143484017986125826
vrainoirbeaute,250611630910603264
hannahsky,406854727503462401
uwbotanicgarden,57483866528686080
jwestxo,275411793877299200
robintweets,239377441511071745
teensturngreen,275397144352014337
teensturngreen,270949401147621377
jwestxo,275385570107215872
awilliams_29,402794095308857344
erinschrode,275683588123549696
teensturngreen,273866232422338560
jwestxo,275397293216239617
teensturngreen,404342327503634432
sftc_wizard,300070691145908224
endowmentinst,4531480317
eviinsonteama,547102850422419457
teensturngreen,404760175287877632
lewisbraxton,522194004734398464
julialwhitten,403947941162799104
morethanmeorg,275027620939329536
utaustingreen,404391178323243008
teensturngreen,267060638407327744
erinschrode,275690304982634496
teensturngreen,404776661469499393
yoosoydara,305793806782062593
teensturngreen,404394041611001856
sftc_wizard,196473423441039361
jwestxo,275510433597751296
mymetrodome,229632628435873792
erinschrode,404775516210593792
teensturngreen,404342628780503042
eco_ua,404320578338689025
erinschrode,143051772733292544
madeleinewelsch,403067132990480384
ndb29401,274980113702068224
teensturngreen,275027627276902400
drbronner,274979379354955779
teensturngreen,275290631369265152
julialwhitten,275769696190599168
e_carattin,275693828026019840
cowpowerbc,345587737195339776
jwestxo,275411293282902017
teensturngreen,403228500439490560
teensturngreen,404300878749790208
erinschrode,404782210684694530
erinschrode,144600943160332288
verawineclub,275694972085366784
erinschrode,404773616425775105
cainmark,238796661269336064
erinschrode,275690118831013888
instagreens,274995842744741888
erinschrode,275308404602445824
cowpowerbc,344863033119625216
janette_truman,309746751357718528
ashleykoff,274351001618747392
erinschrode,143095213429227520
teensturngreen,274957159505219584
utaustingreen,404389362915241985
greeningforward,404387899615219712
greenbuilderscv,275094294250016768
teensturngreen,402919466427613184
bobbyhertz,414129060336259072
teensturngreen,271394063075389441
erinschrode,275356358000390145
erinschrode,275689388187463680
teensturngreen,403959510089207808
teensturngreen,403241292093587457
erinschrode,275009158879797248
erinschrode,275692449488310272
hattiebeckman,403012324149039104
croftersorganic,404647167979032576
ecojot,276364167508795392
lifevitalclub,276719615277670401
erinschrode,274949652342788096
erinschrode,281338526191202304
natracare,275914849958117377
erinschrode,275692125339934720
julialwhitten,404484632101404673
sftc_wizard,165615830514667522
jwestxo,275144183608659970
teensturngreen,404018718763536384
wholekidsfnd,275615600565420035
utaustingreen,404321917676421120
gabiitumeguta,362053526106537984
jwestxo,275414489279627264
nkoedyker,275028681515212800
erinschrode,275690026820571136
utaustingreen,404332782312116224
teensturngreen,404115047430881280
teensturngreen,402956708583981056
erinschrode,275663162844532736
teensturngreen,404106795364278272
greenu_bu,393496405043470337
utaustingreen,404393659824480256
teensturngreen,404331972660428800
jwestxo,275390970978250754
teensturngreen,404315869531996160
erinschrode,404329460326858753
erinschrode,404670371267235840
teensturngreen,404750258711699456
hvertecouture,404315337002582016
geohouck,497434306286202880
erinschrode,275689839175823361
erinschrode,275687678081646592
aaram22,465652523513024512
teensturngreen,404337227271921664
teensturngreen,143479763653230592
teensturngreen,404327445261606914
jwestxo,274987406359412736
votelau,404337688393699328
teensturngreen,274781499616817152
greencirclenc,404328261897175040
dompeterson,275376488029749248
jwestxo,274958955321630720
erinschrode,404316969916043264
ajmckay2,275707325539553280
bobbyhertz,404722243172700160
ruthie_burrows,404784194410123264
erinschrode,275016792253018114
emorationality,404457491876286464
annahankins10,413699516035244032
teensturngreen,275018186817142785
andriakern88,143495855553519616
teensturngreen,403288394035253248
erinschrode,274622226689576961
teensturngreen,275319787930914817
laureleastman,338670097356976128
erinschrode,274679081726013442
erinschrode,275688507270373377
jwestxo,274945117624881152
erinschrode,275321177747103744
julialwhitten,275141194747613185
teensturngreen,404117637094862848
um_healthcenter,464761868645838848
erinschrode,275016091095425024
utaustingreen,404326738009657344
coastalplygrnd,275689845261758464
teensturngreen,404316164949417984
cowpowerbc,337973838065319936
teensturngreen,275021746879467520
erinschrode,404176869672501249
teensturngreen,275397630765445120
teensturngreen,404109191855353856
teensturngreen,275014207009869824
teensturngreen,403216420755894272
marcizaroff,404389618012782592
mr__eco,275267424318787587
nkoedyker,276137855129116673
ourvalleyevents,239117399830437888
mps_umiami,424222491989393409
erinschrode,276061997567717376
teensturngreen,404760142052216832
teensturngreen,404021046103113728
eschickerling,404823089579839488
allisonsarah,276419007748378624
jwestxo,404977435826876416
nkoedyker,274945556172914688
teensturngreen,270668674262765569
teensturngreen,274956812472680448
teensturngreen,274954087743750144
teensturngreen,274959234922332163
erinschrode,275308081989177344
teensturngreen,274968148304867329
jwestxo,275410379637657600
teensturngreen,274678182593040384
erinschrode,275024383750328321
teensturngreen,275034724911706113
teensturngreen,271372775564922882
teensturngreen,404691175187038208
lotusmoon,404113370481057792
tiffanybelle24,404338772986195968
newsfrancisco,274932888267546624
nkoedyker,275655098749841410
julialwhitten,275098153211023360
kenvljr,522186824299855872
teensturngreen,275307304507805696
erinschrode,144560536502288385
teensturngreen,403961650278973440
teensturngreen,275389987141345281
dompeterson,404427665211260928
erinschrode,275032701059350528
teensturngreen,143485870727630848
teensturngreen,275370611025514497
naaeestaff,402897261010886660
teensturngreen,404326578030514176
lars21,220231725098340353
righttoknoweh,404625720934412288
erinschrode,404766604333809665
ecofabulous,143480886619406336
erinschrode,275038161745362944
sicounseling,408226414639341569
erinschrode,275691146762674176
drysoda,180736769766076416
erinschrode,275370888713625600
teensturngreen,274580393192210433
utaustingreen,404382958884093952
erinschrode,404329794197651456
sftc_wizard,234120819540910080
erinschrode,404764234082308096
canesliveon,404624951316983808
erinschrode,275691303843540992
sftc_wizard,200962176050143232
erinschrode,404773329946411008
teensturngreen,404392203188850688
worthwild_llc,408665449749307394
teensturngreen,275007314631729154
erinschrode,404316990753370114
erinschrode,275690512911052802
teensturngreen,275009877099806720
jwestxo,275399474069786625
erinschrode,404763060352475136
teensturngreen,271025084393721856
teensturngreen,404758582723239936
teensturngreen,404334587645407232
utaustingreen,404339784992047105
nkoedyker,275025100670128129
teensturngreen,404767533971955712
teensturngreen,404108585996541952
erinschrode,404313548748115969
teensturngreen,275013278231584768
teensturngreen,275387722963746816
teensturngreen,275397716933226496
jwestxo,275387721525104640
acureorganics,404783675239194624
tiffany0chang,275127553436557312
teensturngreen,281567914149171200
teensturngreen,413698282372616192
erinschrode,404398043471949825
teensturngreen,275020184387977216
teensturngreen,403942870593204224
jwestxo,274183438549020672
teensturngreen,275014381224460288
erinschrode,275685030850854914
eco_ua,404320547288264704
dompeterson,275364172085211136
jwestxo,403666863793512449
teensturngreen,404315243423088640
samewatkins,404465054164078592
erinschrode,404177663306117120
cowpowerbc,345950093381337088
teensturngreen,275305060819410944
teensturngreen,405189029240766464
erinschrode,275694089645735936
jwestxo,275397913872576512
pmahoney58,198554680593367040
erinschrode,404331035258667008
teensturngreen,274962728534306816
teensturngreen,404334696265310209
julialwhitten,276138415802703872
teensturngreen,273866579819778048
happysorganic,403959756433281025
erinschrode,404326672813408256
erinschrode,274954313032409088
greenbizspeaker,238824523347156992
ourvalleyevents,239380109952425984
teensturngreen,406854280901976064
habitatthegame,501488837772599296
teensturngreen,275299254396919810
jwestxo,275398262201126912
teensturngreen,275028602934923264
teensturngreen,408034174512029696
teensturngreen,274967723941974017
utaustingreen,404380065703546881
erinschrode,275692982689202177
jwestxo,275424381042294784
andriakern88,143493231198478337
erinschrode,143091310432227328
erinschrode,275678290142961665
teensturngreen,289239534170935296
sarahkpeck,275290400808386561
utaustingreen,404339352395722753
teensturngreen,274733102482485249
utaustingreen,404386799574712321
erinschrode,274965836769398784
caitbristol,274963379377020928
erinschrode,275020180940271617
marcizaroff,405187028671012864
teensturngreen,275386767962689537
teensturngreen,274580147846381568
erinschrode,404391799256387584
teensturngreen,403953394789806081
teensturngreen,404111702725099520
teensturngreen,275024083308130304
lilkersito,218731630452424704
teensturngreen,275412577637515264
teensturngreen,275010818179997696
erinschrode,274948227768410112
utaustingreen,404339937610178562
verawineclub,275694153873121282
cainmark,239426342481977344
teensturngreen,143495951598886912
erinschrode,404392431207997440
green_key,275395950443376640
erinschrode,404324182437003264
erinschrode,404758577656500224
erinschrode,275011924977147905
themiaminews1,417671224484179968
erinschrode,275690469697146880
clingsaquilayan,143101269232451584
bobbyhertz,404392315453599744
erinschrode,143094446630776832
teensturngreen,404341429431853056
julialwhitten,403947969382076416
erinschrode,404391733230043136
eco_ua,404317911851884544
erinschrode,274702747952115715
julialwhitten,275140407363510272
jwestxo,275401676339437569
teensturngreen,404319791139127296
greenu_bu,396414849724329984
jwestxo,275398430065582083
erinschrode,275691273514528768
julialwhitten,404810549890134017
teensturngreen,274953325986840576
greencirclenc,404330718660403201
sftc_wizard,199678095219896321
erinschrode,275012331640090624
teensturngreen,275663282025660418
woodsonb,274983535167823872
pulskaaj,466401170446364672
erinschrode,275691804328853506
erinschrode,275692135964094464
teensturngreen,275014715879608321
correa219,463760623462285313
julialwhitten,275762615781842944
roulereport,404079375156396032
erinschrode,274952913602899969
teensturngreen,274957482219143169
erinschrode,404782711421685761
teensturngreen,275013485446975489
teensturngreen,404115121217081345
teensturngreen,403943434949390337
jwestxo,275387582597177344
teensturngreen,274955628718465025
teensturngreen,279459902701838337
sroakes,275122911910694912
erinschrode,274961610483826688
consciousbox,275094785470111744
analoguechic,404639752915550208
loveturtledoves,274955041356541952
teensturngreen,404759441725075456
jwestxo,275097150902386688
green_key,275397684087640064
erinschrode,275068440090390529
teensturngreen,143066002534580224
jwestxo,289107731695169537
the_joylee,404445102799454208
teensturngreen,274983745914806273
jwestxo,275399627191246849
iloveyousalim,360071107623137280
teensturngreen,404339516057481216
lennyb711,522182609317949440
freeandclear1,402920609316761600
teensturngreen,404341080537047041
julialwhitten,404484711646392321
jwestxo,275389719695720448
jameseatontyler,404338922911571968
erinschrode,275691316929773568
greenu_bu,392406118346932225
teensturngreen,143061710935310336
teensturngreen,404321699950108673
teensturngreen,275306311149821953
utaustingreen,404318391185321984
geohouck,497435012229505024
erinschrode,275690185906339840
marissar1,275029456047988736
erinschrode,274302855555452928
teensturngreen,274954586551357440
erinschrode,274949313552084993
teensturngreen,402923827245887488
teensturngreen,402897066734542848
erinschrode,404391747381256192
utaustingreen,404327075701469184
teensturngreen,404076404918071296
ashleykoff,143522210714361856
erinschrode,275691050264322048
erinschrode,275692676639252481
teensturngreen,404103587011112960
teensturngreen,274404745064632320
erinschrode,275691631661961216
dompeterson,275402992797241344
teensturngreen,404340177797013504
teensturngreen,275690812321447938
erinschrode,274774082585763840
jwestxo,275395202464751618
erinschrode,275690353380712451
bobbyhertz,404393979384320000
erinschrode,274947975690715136
amirakk,404127689990094849
teensturngreen,143496150916403200
teensturngreen,275335942745772032
teensturngreen,275030907604332546
erinschrode,275030924998086657
erinschrode,275694072994353152
teensturngreen,275021769558081536
teensturngreen,275392060356452352
annathehank,404303303976042496
erinschrode,274945182942777345
erinschrode,404327215338233857
erinschrode,404389182237208576
erinschrode,275692725360267264
melemathieson,404946310283141120
luke_what,476167500195823616
erinschrode,404316925347373056
teensturngreen,404118754050572288
erinschrode,275689418046713856
ursulakrapppmis,143491870314606592
alternativeerg,238258551456411649
erinschrode,274944016502640640
hattiebeckman,403012533897809920
nkoedyker,275399352527224832
bobbyhertz,404421279823822848
teensturngreen,404329476391051265
indie_lee,152383283467010049
eco_ua,404320511829614592
teensturngreen,535840848210960384
charlesross,404509775293345792
erinschrode,275027132655206400
teensturngreen,404333456038981632
jwestxo,275414882256551936
erinschrode,142346041415573505
erinschrode,275355777668104192
magriffin15,522182022815825922
erinschrode,404777849292206080
julialwhitten,413697788380082176
erinschrode,275028858338684928
erinschrode,273882524420296704
teensturngreen,275390485005225986
erinschrode,275691007885062144
teensturngreen,404335579887714304
erinschrode,404189825911095297
jwestxo,275124307884130304
erinschrode,275017148647239681
caitbristol,275014181680459776
teensturngreen,404672789094744065
teensturngreen,274960719961800705
erinschrode,275014426875281408
jwestxo,275420497251012609
blalandarch,370608321335930880
nkoedyker,275030736975843328
teensturngreen,404073427658485760
liberalsmith,274959856929210368
julialwhitten,406853510550929408
teensturngreen,271398884796932096
teensturngreen,275306401943937025
teensturngreen,274955588356673536
teensturngreen,275407253425766401
erinschrode,275685138699022338
kikaysimika,311324713999822848
erinschrode,404783203270918144
teensturngreen,404377312604323840
utaustingreen,404322597350830080
teensturngreen,275408812893171712
teensturngreen,404317118784487425
ashleykoff,143512888684986368
teensturngreen,402934814665240576
erinschrode,404751261947289601
teensturngreen,270725906337767424
teensturngreen,270628214265765888
erinschrode,404391756784861185
julialwhitten,404840244932931584
teensturngreen,275406237368188928
teensturngreen,404108302595805184
bobbyhertz,404392364304658432
julialwhitten,405161298192654336
teensturngreen,403959621288607744
mariaenjoprenau,275100880691400704
erinschrode,404339666398085121
larkingrant,239387938767634432
teensturngreen,275021296193110016
teensturngreen,404325597465165824
erinschrode,275378635777642496
cainmark,239051783685681152
jameseatontyler,404327292479893504
peopletowels,274895553278660608
teensturngreen,268098866816110592
chip_ciocca,175610336827805696
jameseatontyler,404759297453613057
teensturngreen,275385925612220416
cowpowerbc,339785466717024256
greenu_bu,397113055982542848
devcordero,103924881120428032
utaustingreen,404376175322988546
teensturngreen,274964553580814336
teensturngreen,270629162119729152
teensturngreen,404771626614415360
erinschrode,275685249860657152
yerdle,275677166816067585
hattiebeckman,404393266927239169
teensturngreen,274959647591514112
erinschrode,275028091414388736
dompeterson,275384298612342784
gibson_virginia,404737627024130048
erinschrode,275032210283843586
erinschrode,274982306102521856
teensturngreen,403998934017650688
sftc_wizard,233248265922043904
cowpowerbc,342808157418049536
teensturngreen,274966655824707584
stacymalkan,403267812476878848
nkoedyker,271394058981765120
endowmentinst,4006401495
erinschrode,144608794356363264
cleansediva,404142328786718720
erinschrode,404340679695806464
teensturngreen,404390834100912128
erinschrode,404444708031565825
organicconnect,403943138303021056
hsvbg,372396802701414400
mwm_jr,522182608974008320
teensturngreen,267020395243249666
teensturngreen,404318496600752128
teensturngreen,275306905994407936
la_negrauran,257194811143094272
teensturngreen,404326406542209025
teensturngreen,275387416565645313
kopaliorganics,275032272112062465
mikecranston1,165618062148648960
erinschrode,403968499275411456
teensturngreen,404760094987923457
megoon_fuerst,404141030385004544
teensturngreen,404110705328025600
erinschrode,275030176335814657
erinschrode,275013229934178305
teensturngreen,403244355210592256
erinschrode,404771577650085888
kimmiekay1,275085943168446464
erinschrode,404308916915286016
ecofabulous,143489837389975552
theiouproject,271401431435706368
endowmentinst,4372060015
jwestxo,275414101889519616
anndiiflow07,309720331101274113
teensturngreen,275028024183889920
ourvalleyevents,239542729279938561
teensturngreen,403198267670134784
teensturngreen,271051071126908929
erinschrode,404320458960429056
hannahsky,270628300823621633
fredk9vegan,267055919265882115
teensturngreen,404388671291265024
safecosmetics,402919766299774976
teensturngreen,404355143895773184
erinschrode,404765497050550272
teensturngreen,145650076260372480
yogainsf,268582732441976832
endowmentinst,4118111828
teensturngreen,404390120834342912
teensturngreen,275426895775031297
erinschrode,404763535051194368
eco_ua,404317662253051904
teensturngreen,403680729374027776
endowmentinst,4006325553
merbear_11,404111511633022976
bobbyhertz,404392448983449600
ruthschapira,403948147829137408
erinschrode,404190580269260801
teensturngreen,403198292840173568
momo_effect,274984938368016384
erinschrode,275033665455681536
erinschrode,274960062005538816
greenu_bu,395623260932423680
teensturngreen,273163944401723393
letsbelocal,275044742671257600
teensturngreen,275016435447775232
teensturngreen,275019765544804352
teensturngreen,275009939762728960
jwestxo,275388851558703104
teensturngreen,276219168582410240
storyofstuff,275660540511145984
croftersorganic,405368796816216065
erinschrode,275012716731699200
erinschrode,143101507913531392
teensturngreen,404312061313691648
erinschrode,274986002475536385
erinschrode,404691314404368384
eco_ua,404320593891168256
luke_what,476164996326379522
shapingyouth,144116546153877504
teensturngreen,404309730559946752
erinschrode,275023044878147585
teensturngreen,275030931046297600
hsvbg,370951015341645824
erinschrode,144251535331819521
organicpedic,146259447805775872
teensturngreen,404672857663213568
parhanahbucay,221419530952507392
sftc_wizard,204750880094945280
freeandclear1,405189141580619776
teensturngreen,404321605536321536
teensturngreen,274954389276487680
erinschrode,275687654446751744
teensturngreen,404323533544640512
erinschrode,404327256434016256
erinschrode,404316903646060544
envnewsbits,4374577856
acureorganics,404135997404745728
teensturngreen,404339163480080384
nkoedyker,275420727157604352
teensturngreen,404329171326758912
erinschrode,274946022545977345
teensturngreen,275031621734920192
stacymalkan,402919858939371520
jwestxo,275415208833462272
erinschrode,404772101522866176
teensturngreen,406853715493396480
erinschrode,274986546967502848
hannahsky,402940588607414273
erinschrode,404770308919279617
emmaawpocock,275040336768815104
teensturngreen,143482269116538880
manuelgago,404758004102627328
fredk9vegan,268851416569896960
erinschrode,143094211779112960
greenbizspeaker,239484067400282113
erinschrode,274950989004546048
teensturngreen,404112238107049985
sftc_wizard,195162301454761984
sheldamar,275694108746584067
trueherban,274987515658776577
teensturngreen,404762643866480640
erinschrode,404783929636315138
teensturngreen,404348034806345728
teensturngreen,404760194560716800
teensturngreen,404100270335864832
jwestxo,275392266745556993
teensturngreen,403575537320222720
erinschrode,275040688779956226
caitbristol,274959400282750977
austin_pavilack,479291926789640192
erinschrode,404193841193824256
erinschrode,274959890773057536
nkoedyker,275401087031341056
jwestxo,275407596222038018
erinschrode,275021416234102784
cowpowerbc,342035786759274497
teensturngreen,404326513660551168
kwame_agyei,404334845834571776
emanation91,404220059813687296
teensturngreen,274959636585644033
teensturngreen,275420134670213123
erinschrode,275687587006529537
ourvalleyevents,238256722551123969
teensturngreen,267052033020928000
erinschrode,404485967567794176
teensturngreen,404021624254390272
erinschrode,275023515365810176
teensturngreen,404338722272841728
teensturngreen,274942518800576512
jwestxo,275393629688827905
landscapetweet,239410767877767169
nkoedyker,275345245007380480
jwestxo,275379538018570240
teensturngreen,275370532365553665
tanakayuko88,404840501095845889
sftc_wizard,199727775446343682
erinschrode,275690438390849536
arianawoodall,275395394689695744
teensturngreen,143477460015661058
teensturngreen,275401344469307392
jwestxo,275691048783736833
endowmentinst,4368324646
cainmark,239213210354462720
hannahsky,275725684473753601
teensturngreen,404324565112745984
jwestxo,404976013899096064
erinschrode,274953998103093249
teensturngreen,404319510796046336
jwestxo,404975843937484801
erinschrode,275692743425146880
yosmirdelvalle,404980032424382464
julialwhitten,275100065025122304
teensturngreen,275303870727589888
ian_mckeown,326743659238264832
teensturngreen,274983534517698560
craigruark,385816348196364288
erinschrode,274957380108824576
endowmentinst,4584170921
erinschrode,274957283040034817
teensturngreen,404328362648162304
utaustingreen,404329349693718528
erinschrode,275023848976568320
hannahsky,404943257475768320
erinschrode,404329131363401728
erinschrode,404321290179198976
teensturngreen,143067273870061568
erinschrode,275016435565228032
stacymalkan,404143235712700416
marcizaroff,404389822841638912
teensturngreen,404331265941176321
erinschrode,274978125136424960
consciousbox,275094724296179713
erinschrode,404327237354127360
teensturngreen,271401545910865920
teensturngreen,279463838238273536
ecolustre,275619454862389248
teensturngreen,403935746022588417
erinschrode,274957116933025792
teensturngreen,271379134352089090
teensturngreen,404316030530371584
casinclair,275314074894618624
jwestxo,275411805902340096
erinschrode,404339595187195904
julialwhitten,404484812326453249
erinschrode,143065600653148160
erinschrode,404768074370281472
erinschrode,275690074480467968
teensturngreen,274939794591711232
babsonecorep,274955026395430913
erinschrode,143046138667347969
teensturngreen,275408203808923648
utaustingreen,404320859159928832
teensturngreen,404107137552367616
teensturngreen,404764728292937728
organicall_you,404116974474891265
mymetrodome,233247176044720129
scotcase,404427551747362816
greenseal,278882986580127745
sam_hoffmann,275018895637770240
countryguy83,476165982457982977
erinschrode,275693019594895361
erinschrode,404336201374519296
erinschrode,143069225534226432
teensturngreen,274957989201469440
eco_ua,404317770470264833
teensturngreen,274949128067362816
erinschrode,275370414824361985
erinschrode,275277445274411008
jwestxo,274952873299808257
julialwhitten,403968940319068160
teensturngreen,404322234073759744
erinschrode,404774765606342656
erinschrode,275685076736565248
mtaylorjones,522186212069888001
teensturngreen,404392349330976768
teensturngreen,404779114428510208
erinschrode,404319108629413888
canesliveon,400276296598446082
teensturngreen,275288874958323712
teensturngreen,271401231682007040
teensturngreen,274983496475361280
erinschrode,404339674123997184
erinschrode,145951204948721665
erinschrode,274212211558342658
storyofstuff,275660550124478464
sumberswak,404792303111266304
greenu_bu,402497631852564480
teensturngreen,275385488498634753
erinschrode,275692901898547200
natracare,143584361080565760
teensturngreen,275424038514470913
teensturngreen,143491505582116865
teensturngreen,275023784799506433
teensturngreen,404313526560235520
erinschrode,404755693778907137
teensturngreen,404753625136005120
teensturngreen,404691584215576576
teensturngreen,261618297374646273
teensturngreen,275394201372467200
jwestxo,275406115670474752
erinschrode,143093978491920384
ourvalleyevents,239392373359120384
robintweets,239367542861361154
teensturngreen,275416545059024896
erinschrode,274976919840247809
utaustingreen,404317668401885184
trevordavies,275012520450875393
julialwhitten,275769265007759360
erinschrode,275020076690845696
teensturngreen,404359334429077504
erinschrode,275687635115200512
brekkeblacksmth,9541942209
erinschrode,275692994961764352
destinyinfocus,354742989219823616
nrdcyouth,404392039267069952
julialwhitten,404319046109118464
erinschrode,144191658026737665
sftc_wizard,191957441494257664
erinschrode,404480046997311488
utaustingreen,404392356801044481
teensturngreen,268843867325988864
jwestxo,275379271667691522
erinschrode,275685210102824960
ruthie_burrows,404754259477938176
teensturngreen,404323849363144704
erinschrode,404783669237137408
hugatreeplease,275053029579948034
teensturngreen,267023232182398976
jwestxo,275414255371689985
davidavictor,4602570049
mendezfiqeroah,257194337815900160
teensturngreen,275007118850027520
teensturngreen,275318642458103808
erinschrode,405214462489411584
redzilla5840,404006702103531521
erinschrode,404191104548884480
lur_apparel,271644986272014336
erinschrode,404755310587285504
umiamisg,124233498751021058
ian_mckeown,336465093615316995
teensturngreen,275012397142528000
erinschrode,275690949819133952
erinschrode,275030646882181120
sftc_wizard,210527597854064640
teensturngreen,268148029704523776
teensturngreen,275015160970752000
erinschrode,275014701077897217
jwestxo,274947813018832896
acureorganics,404783736509566976
teensturngreen,404754446300618752
lora_oconnor,404676622973816832
julialwhitten,403947764632911872
loomstate_org,270690922495361024
jwestxo,275413137098932224
lotusmoon,404112184533204993
teensturngreen,408034369123540992
teensturngreen,274989583312244736
teensturngreen,275288693022027777
erinschrode,274950510828720128
marcizaroff,404398526160834560
jwestxo,275416398778474496
teensturngreen,143491727892811777
teensturngreen,274951753315799040
nkoedyker,275401679040557056
erinschrode,274967143672590336
brianharris27,505705214524289024
sftc_wizard,392417498869420032
erinschrode,404770808083390464
teensturngreen,274780137193627648
marcizaroff,404389626468524032
endowmentinst,4118026248
julialwhitten,276777696271400960
erinschrode,275036317459546113
harpermonroespa,404763690903556096
julialwhitten,275769620961583104
erinschrode,275725629482217472
erinschrode,275019307635863553
aas_moscow,275497185695649792
jwestxo,275389728256299008
jwestxo,275054935945670656
wceestaff,408669406945083392
ecofabulous,143491564012965888
rahneyday,404292190249037824
teensturngreen,404072705827143680
greenlibdems,274981373452894208
teensturngreen,143335280672378884
teensturngreen,404329750782439424
erinschrode,274947636619014146
erinschrode,404391777211133953
teensturngreen,143095284120039424
eco_ua,404323763740618752
teensturngreen,404337791359660032
marcizaroff,404358195139072000
erinschrode,274959308213592064
teensturngreen,274779952711348224
erinschrode,404326643935612928
acureorganics,404137046551195648
teensturngreen,403619325862346752
erinschrode,144264019434414080
erinschrode,404750857704448001
camilaantiguav,275018024002650112
teensturngreen,143486264354668544
utaustingreen,404339568742113280
ourvalleyevents,239012961631494144
revolution_girl,271019585317265408
stacymalkan,405023087173074944
mbgreenit,404773591180648449
ichiro998,180736930542133248
utaustingreen,404316579489263616
greeneral,270629366252326913
teensturngreen,404322552102649856
allisonsarah,276419530551607298
jayyh,142280901676646402
close_the_door,404335560489451520
erinschrode,404340156456386560
teensturngreen,404313150884810753
cindykcruz,404399841444245504
ecofabulous,143496688974307329
erinschrode,404335726281510912
awilliams_29,398936625155420162
erinschrode,404397404515876864
jwestxo,275422602204418049
teensturngreen,268148803834617856
erinschrode,275029865193951233
erinschrode,274949842705477632
erinschrode,143044992074645505
nkoedyker,273273026223689728
teensturngreen,404760165330612224
jwestxo,275525423419490304
teensturngreen,404316862273425408
teensturngreen,275013425099333633
julialwhitten,275098612705415168
teensturngreen,404318586203697152
jwestxo,274977984677572608
erinschrode,274782053051035649
erinschrode,275014047961858050
julialwhitten,275099480683073538
teensturngreen,271394963407896576
uw_cie,180737203650043904
teensturngreen,275021577425399808
erinschrode,275689813875765249
erinschrode,274946268659331073
teensturngreen,275321125901312000
green1versity,221096695038095361
teensturngreen,404340635940823040
vj_iminent,362156716386816003
erinschrode,275017415941828609
jwestxo,275408117301379072
ourvalleyevents,238309575672070144
teensturngreen,275331708730081280
erinschrode,404339546495520768
erinschrode,275689713032105984
erinschrode,275689137443577856
sftc_wizard,220231294553034753
teensturngreen,275019781768372224
ourvalleyevents,371015829376090112
erinschrode,402915468836864001
teensturngreen,275400833288531968
teensturngreen,274952289213632514
erinschrode,275692089658990592
julialwhitten,275099698308722689
cowpowerbc,319532626299998208
humanfiction,275302689452199936
teensturngreen,270699165653291008
teensturngreen,403963934937325568
teensturngreen,275022675464839169
jwestxo,275525732761993216
erinschrode,275371209267503104
erinschrode,404391116373385216
erinschrode,274956221021290496
erinschrode,274260873843965952
la_negrauran,257194905976324097
jwestxo,275395498335170560
miaryes,404070309503844352
erinschrode,274963176557264897
teensturngreen,403305266243854336
teensturngreen,404353457051561984
jwestxo,275043226400980992
canesliveon,416221361770467328
green1versity,217789339613143040
caitbristol,404263204403937280
dnasnapshots,275333579792326656
teensturngreen,403947613377949696
milkmistress,143735992610852864
teensturngreen,273500835504324609
erinschrode,275689921291890688
teensturngreen,404326817349124096
safecosmetics,402919631587147777
julialwhitten,404317089936048128
hannahsky,271371674098741248
teensturngreen,404386836266487808
unworkable,15346836392
nrdcyouth,404391929921548289
teensturngreen,404375759466156032
erinschrode,275685123414953984
nkoedyker,274486642503462913
greenseal,278946108187742208
jwestxo,275523918016688129
erinschrode,274984024752128002
teensturngreen,275378863138304000
erinschrode,144160103229169664
kimmiekay1,275086038131671040
erinschrode,404779622568443905
teensturngreen,275381159624589312
brillawiee,275695885344718848
genanderson,274989192352759809
teensturngreen,404330042324287489
alaasla,371007770377867264
erinschrode,404753818136494080
teensturngreen,404329991594188800
erinschrode,404777328862961664
teensturngreen,404076014877151235
erinschrode,275665121089556480
erinschrode,404389140755529728
teensturngreen,274961655245443072
utaustingreen,404393437706735616
teensturngreen,404079101507420160
teensturngreen,274955851742183425
utaustingreen,404379630863253504
erinschrode,287594111198953472
la_negrauran,257193978968031232
erinschrode,274778626946367488
aas_moscow,274720801251536896
teensturngreen,268884939305525248
nkoedyker,274958753168756736
vrainoirbeaute,250613946883645440
teensturngreen,404386366030495744
teensturngreen,274579739954532352
teensturngreen,404107427768848384
jrose9015,192781742032162817
teensturngreen,404327143439491072
teensturngreen,404019884742303744
teensturngreen,275700162318438403
teensturngreen,404765897086099457
bigspringenviro,372391870397030401
jwestxo,275417921537339392
alaasla,370945623736205312
teensturngreen,404772944645070848
teensturngreen,270950188477198336
utaustingreen,404316218359676928
teensturngreen,385803505430441985
nclanin21,401130012302008320
lennynaar,404420290676928512
jwestxo,274944625591070720
utaustingreen,404391432951058432
drbronner,274974844242771969
teensturngreen,270985910756179968
eejayess_eliza,275510340916232192
erinschrode,404766303979700224
teensturngreen,274983544026173440
teensturngreen,274780095305113600
teensturngreen,270666964005965824
erinschrode,275013717232586752
acupcc,4006437724
erinschrode,404771057971625984
caitbristol,404398398344032256
jwestxo,275019638260252672
ecobizniz,274949557253709824
praannaa,274959202483597312
cainmark,238279161389658113
yerdle,404846283023585280
teensturngreen,404776548609187840
teensturngreen,275335190157606912
jwestxo,402937335395790848
erinschrode,403952231134658561
teensturngreen,274961728821927936
preskeel,522181338259279872
hannahsky,270667289047748608
teensturngreen,403198309172789250
teensturngreen,275419572801269760
teensturngreen,274958171100033024
erinschrode,275690394375839744
caitbristol,275023730881736704
erinschrode,274968285135634433
teensturngreen,275409932738781184
andriakern88,143059533969899520
teensturngreen,404331257388994560
teensturngreen,404393805861769217
teensturngreen,275409536699998208
calvinjodisi,274958750958370816
kopaliorganics,275032222682185729
teensturngreen,275422580612145154
teensturngreen,143511466555867136
erinschrode,404757903803817984
izzyplus,275686430792097792
teensturngreen,273166996462510080
cookingmagickid,404263203321827328
erinschrode,275690322804215808
storyofstuff,275660395405004802
teensturngreen,143476951078805504
erinschrode,275691863699251202
erinschrode,275690142902136832
nrdcyouth,404393996899729408
mr__eco,275267844948758528
stacymalkan,404021801640292353
teensturngreen,143478216814886912
marcizaroff,404397552985853953
erinschrode,404767349204471808
takeoutwout,275406327491211264
greenu_bu,400009488461475840
teensturngreen,404387198117507072
jwestxo,275429148787363840
jwestxo,275411793097142272
teensturngreen,274734472899989504
erinschrode,275690223613140992
teensturngreen,275015194424520704
erinschrode,275009699471060992
erinschrode,169198633063940096
godsprincess32,294974817109692417
teensturngreen,271343192715165696
hannahsky,274964146209038337
teensturngreen,271394567947943937
angelapaints,404321810965336065
sustainabldylan,403999510323421185
teensturngreen,275029273918713856
teensturngreen,404323120317624321
teensturngreen,404341596147032064
bobbyhertz,403189994413502464
teensturngreen,275417414320140288
jwestxo,405002870677721088
utaustingreen,404377074057506816
teensturngreen,404339505525571584
cowpowerbc,341673402182029314
teensturngreen,274955416482508801
teensturngreen,143487429402312705
lora_oconnor,404676317120954369
erinschrode,403169978070745088
teensturngreen,270696623917641729
erinschrode,275692911784517632
erinschrode,403947538169884672
utaustingreen,404332992186691584
utaustingreen,404319727272488960
sftc_wizard,211911433045295105
annathehank,404305152263196672
erinschrode,404300790174453760
sftc_wizard,200965272868364290
blalandarch,371281554842320896
sftc_wizard,229634418703224833
nkoedyker,275029726442188800
teensturngreen,404388779764350976
crislopezg,275019201884868609
erinschrode,404318271458906112
casinclair,275269930000203777
ashleykoff,143103378229182465
zem,143482341350846466
cya_outside,404327525804802048
prana,268464677804204032
teensturngreen,273866670915858434
natracare,403250467884765184
erinschrode,275019838374699010
jwestxo,275038170503053312
andriakern88,143335134152765440
inhabited,268614043168821248
erinschrode,144295009942913024
cheerdrummom,522182780370059264
kathrynsheridan,275695136749522944
jemintown,274953529137971200
julialwhitten,408033997973766144
utaustingreen,404336594531799042
erinschrode,275026117616889858
andrereichel,404341404916137984
