hypepromogh,496686885029568513
ghettokidd18,535892168100306944
mtnghana,505295980397613057
koo_ntakra,505294651654676480
witorbrito,532153460041740288
planetpositive,101602719848083456
staxworld,273462015593426944
slavko321,51643144973983745
miccheckreckord,555069836972539906
niklaustradamus,443610410499858432
jardinesdemex,199979554377437184
promogeniusgh,554250495083433984
grannypurse,16837457478
flonetuk,513027438507728896
spider12231964,545249056893566976
flonetuk,553671056431800321
krmacce,25114935226
quasie_anti,569476477730873345
rushinbear,139042469001170944
fabienvdd,56642240327589888
koo_ntakra,510177840525246467
flonet_ent,510719415621410816
welsh_jiffy,542088226002206720
flonet_ent,513024238987780097
promogeniusgh,554250188806967296
hypepromogh,510183084776779776
eitchalele_,542053715738628096
iamteekaygh,554248667486760963
ipromogh,513412012899323904
mrsharkgh,502724252664336384
iamteekaygh,554247909668294658
flonetuk,553683595869822977
koo_ntakra,497116176682844162
thedahlin,281268990985252864
greenstars,448854595658600448
gabo_more,572181242780753920
dosjb,209741530053873664
vibeonvibezgh,508705239542026240
flonet_ent,554249019300786176
wateetons,289674288473186304
vibeonvibezgh,554569868264374272
eetschrijver,289676884244037632
carmencorrado_,467278660701929472
rossblack96,210465267145388032
popeskinnygh,497075087091441665
teamkoontakra,554571482836500480
thetechtweet,212221293494403072
teamkoontakra,542442210927464448
dersiedler,134300593845055490
firmysk,538702878660390914
vibeonvibezgh,555854224580689920
promogeniusgh,554250218263556096
flonetuk,554247438668947456
polemaki,445942937319649280
koo_ntakra,535901898252247040
zboroti,60455879346102272
fruns,151037668690624512
flonetuk,554250010481938432
flonet_ent,554249013240008704
cassie_coulter,220291688646705152
joyjwz,24270168004
yannato,7157949146
balaramanl,5358287883
flonetuk,554243619469950976
rohban,278620094559580160
beenasingh12,3162510379196416
juuninho17,521830706918723585
rowena458,19260385602
teamkoontakra,553679144501125120
ak_pdub,16950829776
parwa4z,10082916051
letssmokeloud,494330118169300992
havellsindia,10616133825
koo_ntakra,503201491617067008
vibeonvibezgh,558020771294228481
nii_djata,497298324597534721
vaderabraham01,289676720544555008
teamkoontakra,555854758041640962
flonetuk,554250038923493376
vibeonvibezgh,503669336322883584
stanza_y,553668818783195136
vibeonvibezgh,557938173557628930
thecalmdev,159732905541767168
muckypup69,571595019678818305
lambokrazy,53556878927605760
koo_ntakra,558203169864687617
vriendinred,53008632090075136
michaeljswanson,195526316030828544
eetschrijver,289673558718820352
teamkoontakra,515071118664024064
choconista,10925751329
harunamabone,545738553192239104
josetegelaar,289693220089253888
papaquasy,554250663954481152
imbreeolson,571512262185369600
musik2471,497416642989940738
awupexeyazoxi16,522599834445156352
freericesearch,16876414621
m24fm,40376860349046784
newhomesuk,376300294290030592
efergy,70689413365108736
wetlooklover4,549251374396231681
misssophie_,526814208219156480
koo_ntakra,553671693395587073
t_breaux,103619810625200129
vabavdekar,29451725516
tkorganics,306263607224696832
flonet_ent,554249372679303168
haley__jordan,146767383456002048
ribbefjorden,430431802944004096
shankomagh,513388042330329089
teamkoontakra,554571477748834304
flonet_ent,554243460350611458
tekuwyhaqysu,558787525230075904
ozmox,312573948611145729
promogeniusgh,554261457844838401
diacci90,292286476341882881
flonetuk,554276073073291264
koo_ntakra,546061016778690562
havellsindia,9047762326
shcopywriting,103904237305597952
seanpatin,19867907994
flonet_ent,548726638364856320
cathka,11260663618
roy__t,50623886806622208
teamfloeazy,513377991574167552
daviddewell,540313423402500096
palvdh,50626976448385025
p0wll,6166371566
vibeonvibezgh,554570216882311168
loveladen,122367828945940480
powasesoljaz,545986669305163779
ghettokidd18,541886185720008704
loudasismell,14865341736
junior3dp,496754277100961792
rogiervdbrink,11161998628
rhymezjay,502718210991751168
summerquarius,287891653346349056
flonetuk,554249994962997248
flonet_ent,549472788663529473
tech18com,6166725574
alexedu7,8241165523
koo_ntakra,497292231427239936
carmensaavesp,5333918165241857
johankiekebosch,289779075638255617
lindsgoss,194114293430632449
teamkoontakra,513411620522184704
efergy,114287625908654080
jesse_gh,497295158938185729
preeti6489,160027264170471425
ebabaji,85961691640233984
fierce_pearce,25327526866
parwa4z,10083069123
amyfrakes,250037404344397824
kaylabalbritton,351156641216987137
staxworld,273461637372051456
vibeonvibezgh,554570069125398528
danikaoycyq7,78391825123115008
koo_ntakra,497043758157152256
flonet_ent,508958381609340928
lehmancolby,336642773144985600
ahenkara,503244169440407553
hypepromogh,548657955508584448
promogeniusgh,554544718030581760
nrcave,2122197311
fiifiselah,502724251519320064
teamkoontakra,553671444220366848
simon_hall,114300692646211584
erraj99,161087205564096514
sxmcguire,24635786382
koo_ntakra,516203437848289280
koo_ntakra,554039884072361984
vibeonvibezgh,505824098132721664
bennoschwarz,16307383988
klbeasley,23138344738
vibeonvibezgh,553669992714342400
stevokarapandza,251664904824696833
pvrks,3279290717
hypepromogh,503668553648988160
dj_priyam,1407398848
vibeonvibezgh,553673254939160577
mechiebp,289699158741364736
mtrez_michelle,280387200988876800
flonetuk,554250024402841600
ajaykumar876,412619046454972416
vibeonvibezgh,545146708448247808
hypepromogh,497366154256855040
carrillo_maucar,542066123626520579
teamkoontakra,548656099390656514
hypepromogh,497044994088505344
mercanjwell,51823697467674624
teamuptownenerg,502418250840682496
flonet_ent,513380316250378240
djmicsmith,557845589384507392
koo_ntakra,502534113526833152
liketuliwuho,554551609749827584
marinesdl,100703142798299137
crushice28,16127647934
rossblack96,210466764566429696
koo_ntakra,503856669781405696
vibeonvibezgh,504006619722952704
flonet_ent,498129229704622080
crentsil360,502515768689717249
flonet_ent,554250770749861889
rojayjay,497293145798086656
quin__fisher15,198058609874178048
efergy,99064658908033024
migueleguzman,15868110848
vibeonvibezgh,553669429322874881
kyzawefumej,565147711813349379
hypepromogh,502715513374769152
suvidhasewa,43537845507461120
flonet_ent,553674457244766208
iamteekaygh,497048883823124480
thinkersbag,502724252811132929
hypepromogh,545985371717517312
hypepromogh,504050211032162304
dollsbooty,542054035805970432
humans_hot,543531501032595456
djmicsmith,497116597790986241
promogeniusgh,554250201985482752
fiknee,118534484432912384
rjam22,1086236345237504
dananabananayo,187373342624452609
koo_ntakra,503946914585669632
vibeonvibezgh,497327930297843712
vibeonvibezgh,553673267077472257
hypepromogh,558203926554898432
crentsil360,545999137746202624
vibeonvibezgh,554569105714733056
gokalpharman,232752735672483840
vibeonvibezgh,503494293655654400
hypepromogh,555853412437598208
de5praj,111427072492175360
applejuice14431,500867175608221698
offripper,5476906709
nanayaw18dotcom,502724252752412672
eolsha,542056694797172736
williamvz,1997783972192256
eddykaybeatz,504969195269148673
flonet_ent,554249032059879424
hypepromogh,513028820849655808
abettergoogle,5759027728
askatechteacher,427433574800048129
evoloopcom,35630309462507520
applesh,1602582775
y1079fm,497294557177204737
tibidyus,193093710949523456
ppvat,50619677054992384
rodrigosqueiroz,3995530628
imsamanthasaint,569986685586567168
flonet_ent,554274877914771457
koo_ntakra,497324638075375616
koo_ntakra,558019649875746817
repnoseygh,557847547843469312
hectorfhdez,480475341023363072
ghenigma,554513196804231169
claudefalardeau,52772537653923840
snigerals,466970413218930688
marcelo_bh,51799562406469632
promogeniusgh,554276621218500608
flonetuk,549836993530974208
vibeonvibezgh,554570162901630976
efergy,101602361901977600
koo_ntakra,548818901573042176
powasesoljaz,545148304292872192
joseprochazka,131528100537311232
palvdh,50618571528740865
iamteekaygh,497323175638994944
vibeonvibezgh,503306562547773442
debeterewereld,16217490248
alexedu7,8200422916
havellsindia,10768946962
floeazyrocks,513378538301693953
vibeonvibezgh,497052346040745984
followbellzar,5703289204
vibeonvibezgh,554570185970294784
hypepromogh,513410177471897601
kelsxoxo08,194955036453908480
growoperations,281137612150935553
nairkrishna07,283859704709537793
mszego,122020652025778176
tacoold,522484827971670017
hypepromogh,554616769370148864
bigenya,1600146023
tinothinz,557861850524942339
pedrogsaez,196745678582579200
daddyfredy,13176693920
prawnfryan,152375973701095425
meza7417,549008340374671360
hypepromogh,497051083999830016
farahs6,42260781286432768
cyzunahe,553937129466650624
vibeonvibezgh,553686238700765184
havellsindia,9175016951
sirgabe,12663460538
greenejournal,467278173474807808
p0wll,6167206080
1stupididiot,553693226293813251
wkabbes,155006620940779521
penmyheart,46995155089227776
hypepromogh,497118722168217600
vibeonvibezgh,502196532020805632
flonetuk,569666333966774272
ronnie_g21,124321318060568576
iamteekaygh,553676143170420737
hypepromogh,497327407771426816
promogeniusgh,554247725831950336
kar126,13147230664
arcolaenergy,12897008603897857
jaisheenk,552769149747728384
dada_ahocf3,497299188234080257
koo_ntakra,503316973259083776
arjansnoek,289684630465019904
applejuice14431,500858256819257344
pluzzfm,502724252773400576
fenris10,7734130414456832
koo_ntakra,502119369875656704
flonetuk,549474432386101248
atul_yadav,159522737218527232
haytree13,271757550104477700
roybouten,7437043670
vibeonvibezgh,497117239838257152
lemagtechno,209741252365795328
krien,431697110061158400
hypepromogh,503668478575124480
notuhhuman,263469918169726979
hypepromogh,557827265732808704
djtipsygh,558787786636279808
daftaryharshit,107351721050771456
teamfloeazy,513605340462850048
iamteekaygh,554249740423278592
tgirlcrazy,542068279284858881
flonetuk,554250613870329856
fampklyn,497045514370973697
jakedahlin34,168035749072076800
promogeniusgh,553685107954180097
izraelsilva,552624878390882304
larakhasaeva,279321162977263616
kyenvfnd,344447949331369984
leigh_andrews,59859067010695169
mtnghana,516224915276853248
koo_ntakra,497364709965041665
yngonlineinc,8974612437
geququtizysy,559224174363680768
m24televideo,40383825188098048
koo_ntakra,513408178131062784
teamkoontakra,554243884159881216
kofiluvgod,554254797432692737
vibeonvibezgh,554569953622626304
laverychevy,52174007365156864
koo_ntakra,545143499130429441
ellsbells0330,334029804338831361
joyjwz,24080733469
williamvz,1999489556549632
nigenylon,552052828274184193
teamkoontakra,554571526465650688
koo_ntakra,553671391812542464
jablam24,19445172488
xdudendollx,542043383842488320
iamteekaygh,554249323303952384
adreamerswaltz,15859811894
repnoseygh,557847522845405185
teamfloeazy,516237133712195584
greenejournal,467286037233156096
nanaotugyandoh,502724252706279426
voodoolily,12662628660
vibeonvibezgh,497293916207845376
koo_ntakra,562888953163182080
ricardomalizia,16489613408
papajim81,567780281000951808
swileweno,62016269641203713
googler_ram,341848800073236481
mon_opinyon,204727504043384832
gunnary,7175110493
zainshaban,42238644811075584
sciencesheep,24634715325
zustermerel,289687280422096896
ghettokidd18,535802226842034178
flonetuk,554247456410836992
anihelperrvt,11128839434
suvidhasewa,40673639388938240
hypepromogh,496688232869158914
imscottfree,4671165895
gossipblower,142299149801500672
teamfloeazy,510721643233423360
cassie_coulter,220291389999677442
flonetuk,554250058301202432
snapesltd,280386468143321088
efergy,109212650138910721
mrel_gh,502724252630794240
hypepromogh,557937612439429122
tyvalysobica,563681944257298434
vibeonvibezgh,517035362469040129
kophieferguson,502724252614017025
flonet_ent,569668490841473024
naseralzaabi,103772452676579328
holytorylane,562193075918086145
poppinglydia,271762276892168192
jesse_gh,497294896039227392
f_roese,208658982695469059
attolibaneres,32035996623175681
flonetuk,557823556483317760
irishfeisty,381130022775693312
staxworld,273461357549088768
notuhhuman,168113075797495809
marjolijnsoelak,337930250270932992
carmensaavesp,5018886697123840
minidaboi,79785824757088257
kennetharthur,431436781071138816
teamkoontakra,535904073669943296
mattbergman14,274195987461980160
hypepromogh,502195773891964929
essexfeed,38284655639662592
aliberrlin,553671677243310080
alwaynegh,506925348357824512
teamkoontakra,554243906129649664
bartvanoort81,29660728893898753
jenhaward,302191582340333568
vibeonvibezgh,497044286526205952
craftybiz,7506515627868160
wsenergyninjas,525126931503517698
edtgraff,23133146641
holmesii,543130822313009152
koo_ntakra,557931212145442818
keremgogus,139702851130769408
pinqprincess,19671815884
dcnyatl,494344021104283649
iconicearth,8974860856
hypepromogh,553672693229584384
aledgamble,47634916657213440
engelmariannem,289809096205533184
nickb313,385444523851390976
sylviawitteman,289672352789299200
ih8lemons,61453346065743872
charley_newyork,19914849883
koo_ntakra,503948887649165312
devilsadvcate,251304288612130816
hansterlouw,289698154813734913
9skyvo9,398228198632464384
munapuna,93772360783626241
designshifts,5312075052097536
koo_ntakra,558682694792781824
databrick,6111029890
straphype,553683202490236928
rishavrastogi,4322531093
hypepromogh,503495314779947008
twitpic4u,16837497724
ebabaji,85886323025645568
vibeonvibezgh,503056321969942528
applejuice14431,500852681922314240
hypepromogh,497132561240686595
promogeniusgh,554250242351431681
eyirapgh,538082592793583617
ksm_kwaku_misa,553693445391650816
goldenboydeano,542107956146622464
thebiggmann,263641755876986881
koo_ntakra,557588843931893760
almacenesexito,187630771283042304
superwebgirl,8677184803
rhymesonny,557271039215173633
flonet_ent,554258930529206272
vibeonvibezgh,548658515469160448
koo_ntakra,497416317851664384
efergy,111750156432588800
flonet_ent,554274877914746881
djmicsmith,557845922122858500
flonet_ent,554246840884133888
ppvat,50621070092419072
powasesoljaz,548657404490313730
vibeonvibezgh,554570090805751808
_deucejuicy,344668298870390785
leaheps,5677424387
flonetuk,554250954955300864
powasesoljas,515082368617811968
bmaelle,92302997463371776
kwame_seseben,555069835823316992
plymbuzz,448079966081925120
teamkoontakra,557834004448423936
teamkoontakra,553670737144582145
tekuwyhaqysu,561767355026386947
koo_ntakra,548647890730885120
vibeonvibezgh,553673283594616832
frankkykdupkdup,85883027284172801
spy360gh,554261109189136386
tweedekansjes,146559294266023937
simplymoua,11157524136
ernstonline,289694305713528832
lulesidasono,559237395883634688
vibeonvibezgh,557831346782240770
koo_ntakra,558245885994602497
googler_ram,378377255325413376
teamkoontakra,554571235884294144
teamkoontakra,510182412538892289
koo_ntakra,502407660877385728
flyingdollybee,91277902376734720
audi_h,127026998810918912
trendseo8,557849196750180354
phat_pat44,63047183330574336
koo_ntakra,505797080255070208
nasterics,497301920747618305
staxworld,273461516009873408
jrivera7,15866239094
hiruwetivawu,560311157529911296
renepieters,289675083654508544
palvdh,50627810561245184
rovinsan,9512836593
promogeniusgh,554247710090727424
jankooi,278631873612234753
promogeniusgh,554250182012190720
carmensaavesp,5018817700823040
queen_lataoife,258695740929503232
estherpunte,522483690426089473
m24fm,40383824189853696
applejuice14431,500852678839517185
vibeonvibezgh,505439941619646464
aarthisivaramak,222993318630522880
floeazyrocks,498134746623647744
koo_ntakra,557845214518607874
vibeonvibezgh,497130105035296770
dovick29,324962473801314305
jmdw,3718879860
iamteekaygh,545984981282344960
havellsindia,9520407817
ballygroobyto,542043516403458048
evyweath,276562972057403393
marieken77,1999305795698688
tmacxxo,259299061948100608
teamkoontakra,558190845032411136
sercanaydinkaya,401709502833385472
bd_daddyblk,542043598758629377
flonet_ent,553670254925451265
gpaulawhite,502724251573813248
efergy,104139153708564481
y1079fm,496687575890157569
lyolf,87090284021817344
polariscollprep,127019658418192384
teamkoontakra,545986180232527873
papaquasy,554389523040583680
djlordgh,554252026973274113
vibeonvibezgh,553678474737901568
sylviawitteman,289674359101063169
hypepromogh,503495401262305280
guybreton70,438660141786083328
flonet_ent,554246831610527744
gezalaxasez,560982169036681216
y1079fm,497294760738959361
bianckiealvarez,148731440497037313
samantaeddyyy,120510489791959040
promogeniusgh,569670700111400960
cameleo65569729,542105835837874177
diano_eko,11144983156
nickb313,385444996981465088
mariamcguinnes1,357274631398371329
waldamees,289689334217596928
hypepromogh,497324017851052032
terrykray,542408390622732288
fredgisguy,12110780674
sylviawitteman,289673160549351424
dj_selorm,497294906126508032
capssportinghat,238069833097433088
molinameow,431437806154813440
misfithair,431709868018638848
blurdevil,2234981638
efergy,93991194631213056
tkorganics,305834933618892800
dada_ahocf3,497298940459765760
c_verdetwitt,24317558109
koo_ntakra,537949333443072000
staxworld,273461783413530624
jornhagenaars,387166896505618433
marinesdl,108926641312505858
ugililivobuxo,531606493582614528
hypepromogh,545145577705840640
m24televideo,40376861879967744
yellob_,34678136180310018
hypepromogh,503495331766886400
ipromogh,558015219524714497
foresthillforum,441542292747603968
marketingyudai,2699695549841409
emawashere,73526778093764608
havellsindia,11085747455
podlebar,10570737813
chrizane_vanz,11157517797
lhvcollection,277556696858099712
geniet_duurzaam,22118921156
koo_ntakra,508649733259141120
vibeonvibezgh,497327978825908224
vibeonvibezgh,510183291224600577
simonpyne,27015900457
ghettokidd18,550585965916737536
otterstein,1204612424
gustavosoriano,98052370428215298
melrose093,324965392550334464
flonet_ent,554246837423865856
tamasbanki,10663705972
samsl69,562393870130880512
superiorgent,518329664306438144
mossicamara,513015950388764672
danieljonestat2,255903226090618880
hypepromogh,505439348113047552
vibeonvibezgh,496687932175319040
evomedica,35630308950806529
teamkoontakra,553671808629870593
johnphantome,569987330322391040
genevacollins,90222066695016448
sweetpanties_,542049396956082176
typefeed,161451857598881794
koo_ntakra,557245645703348225
according2don,494244819188076544
vibeonvibezgh,503494376434434049
flonet_ent,554250782552641536
dulachg,480466939819884544
efergy,106677406722572288
i_ofthestorm,111918042417606656
floeazyrocks,554243289298530304
crentsil360,546063766035910656
iamteekaygh,497862265576886273
koo_ntakra,554670057968902144
stevejo13347367,542115034805968896
nickshaolin25,551302617704706048
vibeonvibezgh,545985704040599552
m24fm,40317994735386624
iamteekaygh,554249003941232640
y1079fm,497118280801214464
flonet_ent,541913905669636096
yardinoctora,11145478276
leigh_andrews,98268176781021184
kiakia423,441673790687170560
vibeonvibezgh,496686228423843840
thinbegin,2017860943
creatiepje,289693099142311936
ifppe,327406146392576000
vibeonvibezgh,554569999227293696
vibeonvibezgh,497293823538921472
burcusays,7305343858
flonet_ent,554251069719838720
floeazyrocks,557942181772918784
megangraff,23129021854
7seventyfive,567773964525924352
ealbanc,331999647398776834
koo_ntakra,554250620266618880
greenrenaissanc,293311387650912256
majbooor12,542043770464661504
hypepromogh,497417812848427008
maryzatezalo,21102507548
djkessgh,496685989721800704
xnepali,50621570690990080
promogeniusgh,554251318597267456
1stupididiot,553686533539389440
officialhkogh,556733385520205825
teamkoontakra,517036625457864704
teamkoontakra,557938838501597185
alcoolwarrior,32035249214988288
flonet_ent,558955360216973312
havellsindia,11255642240
sexy_pastor,502725060650868736
theonlyagyengo,510181705039482880
flonetuk,554250616571457538
geekytechguy,92746191112126465
7seventyfive,537335775185350657
t_breaux,103619981568262144
flonetuk,510718665394622464
m24fm,40325671439966208
_dollpops,530373835779215360
luroguco,108589383476723712
ilovestyle_be,2703318723854337
powasesoljaz,535904683689521152
tipgever,53003666092855296
bs8177,472065388599992320
matthijsjuhh,50623979639160832
crosstheroads,11549145768
sonysoarrogant,25364203278
marieken77,2070831333117952
teamkoontakra,552743602649333760
hypepromogh,553672676179718144
m24televideo,40317995712651264
yegg,480472451126550528
seemsartless,15938135177
flonetuk,554250003452293120
joelorleans,497418112137170945
ahmedhany3061,549558225092476928
dhoogervorst,6695218840
k_friis,163547112913649665
kmullett,5365343592
richykiss,554591873231503360
flonetuk,541915557139070976
pdrarchitects,154846783099502592
promogeniusgh,557827775282032640
vibeonvibezgh,497365408161484800
zoae_ve,542292631406276609
mnietov,406172405015781376
jakedahlin34,263468302402220032
9skyvo9,361617191348600832
footballrishav,161319647961034752
ikowomedosefu14,522751452503347200
oh_eddy,542055961087602688
teamkoontakra,513411525651218432
promogeniusgh,553682162139275266
kaithrun,1204510049
applejuice14431,494911642514518016
invincewil,525713488778645504
tibidyus,193093226754867201
vibeonvibezgh,554570255054680064
teamkoontakra,553670344708722689
hypepromogh,552741267579617280
growoperations,296157208641683456
dannyofosu00,506925784586788865
hypepromogh,553672742080622592
flonetuk,554276064202358785
welivegreen,8644518238
hargain_g,542413063656177666
ebabaji,86007001070575616
tonyhaunschmidt,210466618755645440
promogeniusgh,554243749317206017
promogeniusgh,553671506262495232
visiondj,497298506026344448
iamteekaygh,554248086793756672
koo_ntakra,506925043847561216
paulschwarte,278631236551979008
joelorleans,496694340245532675
egiantonoo,520528301769510912
vibeonvibezgh,513410924234145793
lixoqoqowyp,564287318463217664
m_02_11,289682458943836160
geekaiganaine,113950195284328448
nosqldigest,562776111948779522
vibeonvibezgh,554570174159155201
1stupididiot,553686646366146560
vibeonvibezgh,554570204521721856
corma_agency,12690970299
kumicumz,497326617690386434
alevieu,332243922149601280
hypepromogh,554616719227228160
yannato,7639820210
tim0106,431696267602038784
prkanzlei,6691522124
visiondj,497296436443500544
dada_ahocf3,497298937179807744
ifuxehimetiyu,530844207817453568
teamkoontakra,554243836684550144
carmencorrado_,467286988794904576
trevorverdoold,285234096488210432
iamteekaygh,554250365789831169
askatechteacher,377473271937392641
bullhaus,497444429037596673
teamfloeazy,513029536330821632
redbeardandre,1784161742
koo_ntakra,549496192447840256
flonet_ent,554250765314039808
flipens,119530872184643584
eddiepistolas,542046850069823489
efergy,116903275030257664
ambroisemaupate,118368835295387648
vibeonvibezgh,503669344665350145
teamkoontakra,554571493741719552
grimsswagg,64989612967337984
freericesearch,16876423153
tekosohewuju,560107761136988161
vibeonvibezgh,504006418232774658
hypepromogh,497293144619515904
khemra,24041659304
pandavijaya,11278129715
jameiamoon,276561737929588736
floeazyrocks,549533116847902720
flonet_ent,516480192723038208
koo_ntakra,503264162794196992
koo_ntakra,554692985930387456
ladymonica07,344450543449686016
judahopotojy,554084264535277569
fourcheeze,15835524189
ryry_a,406428975494598656
foodeliciousnl,289674225965481984
shelaghh,15948630587
visiondj,497296458643963905
koo_ntakra,496685212445995008
snigerals,254274186774716416
lulesidasono,562768877382549509
hypepromogh,515047624156930048
koo_ntakra,553667440492957696
vibeonvibezgh,503494529476218880
porcelain5000,381158511603757056
flonetuk,516482305163272192
ballygroobyto,542043581931094016
freericesearch,16491687316
koo_ntakra,503625652344725504
koo_ntakra,503628565850910720
sammyforson,497325523996274688
hypepromogh,558020419157233664
krien,431694929098596352
moonenpackaging,288570018134896641
abettergoogle,4931012586
koo_ntakra,503991260982829057
kmjonvisionfm,503954131728748544
vibeonvibezgh,503056489008074752
leathertreasure,514072282051137536
drjoshuabox,402841810902319104
djmicsmith,554670178538373120
y1079fm,497416373430415360
irishfeisty,381168887750213632
m3nsah0000,502724251422822400
promogeniusgh,554049206370177024
mlamplmair,225511920101363712
kwame_seseben,502595271935926273
iamteekaygh,513376859607023616
marcelvanveltho,290046389168254978
milouskameulens,71144575347068929
forever_alonee_,55644936934129666
xiam_shasha,126088308752257024
kyzawefumej,558104068439441408
lenatue,448857340184645633
flonetuk,504017506122870784
carmencorrado_,467278278664134657
tweets_pick,9421647105
skirtsdownassup,571512575986282496
teamkoontakra,554571216183640064
hypepromogh,507116046814552064
robertkwettert,27960845021
vibeonvibezgh,497417121803280384
adrian_haro,138004684383322112
flonetuk,554250050432663552
888infinito888,532983264945131520
vibeonvibezgh,503494569896722432
thaiavenger,405607461794508800
shaimahadi,103747174617194496
vibeonvibezgh,504006295197061120
aleexxandre,14650023629
vibeonvibezgh,558204323474440192
topipynnonen,162860471618244608
ankmachine,10616552807
7seventyfive,542060123641102339
aleexxandre,14649939402
7seventyfive,544605857951277056
uloxewiwubizi97,522398611326255106
filmdept,160003199145754624
ahenkara,503244194123878401
hypepromogh,557292201215287298
dulachg,480473475459858433
cpxample,501765660658368514
kristina_geena,225886699882958849
koo_ntakra,502714506670522368
krabkinggh,558530479557976064
ogxpancho_,367860969869180928
davidforx,542250337848295424
efergy,96528769040392192
sonysoarrogant,25364122385
hypepromogh,503495446569168896
timotime89,162226017119895552
lococrazy10,544045066722246656
alcoolwarrior,32036906338353152
cyzunahe,552115314029129728
jankooi,278631537665245184
vibeonvibezgh,504006442815590402
seamus60259463,542054255587524609
promogeniusgh,553684030110314497
firmysk,557372352548577283
silebridl,258694951846678529
nydjlive,562889099749908480
riite,15992061140
lpireyn,78373068942213120
koo_ntakra,503309942649278464
promogeniusgh,554250218267738113
kwame_seseben,504047926122143745
m24televideo,40325672421437440
drpounds,503201625394413568
bigenya,1602635619
vivekontheweb,20381360796
carmensaavesp,5326452908105728
elizabethryne,256206987463909377
vibeonvibezgh,552742558515081216
vibeonvibezgh,554569963844149248
hypepromogh,497294424163221504
teamkoontakra,554571224102498304
ph_charrier,204725767995797504
wilbertvdhdeb,6696773594
js_digest,562777633247989760
dazzb89,542086958391263233
iamteekaygh,554250011996061697
neilbruceewen,51646673285419008
floeazyrocks,549478220593364993
karstenkneese,4912227930
flonet_ent,554249003203035136
9skyvo9,365675189272449025
staxworld,273461917178281984
rachy8686,47650328727916544
kopkegvhjfd2,104427937033486336
xtragames4free,564197471677456385
trendseo8,557849224239656961
teamkoontakra,558792717762035712
iamteekaygh,554248356491722752
antoine_mensah,505797818922311680
digimadness,54258109010558976
nivicious88,132012131808837633
zeehuss,122051431019716608
9expert,197513234767544321
vibeonvibezgh,502715915180711936
albertagirl46,3203550620418048
koo_ntakra,502898048687558656
socialpr_ie,315562331117600769
squibbyb,340290110560034817
hypepromogh,503305995473666048
pramo_007,12650950446
shelaghh,15882093485
flonet_ent,549836059799220224
rein_kels,503207749321523200
djmoneygh,554304393299128320
thaiavenger,465548724534378496
_justiceforall_,443030765425553409
gvanoosterom,324519154944200704
sikawekusah,543389601566433280
randomgirls101,542321479426138112
tacoold,522476472075051008
zokanhetook,22248804055
hypepromogh,508705760470384640
ipromogh,554261935060180992
promogeniusgh,554250268049932289
ponobiom,502409336476692480
teamkoontakra,553671733484347392
flonet_ent,557818209462927360
applejuice14431,500858261529432064
vibeonvibezgh,503055460279152640
applejuice14431,500867171111940096
nyb_live,569020882426986496
flonet_ent,554249129459998720
99yzf600r,542425605577248768
