teensturngreen,451166816794972160
erinschrode,451587966675070976
erinschrode,460625115861250048
hannahsky,316274425441955840
teensturngreen,458679809162625024
gabrielahealer,461979258085056513
marleenvkammen,324974857081212928
teensturngreen,448167015778230273
teensturngreen,460802043666788353
greenspacesme,462038183429935105
suitebrigitte,460626170300473344
natabu_coop,442024194390228992
erinschrode,317337145239040002
mcguire_clinton,453608808821313536
teensturngreen,318073056721514497
vt_ppws,453144138654183424
erinschrode,316263024212180992
teensturngreen,459704235878518784
teensturngreen,448155006521208832
hemphistoryweek,453220668037816320
bambuhome,332055355980918784
nrdcyouth,447778258021789696
hemphistoryweek,456482161437077505
erinschrode,320266710475223040
erinschrode,460052766627758080
croftersorganic,326822412517769216
teensturngreen,479387331187576832
teensturngreen,325288127684030464
croftersorganic,320265705595498496
teensturngreen,316918560574279680
teensturngreen,460747947752566784
teensturngreen,452176003540848640
teensturngreen,453593188750876672
cookingcart1,462265053103030272
teensturngreen,448210590708690944
barbvanry,452491544470114304
acureorganics,456167611919630336
hemphistoryweek,456482068579364865
erinschrode,320276124355665920
erinschrode,463690119736610816
teensturngreen,458726693205970944
gabrielahealer,459703632925974528
teensturngreen,450413523550482432
sassasaurus_rex,459488933907542016
teensturngreen,455752997235355648
americanair,320880038520172544
croftersorganic,321284670987849729
teensturngreen,452653013677916160
safecosmetics,448157189199650816
annathehank,376461708065128449
teensturngreen,536224960583184384
creation26,459020196246982657
erinschrode,319850769539022849
teensturngreen,451223589274914817
twistedpolitix,448866802269835264
teensturngreen,447866214258180097
teensturngreen,455851241890148353
useitsmartly,448785309132939264
kleankanteen,461212862724050944
zobascooters,323769083076157441
teensturngreen,474297039275044865
erinschrode,458776768913362944
erinschrode,459464596026580992
teensturngreen,324191161797455872
msculprit,462747617101770752
cheenviro,453643318090407937
dashofhound,452956441263886336
erinschrode,448917009149878272
ecojot,321319314533806080
johnfazzolari,313980555500871681
teensturngreen,452176941060091904
teensturngreen,448570350175932417
teensturngreen,459362642722058240
smokepotcoins,453592838702641153
gkenviro,488994434315333632
teensturngreen,453606357137387520
erinschrode,445693586361696256
kleankanteen,444197624380260352
zacharyhecht,460904140114522114
juancamilomira,459690758451503104
jwestxo,476070138563686400
teensturngreen,458626332663226368
nathanj35780929,459700283874893825
erinschrode,320319722283491328
hannahsky,458739321215123456
teensturngreen,316502155529945088
csrwire,323511654006550528
teensturngreen,461953476801880065
teensturngreen,458678310831423488
reciperadar,448156356449959937
croftersorganic,334013895255670786
erinschrode,448275753507880960
eoproducts,461991404961406976
craigruark,371735679279333376
cleanairforudel,488347039269654528
teensturngreen,332227621326827520
juanmx_17,459509086816460801
teensturngreen,453593039563681792
vcuhempsociety,453601068208095232
designerjumble,451973408000344066
erinschrode,317683098412253185
teensturngreen,461981137590833153
erinschrode,448157823277334528
gabrielahealer,460939463435091968
jamesgormley,449194978754166784
acureorganics,327823780074356736
teensturngreen,321748581390360576
kimpton,458281260172185604
mathieulamolle,319171136409702400
cleanbinproject,316317239752134657
megoon_fuerst,448571687966343168
caroleighpierce,451764952786034689
rachelcarver3,459367976115109889
stu_r_chap,464791331026776065
hempathic1,450820095670251521
teensturngreen,449215065028587520
teensturngreen,317627797050896385
greenseal,453956601779875840
threads4thought,455787749455720448
erinschrode,473564050446508032
teensturngreen,454015859128664064
crowninggifts,451434171320516608
teensturngreen,456202714934804481
mln1327,454002808665432064
drbronner,442026070129135616
teensturngreen,461968021423419392
wholefoods,326438803730485248
teensturngreen,455812144320495616
erinschrode,448310696862695424
teensturngreen,333354065419452419
teensturngreen,460924269892206592
drbronner,317677165632167937
etsyrecyclersgt,458674238120275969
erinschrode,453324730871713792
bee_uh_trizzz,452961135223128064
berardz,458743374171111425
erinschrode,316678133833166848
stu_r_chap,453771230248972288
reapbenefit,453742253500928000
guayaki,454065286052732928
erinschrode,317628604634759168
victoriaayang,460851907230457856
teensturngreen,458002770252275713
linthepatrician,452999573141995520
stu_r_chap,457207192715026432
teensturngreen,460893547374592000
mike20103,451464083574099968
furbelowfarms,461840639538122752
hemphistoryweek,448863876172353536
manitobaharvest,474354361708347392
stu_r_chap,461223832125468673
teensturngreen,459682566833180672
croftersorganic,321312738938867712
gabrielahealer,454067348287127552
8extremes,455746375624294401
teensturngreen,451176898643496960
teensturngreen,451454891966201857
uoflsustainable,448874874615103489
rwgarciasnacks,449243444699856896
teensturngreen,453582356046032896
vtsga,453269987818762240
kcooney13,323907735483736064
erinschrode,319903568222117888
sol_inspiration,320338844077658112
teensturngreen,451142852920107008
teensturngreen,458652785983361025
teensturngreen,448278717802885120
teensturngreen,321320062977982465
erinschrode,499376254928175105
twistedpolitix,448866631481962497
teensturngreen,454017049690255360
happyhemphippie,453663097341755392
teensturngreen,467441113125486593
teensturngreen,453253365141491712
teensturngreen,451896388532445185
lokoyote,454003433776099328
rochelle_matla,473877822033780736
teensturngreen,448799361275686912
stu_r_chap,461223748402958336
bornforreason,454398402722557952
hannahsky,458679836517892096
hemphistoryweek,448864067948539904
teensturngreen,452188332865249280
rwgarciasnacks,459741699560841216
erinschrode,455785012772999168
carsinogenic,451916259345448960
teensturngreen,462017070830731264
gabrielahealer,458742339377184768
vcuhempsociety,453057067054813184
hemphistoryweek,448127113531375616
futurefrockltd,451953046244052992
almatrends,461954338303520768
nanavitac,459549199088902144
christiaaannw,459549778393571328
teensturngreen,451923128151597056
vcuhempsociety,453604576776978432
erinschrode,455856134562545664
julialwhitten,318762425925107712
teensturngreen,315959516384612352
rareform,469854286579392514
ruthie_burrows,321804021570613249
teensturngreen,447762193207918592
croftersorganic,316255737162645504
erinschrode,453284361580736512
croftersorganic,452956108387143680
roperbkkg,445218317302001664
erinschrode,448212515474776064
thinkgreenfashi,325013687494639616
teensturngreen,456312533406593025
stwapparel,453505640011689984
erinschrode,455648062942494720
erinschrode,441514957478170625
teensturngreen,447799594471014400
teensturngreen,326448291590045697
julialwhitten,326714988075032577
natracarechile,452425658413506561
soutenirlc,459044226899390464
twistedpolitix,448866390137503744
amarantaxxperez,459507269533585411
teensturngreen,458726698838949888
teensturngreen,327869148229156864
erinschrode,451929378436308992
teensturngreen,448941600652410881
teensturngreen,459422026319814657
teensturngreen,445784126097223680
hemphistoryweek,453220623217471488
sarahykhan,458671506810494976
thepiffler,459477588033810433
hemphistoryweek,448864136487636992
teensturngreen,448873053972594688
vtgreendining,453242091347673088
teensturngreen,461829869668958208
moodyliciousspa,452956365141454848
drbronner,454960098851688448
teensturngreen,453966929699414017
couturelove3,452277647305736192
acureorganics,453937658226421762
b_morekali,459413607877709825
hemphistoryweek,453277401951117312
teensturngreen,324599392294293504
teensturngreen,320281046061047808
etsyrecyclersgt,456219931692920832
umnsustain,459480180776382464
erinschrode,451161828475691010
teensturngreen,458734375774208000
vonotnott,367330057305333760
haroldggg,320945463312392194
hemphistoryweek,460553156322021376
acureorganics,460892172582420480
teensturngreen,459472885913251840
teensturngreen,321348481434402816
teensturngreen,451924506051739648
teensturngreen,449427246382469121
teensturngreen,449203902731145216
ace_kiid99,452958961055318017
artterro,461949045490339840
in_gredients,318521967420530688
shapingyouth,317319150575951872
bornforreason,453885590019514368
findingsmktng,449319642759061504
desertessence,459713308103553024
teensturngreen,321675541994422274
teensturngreen,458752285569732608
teensturngreen,453234355209400321
sustainablegu,458675757599191040
vtsga,453130453240000512
atoomey15,453620635952889856
teensturngreen,447799543791226881
numitea,321367781813665792
teensturngreen,456196597609533440
teensturngreen,452519009632522241
twistedpolitix,448866001187139584
teensturngreen,452268869659279360
teensturngreen,458753287085654016
croftersorganic,316256865476558848
erinschrode,458737801417465856
teensturngreen,460862424246403072
croftersorganic,341656741328588801
numitea,319901280673882112
teensturngreen,455752037549232129
guayaki,462019582308253696
erinschrode,454026174662852608
teensturngreen,449204323507908608
erinschrode,454019701236981760
erinschrode,459434756812582912
teensturngreen,459469584169709568
teensturngreen,455755615126962176
teensturngreen,461005944298942464
bornforreason,454771606733467648
votehemp,474349701379399680
mommawins,461991663041122304
erinschrode,453957406473474048
drbronner,447831297369833472
teensturngreen,447720165858238464
teensturngreen,451763402369560576
vcuhempsociety,453625010113220608
bornforreason,453839136404025344
noplastixdani,317632980501794817
anaaa_arguetaaa,459508819744546816
erinschrode,452153888657776640
annathehank,374256734359261185
garioncoyote,456479063419277312
teensturngreen,455845700102660096
kleankanteen,453320115233103872
teensturngreen,325015907980156929
teensturngreen,319971244927746049
earthandnature,458630486194405376
croftersorganic,324623571953545216
teensturngreen,459422393279463425
combfit,449659716692480000
iosierra,453204288743821314
pattecom,448870404581765120
teensturngreen,321498561370025984
erinschrode,448211082935402497
hannahsky,448929159293972481
thearttable1,449147804896997377
laurcoffee,449253024754442241
teensturngreen,460913452111106048
teensturngreen,319801818467164160
teensturngreen,321754383324954624
qtqt25,474349432625192960
teensturngreen,316668302103552000
teensturngreen,459507976177729536
teensturngreen,448584741470486528
pandynicole,451048442903547905
lexi_s_august,459369972683538432
teensturngreen,459727130692435968
croftersorganic,319840888316641280
teensturngreen,459365914174312448
numitea,316951162836353024
lotsoflovealwys,453605501767778304
lilfamadventure,453233822100770816
kimpton,324612966622318592
lucilewooters,453954944199323648
guayaki,315881731737657344
zero_gov,448872386553581568
teensturngreen,448861137224728576
teensturngreen,451170197915713536
erinschrode,448181445433888768
save_sahs,455844124697296897
erinschrode,319893983293734912
teensturngreen,461964137128796161
hannahsky,453980049528868864
teensturngreen,448860847654178816
safecosmetics,448351702371303424
gabrielahealer,448812686831140864
rebecca_kristy,319929328043442176
peopletowels,316299499117109248
teensturngreen,460052463635415042
lucy_seeds,448190429444730880
ecojot,319823041662177282
rahsomecards,448879398255476736
acureorganics,448849344850952192
teensturngreen,458725986188951552
teensturngreen,374753314358841344
teensturngreen,459786949814153216
ousamedusa,453637130913193984
erinschrode,460913738967957504
teensturngreen,448581743776256000
eatlearnrachel,319960492825264129
beargrasscreek,448886795871481857
teensturngreen,448109678157770752
teensturngreen,451569079568982016
injecttruth,448835107441614849
natracare,453265040997486592
teensturngreen,462018547649363968
ruthie_burrows,325286090934214656
croftersorganic,323861472935546880
teensturngreen,451158737273626625
teensturngreen,449669553732071424
freeandclear1,448357054525497344
naturallyjenna,461205225261375488
etsyrecyclersgt,453217487770107905
ethicalcompany,461160241078730752
kutztownu,455736304396165120
wholefoods,448917566535528448
erinschrode,320190080142692353
teensturngreen,459489372870815744
teensturngreen,453256728990068737
teensturngreen,460935072729038849
bornforreason,454469806482554880
teensturngreen,463741811928735745
erinschrode,462020169989378048
chipotletweets,322559355243347969
croftersorganic,316649660519424000
teensturngreen,453965015649767424
teensturngreen,513695552022663170
msg5_,448864015104491520
hemphistoryweek,461223305005907970
teensturngreen,449196595112730625
hemphistoryweek,462612888687890432
hemphistoryweek,454328207391481856
rachaelabaxter,316349670593007617
drbronner,448806502149935104
mersdclimate,462037106559553536
ashleykoff,458693844927004672
teensturngreen,327981189619142656
teensturngreen,460805632866942976
erinschrode,319885672565587968
teensturngreen,324584823140282368
eco_ua,321821125430611968
pattecom,448871806834077696
chipotlecampus,449606883645485056
cupoem,459727389187375105
teensturngreen,327869836808032257
greenmovement_,474350152346783745
teensturngreen,459474472651997185
erinschrode,448863106874474496
gchesman,319637980052594688
globalgreengame,461909058513928192
erinschrode,453968448926674946
teensturngreen,325008292172660736
aporganics,488738541074395136
teensturngreen,445244805971738625
erinschrode,321498375612669953
villagemeridian,461236843275513856
hcasurf,319631897535848449
gprksh,451970970161381377
teensturngreen,460052513849626624
teensturngreen,454019732258054144
erinschrode,481198981729361920
guayaki,448263466525003776
croftersorganic,448167108283596800
umnsustain,451901271822598144
syracuseparks,451180639593570304
sydddneyhennn,454089201714491393
vtsga,453130500706947072
reginaryerson,453599651678404608
drbronner,456478833315565568
qtqt25,474346997978513408
jwestxo,318596805866713088
acureorganics,473564244433453057
natracare,462164508950020096
erinschrode,453752851412832257
erinschrode,316343164392853505
teensturngreen,455361046148968448
victorianed,458632690858606593
teensturngreen,451161869307232256
teensturngreen,459374586560540672
gogoldgogreen,316955354644750338
guayaki,462038233535086592
syracuseparks,448282402675097602
volunteennation,499178443401998336
erinschrode,441236980089626624
josappho,453023831821533184
lcmagazine,316536422024740864
teensturngreen,460847130828369920
vtsustainable,454017787233853442
teensturngreen,448577173163884545
teensturngreen,449197504341737472
teensturngreen,322379949652725760
cartonsmart,453594307208179712
teensturngreen,453325764817993728
bornforreason,455095234352132097
jackieescott,453326054661558272
annathehank,331599009951137793
natracare,461067243518844928
bornforreason,455236759866314753
rwgarciasnacks,455116043199856640
teensturngreen,460899828655206400
hemphistoryweek,448863891741618176
teensturngreen,455710513381801984
morganbolive,455759642959036416
croftersorganic,321284886864478209
body_makeover,320020946629042176
teensturngreen,459727066100166656
michellwoods,458666547197018112
votehemp,461952663848902656
teensturngreen,389068512884305921
teensturngreen,455754149490343937
bruce8902,458729364771708928
teensturngreen,458726869123477504
hannahsky,444192124721172481
teensturngreen,459486229613268992
teensturngreen,458747173187104768
chipotletweets,456198489391644672
kb_virgo,324658778911961088
teensturngreen,461943495625048064
spacecraftorg,451434788512350208
megoon_fuerst,453965336967405568
desertessence,449227048889110528
mbarlondsmith,448580319700983808
chipotletweets,459438712133148672
gabrielahealer,459701766406144000
erinschrode,448528475431776256
teensturngreen,319635621473832961
hannahsky,317406823323926528
ecojot,453979649878401024
teensturngreen,448578421619056640
teensturngreen,319859710109036544
erinschrode,456220555364941826
teensturngreen,445784123949723648
aus10sible,453326033337745408
teensturngreen,320317358495367168
realass_juan,448839025315414016
safecosmetics,459806973710856192
teensturngreen,460897039698903040
teensturngreen,456202266857312256
teensturngreen,319842651803353088
tall_tree,455756678697615360
megoon_fuerst,453693703170056193
acureorganics,453636656424157184
teensturngreen,324977887256133633
bulidmaster,459506861599752193
teensturngreen,447781068364455937
rattazzi88,461280264136564736
teensturngreen,459799732597321728
teensturngreen,458737293483053056
croftersorganic,326751564150763521
adrian_1818,452955780807806977
teensturngreen,447849720619094016
megoon_fuerst,452955926660911104
drbronner,448279543988895745
teensturngreen,455419944595767296
organicspamag,316330164818702336
valentinaspdx,448284670875009024
teensturngreen,459702145973903360
teensturngreen,319858415159631872
erinschrode,317754845996134400
teensturngreen,451587894612746240
erinschrode,462014827805032448
teensturngreen,325012805373808640
vigilanteats,460667221489225728
teensturngreen,448569971938197506
teensturngreen,449009083296002048
teensturngreen,448574828857933824
erinschrode,462027978902601728
bornforreason,454527227372511232
hemphistoryweek,448864232382005248
hemp_era,316641412328341504
erinschrode,459687761113808896
erinschrode,460787487808692224
suitebrigitte,460451466952458240
teensturngreen,459467398647930880
reginaryerson,451107342566711296
desertessence,461219846001545217
teensturngreen,319168039948001280
ashleykoff,458716930682388480
hemphistoryweek,448864034108891136
croftersorganic,316684974503890944
teensturngreen,462001125248737280
hemphistoryweek,454289834928918528
hemphistoryweek,453024939709181952
teensturngreen,316256217041362944
guayaki,451177820308267009
acureorganics,456513160564850689
winkinsunhemp,455860850608590849
gaiaherbs,451554988276584448
utaustingreen,459018059299028992
drbronner,316254474341580800
teensturngreen,460626110364266496
teensturngreen,453577871504592897
thesavealliance,455889819416399872
teensturngreen,319839580197105665
grownyc,455395301051080704
reginaryerson,455759494471876608
cahowell1956,462617324575408128
teensturngreen,455761044502478848
erinschrode,319816770103939072
teensturngreen,448251554764554240
natracare,459687923521437696
lsorenson5000,459564176277389313
erinschrode,459430306635055104
teensturngreen,330193321039364096
numitea,448514623923552257
dontucallmelady,459589687791722496
teensturngreen,461949416438779904
hemphistoryweek,454289887353503744
uoflsustainable,448858490828619776
hemphistoryweek,459019048659849216
teensturngreen,459843879685328896
conscientiouslv,448314619673972736
erinschrode,314536021834493952
teensturngreen,453954574299058176
toriholthaus,453742294097596416
erinschrode,452956142256136193
teensturngreen,324573168633278468
erinschrode,313907564213592064
croftersorganic,325646114378362881
alfrescoeco,315919784275476480
teensturngreen,455647969161666560
rwgarciasnacks,452186021182988288
alicecortes7,448893663163076609
erinschrode,315956523878727680
teensturngreen,460916332973010945
stu_r_chap,460776319186644992
therawise,451916507648655360
realass_juan,453295129097285632
teensturngreen,317699310802309120
meghanokelley,448527807283351552
teensturngreen,319815301971734528
teensturngreen,460910057962889216
erinschrode,319621514385305601
ashleykoff,318597979252592641
bornforreason,453798982335361024
onelovemc,448864537219846144
erinschrode,464196715696779266
rachelsnews,459722954432315393
sweetonekim,451915866888617985
teensturngreen,455367545994747905
8extremes,459470295267438593
erinschrode,448500217038397442
erinschrode,455713967059791872
thesavealliance,455889792673546240
hemphistoryweek,448863990416830464
ecojot,451347973167792128
teensturngreen,316929297736679424
teensturngreen,455732882330632192
teensturngreen,453595617349345280
croftersorganic,324578931338526720
umnsustain,459477933547995136
ambuuuur09,459515872013320192
ecojot,462238765105152002
teensturngreen,461830000682217473
juancamilomira,453552087398625280
teensturngreen,459483189896306688
croftersorganic,324624386101485568
m_kat20,459509271785271297
teensturngreen,453968848321269761
teensturngreen,459439679977185280
teensturngreen,462019933917171712
teensturngreen,459700437315518464
acureorganics,453262723267035136
cuwillvill,320270599983341568
teensturngreen,455903378233896961
teensturngreen,449658730733244418
heartsforpeople,451452297311424517
teensturngreen,458725563386306560
ecojot,458250205620862976
teensturngreen,456222073275154433
msg5_,448864042388447232
teensturngreen,459467925045645312
ashleykoff,449197743421259776
modernsimplicty,459466870966321153
teensturngreen,448185579503497216
greenmovement_,458695990737129474
toryannewilk,447858223601549312
fash_revusa,455800285042995200
erinschrode,474353053055733760
teensturngreen,320951272784158720
ecojot,458984566414245888
teensturngreen,453595213697929216
teensturngreen,460868965087326208
teensturngreen,319971687733018624
ecojot,456094299986198530
teensturngreen,488170404054171649
etsyrecyclersgt,449504569765404672
erinschrode,449021185322274816
teensturngreen,448587889719263234
erinschrode,453318740952625152
teensturngreen,449193950273089536
gogoldgogreen,327986944258748416
rwgarciasnacks,448154145069871104
croftersorganic,316256434574749697
coolmig122528,458688748918960128
erinschrode,320319750863474688
teensturngreen,461946690275397632
guayaki,454065352297545728
hemphistoryweek,453220783498616832
livearctic,333497582099771393
gabrielahealer,459726758414000128
shoestainable,457238724678791169
jasmerritts,465984313436430336
erinschrode,326392304577433601
vocnederland,449683811249717248
teensturngreen,458280597388275712
greenlibdems,452522246918389760
teensturngreen,455856090866262016
leothethird,453369410338553857
gabrielahealer,448812464570761216
nathanbutts,459442509845106689
erinschrode,458739266508840960
hannahsky,448348154589896704
trentreker,461223574624141312
growingwarrior,459826015209259008
teensturngreen,453972828358852608
teensturngreen,448259431587786752
peopletowels,451095007328731139
aggykins7,460436982829948928
teensturngreen,321326947286257665
ctd_cjmac,463668218054193152
teensturngreen,324598107910307841
teensturngreen,451046590568861696
teensturngreen,456316732526051328
meghank_mc,453689400887881728
nutiva,474354064906395649
teensturngreen,404100792862273536
teensturngreen,451762321849724931
starheartly,459510068124188672
ashleykoff,458749843272634368
teensturngreen,448260810448437248
hannahsky,315960738499932160
kleankanteen,451842422767497216
erinschrode,342063409048739841
ashleykoff,318224051267059713
freeshopping_,462251162142797824
teensturngreen,461198404874670081
erinschrode,457233330103394304
erinschrode,322070752641810433
erinschrode,453960289705152512
claudiauthorsci,319638716421373952
sig_mundo,459403424397033472
erinschrode,319893315598286848
peopletowels,488359185869201408
hannahsky,448194726697914368
reginaryerson,451103536240009216
erinschrode,448929125223260160
teensturngreen,334220140264689665
ruthie_burrows,324968265430466560
borsomething,475717595497521152
hemphistoryweek,448863825819729920
teensturngreen,326494898071142400
aubreyorganics,465907721037168640
teensturngreen,330385700727951361
teensturngreen,459829126049038336
teensturngreen,448087051489902592
guayaki,462739240376217601
gonaturalistic,484008716828569600
erinschrode,330386847136108544
erinschrode,459083441578209281
teensturngreen,453269208885772288
greenmachine710,454290697416228865
garioncoyote,448586694913458177
uoflsustainable,448447049097175040
erinschrode,320662025749557248
teensturngreen,453163983340441601
themisandthread,461839475908558848
brandgreet,454232571107233793
acureorganics,448850129307451392
teensturngreen,453641493878542336
teensturngreen,453966101022380032
teensturngreen,452173323951017984
gaiaherbs,454243317812056064
abeego,459373259205529600
cccnebsustain,328012058442473472
ecojot,462238489606512640
teensturngreen,320267684522635264
suitebrigitte,461153326545911808
kimpton,319860362738548736
riceugoesgreen,316213800938389504
teensturngreen,455753559179788288
kyliecurtis5,459513276226084865
erinschrode,464792973172277249
missmeiks,458632051705782272
teensturngreen,456434306202599424
teensturngreen,460865496649576449
teensturngreen,455715917885091840
women4earth,459715132201783296
erinschrode,453977509735174146
dxe_wayne,460997935421861888
erinschrode,458669813460922368
ecojot,490183155312496640
bthenewgreen,459490464727859200
croftersorganic,322368401353883649
teensturngreen,448928607830675456
yapadopressroom,446206145972428800
uoflsustainable,448929347575877632
erinschrode,334556056040656896
acureorganics,452541882040467456
teensturngreen,459004267798736896
teensturngreen,316252868489388032
croftersorganic,318777369777278977
aus10sible,453301276819062784
madeleinewelsch,456272113867845632
bornforreason,453927202082803712
kleankanteen,451122574341074944
lauriemoonpr,455082743744188416
nowwellness,449667446501146625
chipotletweets,448257757179699200
larajeanhammond,459019267959439360
teensturngreen,448898046982512640
teensturngreen,458725607204216834
erinschrode,460915831699177472
erinschrode,459440243843018752
teensturngreen,318905578296586240
kelichia,499063942728413184
acureorganics,451113710203846656
teensturngreen,321306162316320768
erinschrode,459019673569599489
teensturngreen,329733172642320385
teensturngreen,322292079441096706
teensturngreen,453978218131771393
desertessence,459712743088480257
teensturngreen,460800588339757056
greenseal,453234866403168256
teensturngreen,453354304976719873
bornforreason,454197632102318080
erinschrode,315846904414089216
teensturngreen,455812993969061889
erinschrode,448271294056771586
teensturngreen,458625584936280065
erinschrode,319853944425836544
teensturngreen,460897585646280704
unfi,448489986535718912
teensturngreen,316642736130387968
teensturngreen,382342767889768448
guayaki,452964047520935936
erinschrode,451186216587640832
teensturngreen,456520660815081472
teensturngreen,448586444031164416
etsyrecyclersgt,448286740571500544
chipotletweets,452954132731555840
lapizca,451581636069433344
csrwire,322069474079547392
soutenirlc,464813290494132224
erinschrode,316504518693097472
teensturngreen,458664243957866496
erinschrode,462260010933026817
desertessence,459713093225152512
croftersorganic,316684843780018176
teensturngreen,459469198767697921
teensturngreen,316256391562158080
vcuhempsociety,453058665126567936
teensturngreen,459714864441995264
peopletowels,453997830714429440
teensturngreen,459421524001562626
uoflsustainable,455812655912329217
hemphistoryweek,454289675557957632
megoon_fuerst,453992277854392320
teensturngreen,324291295998783489
cornelldining,461937988927508480
seth_leitman,448439267933818880
sciencefreak393,458727508230561793
teensturngreen,458734911252619264
teensturngreen,453358007775412224
itsmeanya1,460844412256653313
teensturngreen,319807716879114240
teensturngreen,461973399326437377
teensturngreen,449201784201150464
erinschrode,319971882168352768
ecojot,325372870345760768
teensturngreen,452956063759749121
teensturngreen,464792883133173760
gaiaherbs,452099022434873344
erinschrode,319813336030142464
teensturngreen,451089058534412288
teensturngreen,461198726607151105
chipotletweets,458778756597809152
women4earth,458630711428128768
teensturngreen,449007507521142784
teensturngreen,455713983925092352
lifevitalclub,460805143295164417
bornforreason,454005404918616064
annathehank,374255907691307008
teensturngreen,332228025657749506
foodeur,459603985075556352
teensturngreen,448570703105634304
hemphistoryweek,462612994933809153
lilmissscooter,479579824374427648
guayaki,456613392602509313
ecojot,448910230412214273
ecojot,327193815708479489
acureorganics,448849284515889152
vcuhempsociety,453601659646922752
erinschrode,452653062742896641
teensturngreen,461955360283435008
teensturngreen,453974366657597440
rareform,469855760315187200
teensturngreen,488734776401350656
erinschrode,316455869405601793
teensturngreen,458611496801808384
teensturngreen,459333904294739968
teensturngreen,453195016132128768
teensturngreen,316988691300106241
erinschrode,316504565132439552
teensturngreen,458726513886887936
khoeth7,456521593338880001
teensturngreen,448589023540301824
bubba310,452977194969468928
guylzcjf1,316254243742961664
teensturngreen,449243117774856193
teensturngreen,447539965681872897
llindseyypesekk,452974211804299264
teensturngreen,453238926325465088
kutztownspark,455772552254984193
starwin21,453677662888673280
teensturngreen,458786461899554816
gmoomgfilm,449235846655258625
ecojot,325617101450657792
teensturngreen,459718748426207232
teensturngreen,459698771438628864
greenheartsinfo,452955910261198848
beethedesigner,458675438764969984
teensturngreen,454017214765465601
teensturngreen,324232349116157952
californiadtsc,441617412836708352
recreatorla,448572952720580608
teensturngreen,316920635282583552
ruthie_burrows,460954787828494336
ashleykoff,448251622381338624
erinschrode,319459563042635777
suitebrigitte,461153952017305600
livexlaugh_love,452955867785461760
nick_carfagno,452963805493207040
teensturngreen,449165853855334400
drbronner,453201940936396800
erinschrode,319863786150445056
teensturngreen,321728407341785088
beeroofgolf,453987275383525376
nyugreen,323847583153926145
teensturngreen,316677305185484801
teensturngreen,314530760054951936
hemphistoryweek,453277440249315328
hemphousedoc,449681112676458496
readtoknowhim,454776683825209344
teensturngreen,453682813280464896
teensturngreen,326044263580315648
erinschrode,451745026502955008
beeroofgolf,453987477628284929
natracare,448086713311952896
bambuhome,330180933338673153
udalumni,459282681793368064
vcuhempsociety,453765466100887553
erinschrode,317628494827880449
teensturngreen,460807722846654465
teensturngreen,318908386668322816
drbronner,453250216914087937
teensturngreen,451884879404228608
megoon_fuerst,464196930453913600
hemphistoryweek,453220733011755008
teensturngreen,462017405771067392
pandynicole,451098864691343360
teensturngreen,458731186903613440
readtoknowhim,454522503952867328
thepengyo,458664154694709248
eatmymealey,459364770551201793
teensturngreen,317334698395328512
annathehank,375421167651155968
teensturngreen,459721749765304320
rahsomecards,448872177194893312
teensturngreen,319868617850253312
teensturngreen,320259999999852544
teensturngreen,458629677771665408
hannahsky,316275856462983169
save_sahs,448528622060838912
gabrielahealer,458725466367483904
teensturngreen,371732749746315265
teensturngreen,459466577025708032
teensturngreen,447437551423332354
teensturngreen,499375501085900801
noplastixdani,317632891209273345
stu_r_chap,460435761012408320
teensturngreen,319939315104882688
teensturngreen,454268737923739648
hannahsky,441583283366023168
erinschrode,326389268853436417
teensturngreen,458626946558361600
iaam,456468163434004480
etsyrecyclersgt,451925498210570240
raylahenry,459780710400667648
teensturngreen,459015713186148353
hemphousedoc,461260331558264832
croftersorganic,319605180750520320
erinschrode,451223272235880448
acureorganics,456533429559889921
teensturngreen,461855067281571840
teensturngreen,474345354268127232
rawveganreview,323290498011889664
natracare,316259164022259712
teensturngreen,459195103614353408
maddyystaceyy,452965937470119937
croftersorganic,327870268418715648
teensturngreen,319937896784228352
vtsustainable,459724833010753536
gchesman,322069003482824704
nadiezda67,458286396646883329
teensturngreen,318519614785064960
acureorganics,475719817149026304
leckerbox,444216593430900736
morganbolive,321764168720056320
teensturngreen,316505295033626627
teensturngreen,459829149151293441
teensturngreen,453957319215153153
erinschrode,454668064668127232
teensturngreen,459019828553318400
awrecbawdwrin,452960019676291072
croftersorganic,325334248145948674
rwgarciasnacks,461580550625452032
dananachman,448250182334160896
teensturngreen,318514540377686016
combfit,458634599522791426
barnardecoreps,324620816836874241
croftersorganic,316956064505548802
teensturngreen,453579412043071489
cornell,461851023456612352
erinschrode,464536728855130113
positivelyjoan,460897830995898368
desertessence,319861301281165313
rj9614,456270833598492672
lorileal1,474349466666147840
teensturngreen,448175254490185728
seberhealthyliv,324600671758327809
erinschrode,453354509117698050
rebecca_kristy,364502622402658304
megoon_fuerst,459471328081616896
wholefoodshou,448463046344982529
shcherbakovnv,320281110829473793
teensturngreen,459844402153021440
readtoknowhim,455059708806959104
teensturngreen,455804189189619713
erinschrode,319200773269508096
drbronner,442020004720934912
hemphistoryweek,453024789301440512
stu_r_chap,456905669850181632
teensturngreen,318839902273949696
teensturngreen,458727638618898432
erinschrode,447857296438071296
teensturngreen,456221978135769089
teensturngreen,314031801905586177
teensturngreen,441616177052147712
teensturngreen,316443823410651136
teensturngreen,536717435215167488
erinschrode,317974077899952128
teensturngreen,458726209191690240
freddelmer,459722795979522048
teensturngreen,319842749132177408
gaiaherbs,457983386507030528
teensturngreen,458694588941996033
hemphistoryweek,456915364027183104
teensturngreen,452166305513078784
erinschrode,459727482242203648
hemphistoryweek,461223129021284353
teensturngreen,459718488169652224
natracare,448578232028524544
hannahsky,319885733601083392
green_table,464149252558426112
teensturngreen,316648789207289857
noblehour,315190178073411584
exdelights,459509783599800320
blk_hospital,451225798221910016
teensturngreen,451056492729221120
julialwhitten,463718331128635392
twistedpolitix,448867778552811520
rawveganreview,459830214559010816
teensturngreen,460893049204518914
superleea9,459507950009061376
teensturngreen,458730212310908928
fairnfriendly,458664356876939264
croftersorganic,324623339954008064
teensturngreen,451128780351107072
effiemissy,460898633148530690
erinschrode,332757429148327936
bigbuddyq,453662221885652993
teensturngreen,463513125891760128
teensturngreen,453171542168309760
guayaki,324611996144246784
meghanokelley,448528554427297792
croftersorganic,322722193589010432
teensturngreen,453966507895033856
mattie_trd16,452958943502155776
ecojot,319823548124364801
teensturngreen,316955985640030208
gonzalopineros,455771057224302592
croftersorganic,323861259298689025
acureorganics,448850179987226625
teensturngreen,453956868428161024
teensturngreen,452996144038043648
erinschrode,459718073294274560
natracare,460735181628772352
erinschrode,461970372347564032
croftersorganic,316568377260916736
hemphistoryweek,448864052752576512
vanpotamianos,460630017601703936
teensturngreen,453202067578843136
desertessence,463818032330989568
teensturngreen,448006552696270849
hemphistoryweek,450669793968787456
erinschrode,458679844575145984
teensturngreen,319914422187487232
erinschrode,451046683556585472
teensturngreen,460801055887196160
teensturngreen,453675278603390976
guayaki,461954178542493696
teensturngreen,453596266610839552
alanazimmerman,458746158098030592
teensturngreen,456203209833340928
nveinstitute,461962981962567680
duhitskristuuhh,455871302306656256
alisonsmeallie,459366839962050561
csrwire,319555701288628224
vtsustainable,451358678957182977
theecvt,453133351499862016
j_sayn,461995976975478784
teensturngreen,455726332308385792
riceugoesgreen,448209748840550400
mariandaniells,452091341628272640
teensturngreen,448275293183041536
croftersorganic,451072016087392256
erinschrode,449654707351339009
riceugoesgreen,447710340394930176
chipotletweets,455834807918809089
teensturngreen,462204701657010176
croftersorganic,320270961129713664
hemphistoryweek,450670109359480832
teensturngreen,455850524357984256
teensturngreen,452952409200160768
hemphistoryweek,448863606940000256
teensturngreen,462093629473832960
fash_revusa,455800027248484352
teensturngreen,317795282303717377
eeeethannnn,455732542088683520
sciencefreak393,458726520593588224
hemphistoryweek,448863794303746048
acureorganics,449580659258818560
teensturngreen,461974068859006976
wholefoodsua,321801675457327104
teensturngreen,453960216141250560
theecvt,453035932149903360
blacksburgstuff,453134483496370176
teensturngreen,446281745239793664
numitea,453599721916215296
teensturngreen,459490918434099200
prana,321753947742302208
cuwillvill,320270918180012032
gaiaherbs,449214876461047809
teensturngreen,462019856981053440
rebeccacasciano,324598982275919872
rwgarciasnacks,451052982763679746
ecojot,325372949089619968
michaelghalick,461954518985760768
lcdsgreen,448807853835702272
peeledsnacks,319811042475659265
hemphistoryweek,448863950562533376
8extremes,458737698199453696
erinschrode,461855489530535936
teensturngreen,459378249559474177
eeeethannnn,455730524427157504
acureorganics,456505582166368256
teensturngreen,459467765016170496
teensturngreen,453977896927784961
teensturngreen,448162929993457664
madcoats,459507131700756480
cupoem,453324715487404032
harmlessharvest,319864878930214912
teensturngreen,451163429219614720
teensturngreen,458733752324460544
croftersorganic,316261337779023872
safecosmetics,448336837372026880
barnraiser,460803061980471296
mdchs_earthclub,325021365017133056
gogreenchapman,448319372759560193
mjmztunechi,474354070669783040
debbiekofsky,448579384010887168
teensturngreen,321359304106078209
suzannewhelan,451934998992805888
natracare,448148573691985920
teensturngreen,456218393801007104
teensturngreen,456477457609015296
eeeethannnn,455742710843199488
teensturngreen,459437073653436416
teensturngreen,453283894725337088
ecojot,451348185361813504
votehemp,459722259767107584
natracare,451286976474271744
chipotletweets,449304160131760128
teensturngreen,462215935525269504
teensturngreen,461905624214032384
teensturngreen,459081730897739777
teensturngreen,464191199520124928
teensturngreen,448341857806741504
teensturngreen,448817487425982465
teensturngreen,324573994328129536
teensturngreen,324500376768364545
chipotletweets,455846978442633216
tisfolly,453325352836677633
teensturngreen,459695855961112577
teensturngreen,459489091617562624
hempathic1,448883760478826496
guayaki,325005355996286976
erinschrode,458762513405206528
raeraenicorrrn,453660524194963456
hemphistoryweek,459794089332854784
ttowngreen,326825357040812032
acureorganics,449008807247507456
erinschrode,326798984188395520
revivnnyc,316930315375493121
aqua8co,460862982185295872
wholefoodsua,321799191628238848
teensturngreen,448459796060962816
erinschrode,456316784199884800
mialupo,456877053649100800
thesavealliance,448238708731695104
croftersorganic,321312667367251968
natracare,461150895250472960
teensturngreen,316502270953005057
rwgarciasnacks,452186173939535872
teensturngreen,460898918549946368
ecojot,448910365372317696
hemphedz,453248807854030848
acureorganics,454061026258857984
numitea,318761272680263680
teensturngreen,461962396664598528
teensturngreen,459464110984675328
supremejuler,459389752232648704
kleankanteen,451810854908878848
erinschrode,463734264949788672
teensturngreen,447428345551007745
teensturngreen,460867303048237056
gregnutrition,448643980582866945
teensturngreen,319868603459596289
teensturngreen,448257462378852352
kleankanteen,451433463803944960
teensturngreen,462024608729006080
stu_r_chap,454126691947130880
erinschrode,448582534646226944
teensturngreen,322117732596322304
kleankanteen,455769427376484352
teensturngreen,458637616079187968
erinschrode,451166920868261888
teensturngreen,481123266937888769
erinschrode,464191247536504832
juancamilomira,453552119531200512
stu_r_chap,458679822198525952
erinschrode,474340777246482432
teensturngreen,451115248427077632
teensturngreen,327106842255822848
eco_ua,326821226783834112
erinschrode,448498919245246464
udalumni,459318974879383552
acureorganics,475688712396111872
happysqueezes,453234259638374400
theskidmorenews,456457609172623360
etsyrecyclersgt,489465413785628673
bthenewgreen,459490200105017344
bornforreason,455542653019381760
erinschrode,455763925381173248
teensturngreen,448575408355565568
healthyeatingc1,325017195845410816
teensturngreen,459392752208576512
teensturngreen,448571573553745920
nycmargie,321328333935759360
erinschrode,451451231852978176
alexisclark,448263715704414208
plantstrongdeb,460082985765597184
katrinamann,452958024743657472
teensturngreen,459086677550854144
teensturngreen,455783183083376640
indiananaacpecj,325012696019898369
prana,453196794415939584
grassrootsstore,490211722326990848
chipotletweets,448868493220249600
imdickfink,453278134067277824
stu_r_chap,464088660871491584
hemphistoryweek,462613065825939457
teensturngreen,451629154127970304
teensturngreen,456469710029066240
teensturngreen,332620657626066945
acureorganics,454060931664719873
teensturngreen,319892932750618624
teensturngreen,456463862980550656
stu_r_chap,452453702876798976
acureorganics,327824189748830208
teensturngreen,321130027834044416
teensturngreen,448528424089309185
erinschrode,448586671894712321
diginn,455381398552322048
ecojot,453979411377713152
oceanshalo,449338042390568960
teensturngreen,458710879693852672
wakeupricardbro,459535387354873857
erinschrode,460421663788908544
greeneral,320673189686542337
croftersorganic,354974570224173058
chipotletweets,459506663599247360
stu_r_chap,448627229786791936
lcdsgreen,449289941840064512
teensturngreen,453962557347205120
teensturngreen,459357098355478528
teensturngreen,458727344166166529
megoon_fuerst,453994878645460992
hemphistoryweek,453025004607635457
erinschrode,459467084347764738
erinschrode,461941477627924481
guayaki,462037748249919488
teensturngreen,455772865250746370
teensturngreen,456476701644431360
peopletowels,448438531481169920
teensturngreen,459440302722678785
erinschrode,459430292114407424
erinschrode,447437660240347136
teensturngreen,316502097443041280
teensturngreen,317623854770044928
ukhempcrete,461426305125605376
hempprojects,456506280585089025
teensturngreen,448145594465271808
syracuseparks,447489544439336960
hemphistoryweek,448863499045707777
teensturngreen,459436958431707136
teensturngreen,322404011284262912
teensturngreen,453955388979683328
scottcrosby13,459392328483213312
deansdead,453962394541096960
croftersorganic,451071902165897217
teensturngreen,319073330156163072
croftersorganic,316649908784484353
erinschrode,319861252866334722
etsyrecyclersgt,457197511581921281
teensturngreen,448061546208722944
erinschrode,319914772072128514
stephhendricks,474297131793395712
ecojot,449205871206084608
natracare,451987743535427584
rwgarciasnacks,458688828731953152
erinschrode,459469728600559618
teensturngreen,320240496159113217
fihpr,454735404655448065
acureorganics,462355443726024704
teensturngreen,458348091071279105
teensturngreen,448116896622063616
erinschrode,456477895167586304
juicebeauty,316326902631645186
teensturngreen,449009049611558912
croftersorganic,316325050817073152
mercasustentabl,321308896096571392
ghardingfashion,328818124063391744
emaglobal,455845795535675392
teensturngreen,459702185497214976
erinschrode,453974693460979712
hemphistoryweek,453620482189717504
vtsustainable,453580543104671744
freeshopping_,459507177317998592
hemparchitect,458916959233781760
teensturngreen,451070245860438016
teensturngreen,453966996535656449
erinschrode,488170238660186112
twistedpolitix,448867344710774784
teensturngreen,447437265405366272
teensturngreen,458282629549547520
teensturngreen,452194439876718592
colmilner,453650614472294400
teensturngreen,488733175271546881
erinschrode,454066009008504833
teensturngreen,453971120556101632
erinschrode,459423417171992576
thesavealliance,455891483351322624
idrobinhood,453203139378675712
erinschrode,321308788340699137
teensturngreen,449668928118091777
croftersorganic,324269672662982656
erinschrode,318223453012500480
teensturngreen,333992099907239936
teensturngreen,327804639863001088
erinschrode,327513490866704385
teensturngreen,452188594195537921
teensturngreen,453954002967748608
orggreendivas,319893603390464001
teensturngreen,455804949323329536
happyhemphippie,461248999823908864
ecojot,321319288671727616
teensturngreen,456463243263750144
teensturngreen,324939424389533696
cornelldining,453739338774228992
erinschrode,451033223154266112
teensturngreen,452546141775593472
teensturngreen,320952314850603008
teensturngreen,452191996191318016
etsyrecyclersgt,450801370346827776
natracare,448188806471380993
equilibrium_srl,461041085054480384
erinschrode,319802149397729280
ruthie_burrows,463691362689642496
acureorganics,321368939101831168
teensturngreen,463692734327308288
erinschrode,456218360938647553
teensturngreen,464428318906142720
teensturngreen,459703180318998528
erinschrode,460892379290304513
hemphistoryweek,459793644602413056
acureorganics,448850830184038400
teensturngreen,448582139903102977
ecojot,320311676866019328
erinschrode,458314054957023232
uoflsustainable,448632899139428352
gabrielahealer,458725330258120704
teensturngreen,451733132996526080
foggybottomgal,461477425986420737
eeeethannnn,464221199975739392
erinschrode,319938249105735681
nrdcpress,453969032006234113
erinschrode,317319700294025216
cupoem,455844015511199746
swiftgreenca,448626417274994688
8extremes,460843824550387712
teensturngreen,461937304106713088
teensturngreen,318596535581548544
teensturngreen,459031057632083968
erinschrode,458738470127931393
joshrosebrook,453228874797559808
kleanla,458808558511849472
borsomething,475793098065580032
erinschrode,474350748461830144
hemphistoryweek,459019216708849665
teensturngreen,451920996052652033
teensturngreen,315959574148558849
hemphistoryweek,453024825867382784
teensturngreen,450695983207161856
fihpr,454025043098738688
erinschrode,474344126792482816
teensturngreen,455768511814852608
teensturngreen,458745857538818048
teensturngreen,317620561696133121
vcuhempsociety,453625270012874752
teensturngreen,460908692729528321
annathehank,331085876006354944
acureorganics,475699548485332992
erinschrode,453323277541187584
drbronner,316538426088374272
mlgaertner,459822796970135553
teensturngreen,319968743172218880
erinschrode,322302577725296640
pandorasway,448000700010622976
croftersorganic,325346071930880000
abeego,459858940373635072
greenharvard,317728417510457346
erinschrode,459430586575507456
croftersorganic,324180955050938369
teensturngreen,459448356621025280
pennylaneorg,448186288684797952
teensturngreen,453612709901111296
ssskincare,461965868420046849
teensturngreen,453266663018737664
teensturngreen,451160856223424512
lcmagazine,321596589003141121
handsofmany,455839218485309440
croftersorganic,322421938960072704
teensturngreen,451071814857269248
teensturngreen,454059536748253184
croftersorganic,334014089149964288
teensturngreen,474353745841500160
teensturngreen,448929421869588480
teensturngreen,458723929218355201
k4chef,449292728858587136
teensturngreen,448710780998148096
croftersorganic,320266301325066240
erinschrode,319860845922381824
bcrideshare,453352796704632832
uoflsustainable,448862124823937024
csrwire,315162120419434496
teensturngreen,322379964517339136
larkneevt,454023301955088384
teensturngreen,448583214349963265
hemphistoryweek,453220692419284992
radiofreeumd,459507389645848577
teensturngreen,458035430563516417
scottykrome,454294553915174912
acureorganics,320281319781318657
bostongardenahh,459039655993028608
kimpton,319859846931439616
lyssa_to_me,459518408833638400
teensturngreen,453694068032159745
erinschrode,321418011951120384
teensturngreen,448490432289189888
erinschrode,448061591615852544
teensturngreen,451923399418212353
undiskuvered,448280060546400258
erinschrode,330068217882099712
teensturngreen,324291678427029504
teensturngreen,451157351710470144
chaudhary1971,316534489801183232
teensturngreen,474350173389221888
erinschrode,329027274269667328
teensturngreen,374272288691998720
positivelyjoan,450419406837784576
teensturngreen,462016329755951104
twistedpolitix,448866932687527937
teensturngreen,449316701432078337
teensturngreen,458695704144531456
hempathic1,448883397130063873
teensturngreen,451068341881303040
twistedpolitix,448867456514154497
jwestxo,340921525744041986
erinschrode,448575799051190273
teensturngreen,461959970817581056
greeenguy111,451020699873062912
woodleworm,451173422937026561
greenharvard,317729132333129728
hemphistoryweek,448864212517781504
juicebeauty,317316745159405568
teensturngreen,453941492999290880
natracare,453136125134393344
ecologiqfashion,459784148832370688
teensturngreen,448438146888261632
hannahsky,317406834732462080
teensturngreen,323284404237639680
guayaki,316994587463933953
erinschrode,449009154795917312
teensturngreen,316993190836191232
megoon_fuerst,453646175510335489
stu_r_chap,459730286688088064
teensturngreen,459713811290017793
teensturngreen,327965211518717952
chipotletweets,452550644767805440
teensturngreen,455833455860137984
teensturngreen,324571508951363586
erinschrode,319936862917627904
numitea,319900845762289666
teensturngreen,316639020782346240
teensturngreen,455743120488275968
erinschrode,447833068187820032
natracare,367326054865584130
hemphistoryweek,461223225796481024
annathehank,373964135270465536
teensturngreen,453709917208444929
rattazzi88,461280104472006656
natracare,459711460461912064
safecosmeticshq,448159239786487808
erinschrode,317314817524371457
readtoknowhim,454959255951802368
croftersorganic,325012891344461827
croftersorganic,319841136363573250
dannyannd,448869890200326144
hemphealthtoday,448876668690923520
sustainabldylan,448589332316975104
mercasustentabl,321306497319575552
cornelldining,453736780672425985
erinschrode,316366917046771712
gaiaherbs,448127660921982977
teensturngreen,449251459410821120
rawveganreview,459830193746878464
teensturngreen,453971546302738432
croftersorganic,321327272445480961
goldennamaste,453324367221760000
hattiebeckman,452174553628676096
acureorganics,453254156514365440
teensturngreen,456465903530426369
teensturngreen,316989070876221440
teensturngreen,453205646876237824
idrobinhood,453203813491433472
teensturngreen,469227635105492992
erinschrode,451896307024531456
ashleykoff,314101994191208448
reapbenefit,451962615011352577
zobascooters,322072440261988352
erinschrode,451923163455029248
teensturngreen,448781542870245377
teensturngreen,444186017067569152
erinschrode,449198578280308736
gaiaherbs,459391882733559808
reginaryerson,316381963403538432
erinschrode,445672544377778176
teensturngreen,448574390771675138
hemphistoryweek,459793323297746944
organiccenter,459084037894971392
teensturngreen,459365779335827456
teensturngreen,456219115531689984
projctgiveback,451925072312565760
greenseal,321322718203097088
greenerprinter,453976158007070721
teensturngreen,459423443638030336
onelovemc,448864760012890112
miaryes,456228208203935744
teensturngreen,453192693477150720
erinschrode,319970747068080128
greentalk,323512895352745984
erinschrode,319808231323090944
thesavealliance,455496329817751553
teensturngreen,448156001615638528
sheilahollender,451143160425881600
guayaki,459126352969347073
teensturngreen,449709242568556544
erinschrode,453130413889048576
callitvanity,452559516694228992
hemphistoryweek,448863778021449728
erinschrode,453234480493629440
teensturngreen,462079200141516800
fuller_derek,460899047709376513
hemphistoryweek,448863808350474240
teensturngreen,459705672729653248
teensturngreen,448149206214389760
acureorganics,460442994722611202
desroyalty,455791951934402560
teensturngreen,453968523094532096
stu_r_chap,448892497834438656
teensturngreen,320875066940334080
teensturngreen,451066084594970624
erinschrode,448157834228686848
croftersorganic,326751420957196289
hemphistoryweek,448864186278219776
teensturngreen,459049132783853569
georgetownend7,458747109584687105
vthnfe,453160016716251136
joinearnlearn,448162283118555136
erinschrode,453323088415846401
readtoknowhim,455155102379421696
teensturngreen,461829910496284672
hemphistoryweek,450669594751942656
ecojot,458710421734555651
teensturngreen,447825611310911488
teensturngreen,316903070573416449
zinia_k,451274701537828864
naturespath,453197848461340672
teensturngreen,448243337414205440
colleeningerman,455725123837120512
teensturngreen,318286257283276800
teensturngreen,453974640335912960
hemphistoryweek,448863635163451394
twistedpolitix,448866891012919297
teensturngreen,447650649988005888
julialwhitten,382356991391571968
ecojot,320311688073191424
chipotletweets,460897421984145408
hippiebutter,465583405749764096
etsyrecyclersgt,462019423038341120
vtgreendining,451821632110477312
reginaryerson,319310305014456321
cupoem,453698211950395392
kidsplayperth,461218797416755200
teensturngreen,455745686546681856
sametreeliving,448574324333477889
fragrancestinks,316653351678906369
teensturngreen,475779051773120512
hannahsky,481152259951439873
cupoem,455758627228643328
erinschrode,451919628411760640
teensturngreen,325579575247650816
teensturngreen,461829804103569408
thewonderseed,450642728297050112
t00nafish,453358605870583808
abeego,459367559268032512
erinschrode,453962501773086720
erinschrode,455812067795423234
erinschrode,459469169814433792
teensturngreen,458696106416046080
missourihemp,448837532294213632
simplylive2b,460884230638026753
megoon_fuerst,453677343715123200
ricefarmersmkt,447710012333240320
teensturngreen,322070470088351744
jayyh,373964551177256960
guayaki,316699598271938561
bornforreason,454671509404274688
teensturngreen,461978222880911360
erinschrode,314535835326369794
teensturngreen,317592179159740417
teensturngreen,459466326407659521
teensturngreen,458633681167347713
tsquaredpt,474347894221185024
readtoknowhim,454575278166380544
teensturngreen,319819104963932162
ruthie_burrows,325344694525624321
miaryes,448588055876603904
hannahsky,454023850360336384
teensturngreen,450785000338649088
teensturngreen,458667552601022464
vtcos,453143988414193664
allanohio,452528989815336961
uoflsustainable,448870799483469825
gabrielahealer,454067240229281792
teensturngreen,453324455628922880
earthandnature,458639350184833024
teensturngreen,326098902698823680
erinschrode,460614057268350976
erinschrode,452192731331182592
gonaturalistic,484009195725783040
cuwillvill,320275707802558464
teensturngreen,459475639004049408
teensturngreen,462019637010767872
teensturngreen,460916143054921728
nakaiakiko,449873624296468480
teensturngreen,453580810315366400
teensturngreen,459391698490372096
guayaki,452177418795503616
teensturngreen,490192322521337856
abeego,459383267456589824
erinschrode,320276171453517824
southernmiss,327827458600611842
teensturngreen,452177571161993216
gchesman,315100703590842368
useitsmartly,448785908331204608
women4earth,453549068409528320
erinschrode,448159455868227584
erinschrode,461518200141012992
jessetenorio,451085788604669952
croftersorganic,316956195212648448
globalsweet,460887535183757312
croftersorganic,354974260202192896
greenbxmachine,315957966220165120
megoon_fuerst,453958884437143552
teensturngreen,327123182974799872
bornforreason,454273331681034240
hannahsky,453979756535758848
teensturngreen,452582618760896512
erinschrode,450678298670936064
stu_r_chap,453773984778420224
croftersorganic,325346016247308288
teensturngreen,317318789760966656
indmedhemp2,464726995696648192
erinschrode,447296477648662528
teensturngreen,458729837738590208
teensturngreen,453185209979006976
safecosmetics,464560788876046337
tibetanfighting,462014723542618112
teensturngreen,447833118385246208
cornellstore,461910210429210624
miaryes,448588458139738112
qtqt25,474343829345427456
biorayinc,460816462332956672
bhaven,452955455199793153
greeningforward,448545400337620992
teensturngreen,455760240865452032
uoflsustainable,448633250756296705
vtknitboy,453638373496725504
killthecup,461461209951506432
eatmymealey,459366673959505920
killthecup,451790032836521984
teensturngreen,330110513088454656
teensturngreen,451071107815071744
votehemp,474354230808313857
stu_r_chap,460522112210731009
acureorganics,475717289384624128
bornforreason,455004187441774592
teensturngreen,458724562306215938
hannahsky,316736463783997440
tylermominey_,456536245456224256
teensturngreen,456452606823763968
teensturngreen,316366303285870593
erinschrode,450695668810543104
teensturngreen,461980208065564674
chicostate,452104297790976000
megoon_fuerst,446283864903004160
riseaboveplstcs,455762345881395200
hempsnackery,453125066004262912
teensturngreen,462260163714772992
teensturngreen,319285375556255744
ytowncannabis,461223883874377728
teensturngreen,461954115011358720
teensturngreen,461974777419542528
teensturngreen,320642077283188737
teensturngreen,458664107936608256
greeneral,317621011367464960
greenspacesme,462037945680007168
teensturngreen,476047044147027968
hannahsky,319869610608443393
teensturngreen,463818451434225664
erinschrode,456478792404717568
teensturngreen,448863003643875330
izzyplus,449200542841982976
teensturngreen,458724893375610880
bsiem,332666624060579840
teensturngreen,461956876042006528
hemphistoryweek,453620030744166401
desertessence,453595110891343872
teensturngreen,449200174800592896
teensturngreen,451389595750391809
teensturngreen,451927104905424897
mbarlondsmith,319612031886041089
guayaki,324581119590809601
teensturngreen,459436590688120832
teensturngreen,461972802380517376
hemphistoryweek,455738495382728704
teensturngreen,453619005602152449
teensturngreen,451900149430628352
compostfetish,448818961988079616
teensturngreen,463708095513108480
ncsustains,319871660771655681
teensturngreen,460891270668619777
tumblinggf,460870512864796672
teensturngreen,458672836736196608
teensturngreen,315833602321547264
erinschrode,462013305637572608
teensturngreen,459035959515168768
stu_r_chap,451192137515040768
wininmad,461223291730931715
teensturngreen,460052725288681472
teensturngreen,455709573740240896
teensturngreen,320234872159469568
nuttyvideo,451885175174352896
revivnnyc,322166105969946624
bestrawesome,448567498678751232
teensturngreen,482661908181315584
acr60a,463512408061775872
erinschrode,319868070053171202
erinschrode,330079581270847488
desertessence,456804763766493185
bornforreason,454845750242193408
teensturngreen,319806660401045505
erinschrode,329831943577403393
erinschrode,448179390841499648
teensturngreen,320272878148939776
teensturngreen,453323772594880512
teensturngreen,462019444521594881
teensturngreen,460892495833202688
croftersorganic,318777607330095106
teensturngreen,448174200629387265
natracare,448532022152003584
teensturngreen,452220074724581376
ecojot,319822882177966082
teensturngreen,325015111246962690
etsyrecyclersgt,451806281331142656
erinschrode,448571183609675776
twistedpolitix,448867482346864641
mermaid54a6,449204842834448384
volunteennation,499638154429988864
teensturngreen,460814042282864640
greeneral,371738091318697984
lotsoflovealwys,453618951348436992
teensturngreen,319170954024587264
teensturngreen,458732167997452288
teensturngreen,448896900175908864
greeneral,324618310941569028
honeyb2la,461974724411539456
teensturngreen,448165703875440640
johnshopkins,324974421519499267
teensturngreen,459464631866896384
fash_rev,451915199197761536
teensturngreen,326821081048547328
teensturngreen,319933513803653120
uoflsustainable,449351137775218688
teensturngreen,455761337889857536
ashleykoff,458744993113714689
hemphistoryweek,450669765434961920
gainser92,459511958874492929
teensturngreen,453692564848119809
erinschrode,449216331481489409
ecojot,468797725539315712
emkovacs14,459507074041278464
hemphistoryweek,461222977535631360
bornforreason,453779562800107520
teensturngreen,459695098645999616
teensturngreen,320233599976751104
wfm_hadley,381797775752450048
stu_r_chap,456467349114060800
teensturngreen,448279370881179648
erinschrode,461196251351248896
yianniskordaris,453201603529818113
hannahsky,448194746977361920
teensturngreen,453974529778262017
teensturngreen,330047680891977728
teensturngreen,462027997269463040
safecosmetics,461962885498163200
teensturngreen,448871162148163584
uoflsustainable,448871393791205376
stewartbrown,458704142865661952
erinschrode,449658908462678017
hemphistoryweek,450669674028478464
reginaryerson,451106172523659264
teensturngreen,459466947554725889
guayaki,316319773036277763
teensturngreen,448183408963756032
ecojot,448458831589163008
freddelmer,474353490425167872
hemphistoryweek,442104664163491840
teensturngreen,316637136696770562
happychickens,460911359820324864
croftersorganic,324623665893359616
nathanj35780929,455851945354207232
twistedpolitix,448867016611340288
teensturngreen,458744420809334785
tretorn,321985108892585984
teensturngreen,458777313489215488
acureorganics,448850455720755202
teensturngreen,452189099680481280
erinschrode,316319732544458752
alexxxxcal,459688283912830976
erinschrode,316989322471542784
teensturngreen,459688878803521536
teensturngreen,461202732863725568
croftersorganic,321312815472328705
stu_r_chap,455763505430667265
ottilliepop,451989326076080128
aubreyorganics,316908241860845568
teensturngreen,455100701757026305
stu_r_chap,456467318789267456
8extremes,461138962304614400
aus10sible,453326063360540673
teensturngreen,458691987949252608
cornelldining,461877296853700609
beargrasscreek,449580756449239041
winkinsunhemp,456479011150262272
bambuhome,330181021083512832
teensturngreen,459714027816771584
erinschrode,452175671339397120
erinschrode,421354501266608129
teensturngreen,320274660350627840
bornforreason,455277617936343040
teensturngreen,461951750258565120
utematt,316504631352107008
erinschrode,455851467933745152
teensturngreen,455744838496186369
groovygreenlivi,455773427295870976
teensturngreen,321818855909507074
juancamilomira,459691223134248961
teensturngreen,325666750005907456
udalumni,459354905636257792
collefarmers,323861968496775169
teensturngreen,448116497081040896
teensturngreen,322026761518993409
eco_ua,321730790847303680
acureorganics,461548200835293184
erinschrode,451033893148164097
seberhealthyliv,324600464391946240
erinschrode,455845250859536384
organic_fanatic,448110754500452352
teensturngreen,459465370496430081
stacymalkan,448157251229204480
dregvant,462248925807001601
pattecom,448870254266318848
erinschrode,319862178586968064
teensturngreen,474348540219490304
volunteennation,499257325899616257
pe_casso,467424999557439488
teensturngreen,451054355668414464
croftersorganic,324672882565345280
erinschrode,315601453626568705
teensturngreen,460847012192481280
chipotletweets,449670569860943872
teensturngreen,451052517984456704
teensturngreen,323860980503310338
teensturngreen,449302777450078208
novyert_,459854347246268416
erinschrode,458738865122344961
erinschrode,458734206718586881
annathehank,381552554624430080
teensturngreen,454281457695866880
teensturngreen,451045740677054466
megoon_fuerst,453679050754916352
teensturngreen,449197000022835200
numitea,454041541107937280
rnoelks2225,461968546327560193
teensturngreen,456438496119779328
teensturngreen,452188890770587648
hemphousedoc,448663737017573376
teensturngreen,448793610104754177
sophiasperduto,459510531502899200
erinschrode,446492458344390656
teensturngreen,323095649694408704
elizberkley,453023650707279872
glen369,451046523082518529
freeandclear1,460921234646003712
connectcannabis,442022834878312449
wholefoodshou,448105725223788545
women4earth,451915056473571328
clean_seoul,454141670884274176
gibson_virginia,472531036396871680
arlingtontnb,499178619831607296
teensturngreen,319895425865887744
chipotletweets,319963881965498369
croftersorganic,316322692615782401
annathehank,354842710953308162
mikehuntgrows,460557056823816192
twistedpolitix,448867593089060864
swissperscotton,320277806682632192
ruthie_burrows,456528818602119169
hemphealthtoday,448876415019401216
erinschrode,317406618084073474
teensturngreen,460626057302134785
teensturngreen,452168168190914560
recreatorla,452277646307504128
teensturngreen,462035670660562945
teensturngreen,459420854280278016
erinschrode,451052465559851008
ecowatch,450986787775590401
positivelyjoan,455804743013511168
desertessence,454270206886416384
sujajuice,451178913407172609
croftersorganic,316257102907719680
teensturngreen,463709373660160001
comeonekomal,448112077320638464
jwestxo,318596579424604161
teensturngreen,451162610780499968
teensturngreen,315960876425412609
erinschrode,448251979458813952
eventingmum,453258372654301184
numitea,316951074382688256
pattecom,448870317625446400
teensturngreen,316655766960472064
toriholthaus,453892360624418817
teensturngreen,462203192701644801
guayaki,451085581057916929
eeeethannnn,455730703796547584
kidskonserve,460073626515955713
teensturngreen,459795824286130176
teensturngreen,447642009562411008
pattecom,448870197387337728
teensturngreen,327114935815512064
teensturngreen,462207542115184640
windows2adventr,319631416587608064
hempmehempyou,463664683292307456
ecojot,453979424023527426
teensturngreen,459726573470756864
erinschrode,449204291236945921
cameronmathrin,493215544493871104
teensturngreen,448259738350800896
teensturngreen,454026009730224129
annathehank,382191990001393664
acureorganics,448850400934785024
hannahsky,454023800678793216
caitbristol,316376443825315840
erinschrode,453993985963347968
erinschrode,316262316595367937
stu_r_chap,448892795764224000
erinschrode,448583135626682369
teensturngreen,448572720494559232
teensturngreen,448916664789135360
uoflsustainable,448633129956159489
cornellcals,461851545248997376
teensturngreen,460915919913373696
wholefoodsatx,318778067243909120
wholefoodsua,454336504198737920
teensturngreen,453694106951118848
teensturngreen,461521210443313153
erinschrode,452998467019755520
jamescrescenzo,459287680074141697
numitea,461964888907055105
erinschrode,317628091843375105
croftersorganic,321628055254745089
erinschrode,448580183377735680
erinschrode,458738085275389952
erinschrode,474345630735691776
erinschrode,458753246572867584
rescuemeinc,459770045422243840
kleanla,458808603739029504
teensturngreen,448581191088607232
erinschrode,460899785365790720
hemphistoryweek,459019114380398592
juicebeauty,324657617710501888
lotsoflovealwys,453618889482448896
ecojot,488732306102697984
teensturngreen,459077831944077312
hannahsky,448549503344590848
erinschrode,460801031136641024
teensturngreen,453978233218686978
erinschrode,318317313076105217
reginaryerson,448671200617566208
delightfulrepas,458753840288788482
erinschrode,319800331569602561
croftersorganic,319893269909737472
stu_r_chap,461223719722307584
vtsga,453627706832199682
women4earth,458630794945105920
teensturngreen,333991534334705665
themisandthread,461838091603673088
am1csr,321295686945603587
thepiffler,459477281090457600
teensturngreen,455744410962374656
mrsbrownsbathba,453614705915879424
teensturngreen,451452883687702529
teensturngreen,462034262758526976
guayaki,455780532886831104
erinschrode,461962317333528576
teensturngreen,451903764119572480
erinschrode,316644825002823681
croftersorganic,316257368763691008
advasolomon,451066565757501441
connectcannabis,453639031604002816
teensturngreen,448170316187979776
bornforreason,455128027354365952
teensturngreen,447431453446385664
mhaithaca,461940753728798720
hannahsky,455812199479795712
mrshungryasian,459512184855609344
acureorganics,450701820461973504
wizardqi,474422790733320192
teensturngreen,448168931929255936
kaskadia,460866788784218112
natracare,458627241325240320
teensturngreen,459505114559315970
teensturngreen,459701180013494272
guayaki,327117132657750020
ecojot,451348110476726272
hempmehempyou,448627798060441600
teensturngreen,456464624905236480
theplantcafe,453235029175304192
teensturngreen,451919693184372736
combfit,451160824409645056
teensturngreen,367325253615091712
megoon_fuerst,448311782386724864
teensturngreen,321798869396647936
teensturngreen,320270925171941377
agustin_reyna,316700110765580288
teensturngreen,448409227015753728
erinschrode,462000037183369216
erinschrode,317842465270935552
welovehemp,474355202485542912
organiccenter,459084220351389698
ozzyopolis,453250564936048640
teensturngreen,452198580170678272
stewardwildcat,452964225606905856
guayaki,454088473842962432
ewg,481196307600912384
_pabloaguilar,459509386994397184
mommyfootprint,460866691086315521
gmicmidatlantic,321295688837263360
teensturngreen,536222951649996801
readtoknowhim,455255661433978880
teensturngreen,459703147855106048
greencirclenc,445231605049987073
teensturngreen,460936542983557121
teensturngreen,460804163635777536
voice_0f_truth,453964808656662528
teensturngreen,317682649634332672
teensturngreen,453567640275939328
thegreenpitcher,453577794241298432
erinschrode,464792332114857985
teensturngreen,458679115261181952
chipotletweets,452955263859818496
_nikkilovee,459507026842767360
positivelyjoan,451570731784994818
teensturngreen,462430031050838016
croftersorganic,321327169232056322
teensturngreen,320319165774823424
kuroikumachan,461044983592931329
teensturngreen,452188067483246592
natecosource,399567748281274368
teensturngreen,451068035118284802
teensturngreen,319603501728673792
zobascooters,320997802287185922
hemphistoryweek,456482189773774850
dgrreen,453623080280399872
kleankanteen,448564459250794496
ytowncannabis,461223193005395969
pattecom,449873611508428800
teensturngreen,456475250147196928
teensturngreen,328017652381536257
teensturngreen,447506551838765056
acureorganics,326850834933624832
eco_partners,448528859277705216
acureorganics,448849779942912001
erinschrode,460843431817117696
croftersorganic,318777446344314882
erinschrode,452445782122045440
abeego,459369668252151808
croftersorganic,321353714357137409
chanibby,469129705484849153
erinschrode,451112814128553984
erinschrode,316254331114516480
eeeethannnn,455740720020979712
hemphistoryweek,454289998410285056
vtgreendining,453241973219274752
piggy_banksta,458740907047940096
teensturngreen,326822076621139968
uoflsustainable,448632977556111360
utematt,316504593712427008
hemphistoryweek,448864100676673536
hemphistoryweek,454289761599893504
windows2adventr,319637434075848705
xsuzi00,450987520126640128
teensturngreen,462013373136519169
teensturngreen,459378194106564609
eyecandypopper,448185828695883777
teensturngreen,458728382982004736
erinschrode,459469674234019841
fraggleart,460985444998844416
teensturngreen,319839271399870464
gabrielahealer,461979152048873473
teensturngreen,451129104624930816
teensturngreen,320672871645073409
croftersorganic,327121543870152704
envirox_clean,321328355427352577
teensturngreen,448586008578125824
teensturngreen,453318791384948736
dionakelly,452963155283427328
croftersorganic,321348694983180288
teensturngreen,448313775829946369
eoproducts,460985176869183489
acureorganics,324618015079559168
erinschrode,317623752621965313
chipotletweets,458785591081979904
croftersorganic,316258635170852864
croftersorganic,322001598924607488
stu_r_chap,451191788930609153
teensturngreen,329020928128327680
marinellisauce,451132519035834370
mariandaniells,451036433932107776
hemphistoryweek,448863841783250945
croftersorganic,316253775004319744
teensturngreen,453586266798297088
teensturngreen,461908369125949440
megoon_fuerst,453326993262915584
takeoutwout,445245102148317184
teensturngreen,448863904198688768
teensturngreen,455363067124006912
teensturngreen,448277477081612288
erinschrode,316397406059106304
sheilahollender,460814928455417856
teensturngreen,335030487078801408
teensturngreen,316502667780304896
stu_r_chap,451585338062819328
teensturngreen,456196926636298240
teensturngreen,460865892306681857
erinschrode,448180921531764736
acureorganics,475692628944896001
teensturngreen,458677135121846272
teensturngreen,456202421811687424
croftersorganic,321349068058136576
ecojot,321319499775213568
croftersorganic,322368728320843776
natracare,324943565421694976
erinschrode,316719926482178049
tall_tree,455755837655777280
teensturngreen,315960832737550337
freddelmer,453223721512087552
teensturngreen,327120490944684032
teensturngreen,459472464771571712
erinschrode,320069820206940160
ecojot,458710681173250049
teensturngreen,448587334087221248
teensturngreen,448139274534129664
teensturngreen,316918976980582400
acureorganics,456119738888757248
ruthie_burrows,460954979743043584
maryjanedaly,463479798686183425
teensturngreen,448316285974089728
erinschrode,450748755378065411
teensturngreen,458710850837045248
acureorganics,475720130476138496
wfm_86thst,449323060634464256
erinschrode,455752490659901440
eco_ua,326821042217709568
twistedpolitix,448866160977518593
erinschrode,320276360260120576
jmu_burritoguy,450339086742855682
teensturngreen,315959502899924992
teensturngreen,448826342507687936
uoflsustainable,448874803668480000
teensturngreen,453197307316408320
potfelonrevenge,458924554933395456
lotsoflovealwys,453981911057063936
teensturngreen,448157346066206720
ecojot,445637714780516354
krmbalclothing,461843236823531520
teensturngreen,457232646457004032
teensturngreen,453136150496964609
j_goldin,448240332669726720
teensturngreen,319821422216237056
erinschrode,455769802989395968
desertessence,456804881097961473
joinearnlearn,452530170058903552
realfoodhopkins,463694069202681857
teensturngreen,451066797354000386
hannahsky,314530904074752000
teensturngreen,448706412579782656
etsyrecyclersgt,459094717268242432
seth_leitman,371736915164549120
rwgarciasnacks,456086641031909376
erinschrode,448211108650680320
teensturngreen,451035142354526209
teensturngreen,315929848033968130
morningsalon,451033476184432640
teensturngreen,459053696610209792
cameronmathrin,493215679982481408
teensturngreen,464204449041244161
teensturngreen,318597167835136000
erinschrode,319620483349884928
erinschrode,318645451211550720
teensturngreen,462651575459381248
teensturngreen,456316726280724480
erinschrode,317610003177566208
oceanascanvas,454284622411468800
annathehank,354980495710355456
stu_r_chap,460779474666409986
woytekprobs,459507669045628928
teensturngreen,459392664514093056
teensturngreen,461850720434917378
teensturngreen,456435960578727937
teensturngreen,456202526690250752
teensturngreen,456467994206830592
carmhowstyle,456489595765391360
teensturngreen,451896370178183169
erinschrode,316505530946449408
teensturngreen,474343325558784000
rareform,481448555240906752
teensturngreen,474263517848035328
stu_r_chap,465613647629123584
susanmcp1,322558353500946432
erinschrode,332225927759138816
acureorganics,475717108052267008
widescopecsr,450987796069900288
teensturngreen,451792280530067457
women4earth,448118559281934337
ucanopy,462032739210772480
croftersorganic,327121704637841408
teensturngreen,453954367419187200
erinschrode,449198049818992641
susthapp,451322758195314688
teensturngreen,447943109842698240
erinschrode,316918276225638401
iaqsusan,460868222372556800
teensturngreen,316279700282548224
borsomething,475717242572013568
teensturngreen,341632685464231936
erinschrode,453740765051899904
sayagriculture,448064021288075264
megoon_fuerst,453716342060089344
whatsnyourpapr,448643864031948800
gchesman,320007983310450691
teensturngreen,445693831288483840
teensturngreen,448210375742197760
threads4thought,456819571735789568
riceugoesgreen,316223263590203393
etsyrecyclersgt,458320525774032896
teensturngreen,453962772515016705
teensturngreen,462027173704921088
teensturngreen,458724268222971904
gabrielahealer,459702737932800002
gabrielahealer,458777657866334209
teensturngreen,451155424251609089
erinschrode,455374938401411072
teensturngreen,320901019519295488
teensturngreen,455717702825705472
teensturngreen,442020204365615105
teensturngreen,458748537791315968
teensturngreen,306865898864664576
teensturngreen,456880824596840448
natracarechile,452425325340004354
bornforreason,456043855578935296
hemphistoryweek,448864084348248064
teensturngreen,451929336350666754
drbronner,453637033387241472
erinschrode,444658133517238272
erinschrode,453965655276912640
tnbnatural,449724473118179328
desertessence,320277112240107520
teensturngreen,451061729233870848
rwgarciasnacks,458688887980703745
hempitecture,453620480424308736
kevinhoneycutt,445269568643022850
teensturngreen,453666083208437761
ecojot,317464775846162432
randyrysonrosan,499259734328111104
erinschrode,453965310614192128
teensturngreen,327763277352423425
bornforreason,456016832840105984
kubushkajlg,460881682602934272
gchesman,315161271983034369
teensturngreen,460863534642241536
teensturngreen,462017879488360448
teensturngreen,447477035808477184
alexaalways,459486016618127360
teensturngreen,460868547200446464
loiefullerhq,448875411393376256
coaster_riding,464564482912841728
cleancareseal,448493572388823040
teensturngreen,455769855413997568
jimweedlover,459020910318473216
teensturngreen,454280546571415552
erinschrode,449680615462301696
teensturngreen,319960382900936704
teensturngreen,463708107148124160
harmlessharvest,318001115511783424
teensturngreen,324578405364424704
suitebrigitte,460457262641713152
biod4schools,445215938426974208
rwgarciasnacks,456086714449002496
teensturngreen,448580127668981761
stu_r_chap,453773914897121280
globalgreengame,499384939927052288
aubreyorganics,461610280628535297
teensturngreen,321381811747946496
teensturngreen,459469751451131904
uoflsustainable,448863745385570305
8extremes,459470173972340736
hempathic1,448883576474320897
hemphistoryweek,453592333477740544
pppolski_,459517642387517440
teensturngreen,316502193526169600
uoflsustainable,448633015942385666
gucfe,458673017120624640
comeonekomal,320422362162008064
erinschrode,331085182188785664
drbronner,451171739259920384
exdelights,462249822016524289
readtoknowhim,456198440850964482
natracare,451735853573099521
irooster16,452970987056005120
teensturngreen,456219746384375809
teensturngreen,458758840486723584
teensturngreen,456467905451134977
peopletowels,316681505843855360
nontoxicapril,460083729869045760
denasd,447961157362393088
teensturngreen,447439695450865664
teensturngreen,320955631186112512
teensturngreen,322570795991855104
ianamm,448200144178016256
teensturngreen,474348022176837632
stu_r_chap,452154756119932928
danedrew,448869955602100225
susancann,317073234191347712
megoon_fuerst,453992845423042560
twistedpolitix,448867122194550785
erinschrode,459467358097387522
kellyemilyatlas,461004320167583744
teensturngreen,460868044894789632
teensturngreen,321753813478436865
sheilahollender,458631200757018625
teensturngreen,459486797475885056
rawlavega,448167378367823872
teensturngreen,451112312791760896
erinschrode,453612677261041664
teensturngreen,319624121182990336
croftersorganic,327870057000607745
bikerdreamlady,451901343142137856
teensturngreen,455849773699182592
teensturngreen,456196212509913088
croftersorganic,324623458984140802
milliondfc,484072905958232065
erinschrode,318570421991641089
natracare,448169401100288001
guayaki,326824697591382016
gabrielahealer,458742304795136000
mininadas,460867454625783810
theculinaryedge,453200262945968128
teensturngreen,462253684173189120
guayaki,330093898699526144
teensturngreen,316319151792721920
teensturngreen,449181550710493185
acharyas,464396026548604929
positivelyjoan,450418824018288640
matthewshirts,462430125649559552
teensturngreen,459447204093382658
erinschrode,454281421398368257
fragrancestinks,315836468390162433
gabrielahealer,458778158087405568
teensturngreen,448165929696759809
erinschrode,316572290647220224
erinschrode,451921068664434688
iskyelegant,451789655701061632
teensturngreen,461999367298482176
greeneral,323769192979505152
teensturngreen,459710847502520321
teensturngreen,448584431734112257
twistedpolitix,448867238573912064
stu_r_chap,461965667739373568
teensturngreen,455755189472210944
teensturngreen,453666803517235202
kleankanteen,448885576838574080
meshiah,474754863898066944
donaldorth,453344347245645825
erinschrode,448802098293911552
hemphelps,459442255430836224
teensturngreen,458306247872507906
teensturngreen,316571815344496641
guayaki,458687531811602432
teensturngreen,458672332949979136
erinschrode,319934090243604481
hemphistoryweek,453024864404664320
teensturngreen,455759394433925120
megoon_fuerst,447836875349192704
agustin_reyna,316700052129206272
croftersorganic,319605515258822656
hempathic1,448882926965366784
hemphistoryweek,459793416100913152
annathehank,342069168658591744
teensturngreen,460864160918945794
teensturngreen,459420988070166528
teensturngreen,448135263932260352
natrbrdgehike,455839157751779328
c2ccertified,453975118880845825
hannahsky,327513647544938496
erinschrode,474348479439847424
teensturngreen,448804990396555264
mariandaniells,451098335601250305
jaay_will,459507077572861952
erinschrode,481129318668455937
teensturngreen,321308205252739072
teensturngreen,448177490469457920
teensturngreen,459433347534442496
leaderrevolt,460920617995616256
erinschrode,459431121705795584
teensturngreen,451027207645696000
teensturngreen,452175413712666624
teensturngreen,321305648744779776
teensturngreen,321595834288455680
erinschrode,453957281047015425
stu_r_chap,448892517627330561
maria95f,453181673996570624
thegreenpitcher,460628478132383745
bottleforbotol,459465186777112576
erinschrode,449350426689691650
teensturngreen,459684194919403521
drbronner,453637760759234560
rwgarciasnacks,456855196027469824
erinschrode,453588187189755904
erinschrode,450783038985609216
teensturngreen,448572006183624704
lotsoflovealwys,453974615698579456
girlnamedhunter,453326007869923329
stu_r_chap,459730018336530432
bornforreason,453936845080915969
fash_rev,457237647401181184
vtaglifesci,453143696083791872
teensturngreen,319286764604903426
welogoff,455395407146008578
teensturngreen,462261234444677120
orbcandles,448276489134669825
teensturngreen,320274374236205058
teensturngreen,448131440224395265
teensturngreen,448579168565874689
teensturngreen,453664808416473088
erinmccarrthyy,452958315455459328
megoon_fuerst,454066846892032000
ruthie_burrows,324881843881123840
ecojot,456094222978789377
teensturngreen,452175978811244544
kaylawinter4,461995971145371648
happysara89,460070526413586434
peggyom,460868067640094720
volunteennation,499028941177233408
chipotletweets,453361644379201536
croftersorganic,316253900137172992
twilightlapush,448287184777252864
cornellche,461851329238163456
teensturngreen,461137343513366529
teensturngreen,455742590802210816
teensturngreen,455728574126129152
annathehank,382356273209307136
etsyrecyclersgt,461977245243179008
sambazon,325018103585067010
eri_barrister,324992970153656323
teensturngreen,453310386096185344
teensturngreen,460866720119652352
chipotletweets,460911070257745921
teensturngreen,321332007323959296
cookingcurry2,458727229267382272
katiehamlet,460845949884325890
gchesman,319554929477955585
teensturngreen,453173541672734722
teensturngreen,324596754890776576
teensturngreen,322557946837999616
bcf_media,321328331989581824
erinschrode,315960685764964352
twistedpolitix,448866509553545217
megoon_fuerst,463684828895133696
aus10sible,453231291178446848
reginaryerson,448672124547244032
pattecom,448871106167197696
kutztownu,455768117478961153
reginaryerson,448671967772569600
acureorganics,454061206496481280
teensturngreen,455789372601040896
teensturngreen,461956917553025024
erinschrode,459703057342021633
greengirlaround,452269171850883072
globalgreengame,461978500074061824
teensturngreen,325013599632363520
k_adams4,459392546159210496
abeego,459370111317454848
drbronner,316254359807737856
teensturngreen,448154979644096512
women4earth,450419049923485696
teensturngreen,444856367082254336
croftersorganic,321627931615035394
erinschrode,456876588563718144
erinschrode,320236442435612673
teensturngreen,326820970113421313
croftersorganic,321661308674125824
croftersorganic,320265410853359616
teensturngreen,459378214461521920
teensturngreen,459711619405467648
sambazon,316582574472445952
hempshoppe,453959639978508289
hemphistoryweek,461223392079659008
teensturngreen,453953720653316097
teensturngreen,449499148698390528
teensturngreen,327807920135888896
stu_r_chap,451134653601443840
teensturngreen,458723917021343744
erinschrode,316754750471274496
teensturngreen,317712389107769345
erinschrode,320280993368002560
pattidelvecchio,452156382188683265
teensturngreen,318512082490380291
mebeccaunizrerb,455752152133435393
erinschrode,448571494084251648
teensturngreen,316319627963682816
reyes36,452958737452785664
amys_kitchen,320222295824138240
teensturngreen,444518493338095616
lucianamurielt,458640076709576704
teensturngreen,448573976953241601
mcnutritionclub,459487710693318656
ecojot,451811033930555393
teensturngreen,458664439844442112
teensturngreen,461906971919388672
teensturngreen,459391940224884737
teensturngreen,460910295205314560
laura_ieabroad,452870477610897408
lcmagazine,316264023001817088
teensturngreen,459473839563759617
kylebeshep,458689284598272000
numitea,316328161149345792
ruthie_burrows,461149752260714497
teensturngreen,455843510051414016
teensturngreen,459468729949384705
rebecca_kristy,328806114026201088
teensturngreen,453579904072704000
stu_r_chap,460435747015647232
t_spitler,456491801076322304
erinschrode,447798691894550530
cjreimann5,450843765247598593
floursackmama,458733959598583809
erinschrode,451057127616819200
teensturngreen,448585044768980993
teensturngreen,461959514380840960
teensturngreen,460838692492685312
teensturngreen,453738739404374016
defendressofsan,374251294665764864
mjackson41995,462244904501248000
mnrcoop,453251572852482048
erinschrode,448211073837957120
sarahmirsalim,452970259104792576
goldennamaste,453324312653889536
ruthie_burrows,374681935697571840
biteablebeauty,316548171025248256
harboreastwfm,460615786093350912
teensturngreen,453180830618103809
teensturngreen,449680507249246208
teensturngreen,460842503831568384
teensturngreen,448814627980206080
teensturngreen,453240021471219712
erinschrode,319819715704918017
teensturngreen,325010774886076417
bornforreason,455499498891255808
teensturngreen,447825833680334848
teensturngreen,316047027911917568
megoon_fuerst,453579626640842752
teensturngreen,455714811343802368
megoon_fuerst,453958969489235968
etsyrecyclersgt,459021141022363648
erinschrode,461969047257878529
uoflsustainable,448633175137198081
aubreyorganics,316666116510453760
teensturngreen,455770516822171648
teensturngreen,448157644218314752
eeeethannnn,455731116952268803
coolmig122528,451182760590589952
croftersorganic,316324073053515777
wfm_86thst,449321338801369088
greensisterhood,326824131729444865
hemphistoryweek,448863906568474624
croftersorganic,316279517117300736
teensturngreen,449199022847180800
teensturngreen,473564195389050880
jwestxo,463688011792670721
hempathic1,448882754281676800
einsteinswisdom,459365463857045504
hemphistoryweek,448864152946102272
erinschrode,459434709936652288
sstantonnyc,316561741079277568
teensturngreen,319868931592568832
teensturngreen,459483563797540864
recreatorla,453958361692643328
natracare,448871550616629249
teensturngreen,462018793645289472
teensturngreen,421355318996918272
istange,332696903550631936
annathehank,341596880427429888
ericawahlbeck,453181241836462080
teensturngreen,453606657243635712
teensturngreen,453035708014280704
hemphistoryweek,448863579899322368
csrwire,315101288264249345
teensturngreen,451922525375582208
croftersorganic,319838895552479232
greeneral,321730899576233986
sayagriculture,448063987498758145
rwgarciasnacks,453220357172760576
erinschrode,451733234221465600
mirrorelephant,457241677061947394
csrwire,315916694474334209
hannahsky,316736950100975617
teensturngreen,460918422596251648
meghanokelley,448527703163953152
teensturngreen,459727401774510080
croftersorganic,332939103303761920
stu_r_chap,461223939847749632
scottykrome,454295728920096768
thecharissharpe,455784176890150912
ianamm,448201039896772608
hemphistoryweek,454289926796750848
acr60a,450473230021566464
teensturngreen,316918726878429185
eeeethannnn,455740618401398784
hdxmix,453965741004292096
recycle2save,327124870020349953
teensturngreen,456226225451585537
teensturngreen,315694577313013760
erinschrode,460892017682558976
erinschrode,316258479432138752
teensturngreen,455363963341910016
jmmchouinard,453362250645266432
croftersorganic,323119886912077824
garciap864,454315670269067264
hemphistoryweek,459794557723373570
teensturngreen,451901244311756800
erinschrode,456222315416518656
teensturngreen,461999401746317312
desertessence,334735182949142528
etsyrecyclersgt,451941054615666688
teensturngreen,459469379017924608
lwrac,499053999572918272
alaffiaskincare,448200514556030976
teensturngreen,454019573956620288
teensturngreen,316930539477168128
teensturngreen,322557336197660672
shelleyshell4,451915797422542848
megoon_fuerst,456094686302990336
teensturngreen,460865104540889088
erinschrode,332616450869186560
acureorganics,460058416107757569
bornforreason,455593514899087361
joinearnlearn,459702436488151040
teensturngreen,453965627665825792
acureorganics,460061235938328576
teensturngreen,489459549103849473
teensturngreen,316315060077228032
guayaki,462248391536545792
desertessence,461151737249017857
teensturngreen,321358832766955520
juancamilomira,459855160085577728
swissperscotton,319421885735632898
teensturngreen,459019524432723968
teensturngreen,460625923365433344
teensturngreen,459392695921025024
valpinkfuzzy,452956091887157248
teensturngreen,331848412192440320
ecojot,448458921892511745
erinschrode,453765254649233408
bornforreason,454432375788044289
teensturngreen,324295659236765696
stephanigale,460974919623249920
teensturngreen,448569308793147393
angelapaints,324296201178603521
etsyrecyclersgt,456484944169406465
hemphistoryweek,448864171363278848
teensturngreen,455772088478220288
rachaelba,453233051640659968
croftersorganic,448575480535347200
erinschrode,451042535104729088
teensturngreen,458725189589938176
etsyrecyclersgt,445254160792170496
teensturngreen,322293559552270336
csrwire,319638121937506304
teensturngreen,453941712822755329
dfornbacher,461223334005329920
erinschrode,331852172994154496
teensturngreen,321753120432590848
erinschrode,448577699096047616
erinschrode,448581248626470912
abeego,459744320338137088
teensturngreen,461980153967824896
csrwire,320944931399168003
teensturngreen,448867225449938944
gkenviro,447875767947771904
hempvindication,459752459284398080
teensturngreen,451756798366597120
teensturngreen,327871118423756801
teensturngreen,455832235317686273
teensturngreen,324909508994412546
yianniskordaris,449078735913115648
erinschrode,320277320743145472
xsbiggiesmalls,453339295336910848
fuelfitbyamy,461006993818267648
teensturngreen,455783850128711680
acureorganics,321340728087298049
bournda,448553525966954496
umnsustain,459475077021458432
votehemp,474354359695056897
teensturngreen,456464179986063360
localishere2014,460586884826398721
croftersorganic,321349873519693826
erinschrode,322294806422364161
teensturngreen,453201506133487616
erinschrode,448916989692493824
croftersorganic,320267799379460096
teensturngreen,453973744701423616
erinschrode,448154889604984832
teensturngreen,461953505994219520
teensturngreen,321818867544514560
teensturngreen,455789374664630272
teensturngreen,324582716521725953
chipotletweets,459506692070178816
hamsandwichlll,451757943273160704
cooltheearth,451900457221251072
abernadette11,459662341651824640
teensturngreen,328566010225512448
teensturngreen,461999371429888000
teensturngreen,458676285825642496
teensturngreen,322697487133593601
teensturngreen,447976112329461761
barbvanry,447569313315446784
yangforprez,453036028094607360
teensturngreen,451052551505334275
teensturngreen,453018654293368832
teensturngreen,327113603239014400
acureorganics,453253604124536832
eoproducts,460983230103961601
erinschrode,451922485978492930
carriepdx,318571563643445248
croftersorganic,323446812402937857
numitea,319901248595841024
teensturngreen,461949792508477440
hemphistoryweek,448863921357615105
teensturngreen,451900707172798464
madibolin_15,452958047842103296
teensturngreen,455754532031827968
teensturngreen,448595784749948928
hemphistoryweek,459793491598397441
ericagolin,453029098173263873
rj9614,451433581714624512
teensturngreen,456476573806637056
erinschrode,451799810912169985
teensturngreen,458731627339071488
teensturngreen,454019526179307520
teensturngreen,458001824109576192
tugreenclub,328057363842093057
davidleebron,448690774687756288
megoon_fuerst,453956129047842816
teensturngreen,449337265962356736
ecobizniz,332619055913644032
stu_r_chap,457171785461825536
teensturngreen,457196993614336001
teensturngreen,455789384655462400
teensturngreen,447434329841360896
votehemp,453960786872786944
etsyrecyclersgt,455759512671367168
organiccenter,459083960069664769
julialwhitten,318514922344566784
earthandnature,458630442846281728
teensturngreen,453170763365769216
votehemp,464395861112668161
ricedining,447710409588346881
nancysuzyq,462013806160257024
onelovemc,448864530718662656
lys57122000,451934794582982656
teensturngreen,450696121900228608
teensturngreen,448801949039591424
ca_pesticides,441676778986147840
bornforreason,456073215836979200
teensturngreen,453689578063282177
fredk9vegan,316048360622678016
fihpr,453963097762705408
erinschrode,449317658815520768
ashblair92,459402245906644993
bornforreason,454577552720670720
teensturngreen,442770493720911872
erinschrode,451158858455449600
vcuhempsociety,462529580235247617
teensturngreen,454020100308209664
gumballarts,451092712557531136
togoware,317756694396547072
teensturngreen,461907536808247296
teensturngreen,458733073803513857
reginaryerson,451104519493914624
angelacollado5,451072750619459584
erinschrode,459031461434503168
teensturngreen,458783730761752576
leaderrevolt,462028602591424513
teensturngreen,329053728638369794
erinschrode,458752127557709824
bettylovell,319645669038096384
cascadiadunord,453241250112499713
burkemaryjane,333364672881373185
teensturngreen,456196895908835329
sydddneyhennn,453721877484408832
ruthie_burrows,325300533583810562
teensturngreen,328576849233981440
teensturngreen,448588355521892352
teensturngreen,316954955980369920
teensturngreen,460843288460001281
acureorganics,451196222376644608
teensturngreen,453963344873930752
reginaryerson,455757858097741824
efkcorp,325003978167418881
teensturngreen,454026122951278592
teensturngreen,451058810384162816
croftersorganic,327120066762113024
teensturngreen,448088991133204480
women4earth,460866852931907584
women4earth,459715278167740416
erinschrode,316597147934019584
eileen_zelaya,459510327584247808
erinschrode,453968400612458496
gruvmedia,319575974423453696
mae37,460962910303686656
greenundergrad,328642753502265346
hemphistoryweek,456482091236986880
hannahsky,474307661232877568
safehealthyct,459178409118019585
teensturngreen,453248983234641920
gruvmedia,319838623912574979
thehelmetmag,316583665805185025
croftersorganic,321351782867546113
erinschrode,320266616464105472
misslovely01,474377478962544640
erinschrode,320316659212632064
acureorganics,460061124306956288
bcorpcanada,451434295304155136
teensturngreen,454066657036488704
teensturngreen,452166881915318272
teensturngreen,459195147532910592
teensturngreen,329058835157360641
acureorganics,324617852499927041
hemphistoryweek,448863739278655488
jwestxo,459471221952741376
j_goldin,452190922856730625
teensturngreen,458727949345505281
hemphistoryweek,448863759495225345
gaiaherbs,448865301669900289
americanhemp,453323598099644417
