cgiarclimate,305984422199582720
connect4climate,255609093300035584
connect4climate,248723474670034944
connect4climate,244510598694596609
connect4climate,305197840546820096
connect4climate,238961378629668864
boidus,267595961163972608
connect4climate,242336146166788097
luciagrenna,247639313330884608
kwasireports,283215681686757376
alevaccari,307635757030440961
bquillamas20,361930811647332356
analauravargasc,256840353565532160
cheshirekaz,307445670820839424
connect4climate,307648657413521409
bottomthebasset,285205575820791809
governancefocus,242629947888381953
connect4climate,244646453308440576
climateweeknyc,247670564360187904
tmsruge,245542875968966656
luciagrenna,296435622145564674
bottomthebasset,259006248370978816
momentum_unfccc,307051018867322880
andykristian,246290096666583040
connect4climate,259277930998423552
ngcproject,246644745038872576
soundtracker,262303070355091456
camlynguyen1,307610711532646400
connect4climate,263999808774217728
connect4climate,246274649179168768
connect4climate,268740151465885696
connect4climate,262811279016751104
connect4climate,245190111011172353
stephon_gabriel,311985918007451648
connect4climate,248995177971187712
vupfoundation,252717868377059328
wbclimatechange,307154485602570240
momentum_unfccc,284320724548743168
connect4climate,294353912004214784
connect4climate,250671651459588096
connect4climate,253586482198089728
coppengerare,257419369024466945
worldbanksasia,242479696183427072
connect4climate,331912721090088960
luciagrenna,254353525109305344
luciagrenna,249919199407906818
connect4climate,300242879178223616
connect4climate,289144642191126528
ch3ryl,247735750760751105
connect4climate,275464469226876929
alicialamalicia,271872343087931394
connect4climate,327985495709724673
talianav,251401036479229953
connect4climate,263264628509904898
connect4climate,238825469837991936
soundtracker,251111966125481986
connect4climate,254068436597084161
sircome,238962541982793728
hannaschwing,243000458363404288
susaninkailua,244286866113851392
connect4climate,245869752315154432
ale_tapiasm,360257750569197569
takingitglobal,274947421476376576
clairexcooper,255487131705819136
internews,253509003768893442
connect4climate,245325895248785408
overthefarmgate,274064530005446656
mabinty,248744800210268161
connect4climate,264260613688152064
gelaminas,244377660552257536
susaninkailua,243967895342837760
connect4climate,264442102023348224
ifcafrica,306310237726601216
ineeshadvs,275468861107736576
lhollers,307543243669782528
ecolabs,271611313480945664
luciagrenna,249832612582019072
timo_burmeister,275874332469780480
brunosan,296456595485888513
cgiarclimate_la,540528520351326209
connect4climate,239165228179410945
luciagrenna,239177845493075969
_gcft,275057288715313152
alisligo,301828649919844352
luciagrenna,247639551311499264
connect4climate,302963123785170944
connect4climate,270983827176955905
connect4climate,241384875817570305
kaenkay,307628054891618307
connect4climate,262268049409839104
horizontelatino,272358561303121920
connect4climate,275626205460451328
codrinpo,305972664370094080
blindspotting,283246920980369408
klistrik,260646298083024897
siobhanclaire,284631632856621057
luciagrenna,287005826470776833
soundtracker,249918037451472896
eric_t_music,302196817116950528
bpecfairplanet,242752526133387265
umpg_ltd,271353629921902592
fedebizzocchi,239329589908869120
connect4climate,250263937533235201
nwgcoalition,246666285130346496
davilalu,304124540030693376
progreengrowth,306041417220911104
yusufeniola,242202310749597696
connect4climate,246278409301401600
connect4climate,292361001087672320
connect4climate,250399341146148865
protagonistasx,306383726621904897
connect4climate,248859194952912897
bm_afrique,245998920751280130
connect4climate,276914039668482048
treesftf,245547324154191873
cccomdev,261744199584583680
lassocialestwit,248085454849732608
zaidshopeju,244384159445962753
connect4climate,249991820019367936
gmi_energy,270528612472606720
connect4climate,268457826144370688
lulumarsecko,255339659654209536
climatecolab,243721972788387840
connect4climate,261571370624901120
connect4climate,268455676425146369
wbsustaindev,269725344339202048
luisalbertoco13,272390059829891073
tmsruge,245909838436114432
winnahh,256614761754673152
lesnubians,269608356908527616
connect4climate,248214461104672768
connect4climate,239464910709456896
kwasireports,246279425937797120
thecitizen,271650080371650561
annisaeprila,258056501829177345
great_impact10,241803889387634688
thegef,270350988811051008
connect4climate,270119201862209536
connect4climate,247364418013376512
luciagrenna,250907154343661569
blindspotting,243721972784197632
hojodelatierra,251415420228210688
davilalu,244377547381547008
takingitglobal,257506764868694017
connect4climate,299550699472187392
thisiskibuule,256108504593620992
connect4climate,247228602976976896
connect4climate,240343063417982976
antngl,282402572076199936
codrinpo,305974870997598208
eric_t_music,317610267494211585
wbsustaindev,300260352535449600
mdeluzgon,248861679029452800
soundtracker,269647014399209472
go4biodiv,270346548578222080
adilmmn,307321864550752258
connect4climate,238697859187347456
connect4climate,265554810030411776
luciagrenna,248354841682915329
emmanueligunza,249833888212459520
soundtracker,249834155595137024
cedellamarley,307612680389292032
connect4climate,248355740241244160
emmiewakio,271322510287568896
connect4climate,253253468297510912
srm1321,311800863146512384
luciagrenna,252189346298482689
unicef_ua,250517739079335936
pnsidh,242579693369450496
cookstoves,246369216813486080
connect4climate,304101853560442880
lmmkelley,250948226419658752
connect4climate,265272352533798912
sogsuvic,285187538266775553
nawsheenh,278387565206323201
eriknielsen1,295658707033939968
connect4climate,243831018908442625
polancodecouet,262272199673647104
talianav,253589404642336768
connect4climate,256424582519586816
luciagrenna,260934772166115328
connect4climate,306268629220093952
erikakvs,272403419623485440
momentum_unfccc,284321328356536323
350_uae,272183114535677952
connect4climate,274619841237897216
connect4climate,252301856980738048
ourrev,246715898256306176
connect4climate,278318300662996994
wbsustaindev,285699354679992320
luciagrenna,245304398186692608
ferqwikluis,251136396188868608
arsparrow,270346220466237440
mabinty,244794013222313984
citizenofthewo4,302612733453541376
connect4climate,293836903097200640
mariolopes15,291683637844385794
hellen_bvdes,248091291076927488
luciagrenna,248354716831055872
connect4climate,295169392776466432
gaiasur,247094899625828352
leonardandres7,273527373251612672
collaborationgi,251081594289397760
tkb,238755850427195392
umpg_ltd,271353723161292800
connect4climate,254612733796950016
wbsustaindev,278524662198202370
turnasol,333704006683734016
connect4climate,248490362090430464
gcc_sustain,262572242083397632
loralucero,264299751879610369
climatecolab,271973374241157120
sksmedia,271877283726381057
go4biodiv,260653183695740928
connect4climate,279722645749108736
connect4climate,307627176541421568
betico0807,275468392079708161
mau_gubbiotti,293314033493368834
rkyte365,300841053941018624
nanc_4,549001899283062784
liscarbonell,252102524763508737
climaxntn24,307643300171624449
davilalu,252031510759235584
connect4climate,245598177741377536
worldbanksasia,239224808775221248
broncsgogreen,255406670027579393
connect4climate,296681300797042689
abdisalan_ahmed,260094999331491841
connect4climate,295350531579318272
connect4climate,282984099126325248
tmsruge,241572754963447808
ga3xc,275877561496633344
connect4climate,245950172977315841
undp_europe_cis,306731737692663808
yassinsabha,254683234737221632
wbsustaindev,306973309113868288
connect4climate,275691015933919232
connect4climate,243559216575549440
connect4climate,252166304541315072
connect4climate,306301351791579136
cannyhighlander,243832427540262912
connect4climate,257104099550572547
luciagrenna,264685804914352128
broncsgogreen,261945890716151808
wbsustaindev,307466524959051776
soundtracker,249834721234796544
ineeshadvs,292999597431869441
connect4climate,316166486718816256
wbsustaindev,306015763993591810
connect4climate,305686126398681089
kwasireports,282986899503722497
luciagrenna,249688381985021954
masotomayor,307681040372228096
fondationbda,257695162040463360
ruthevitalfew,254002103796776961
connect4climate,299154300322578432
goddessofdork,269712527015940096
connect4climate,240845259859439616
shakirovameerim,292542519923834881
shannonmyee,307648316869578753
connect4climate,270985401521561600
luciagrenna,282839530292260864
rt3morocco,321340981989490688
connect4climate,321339334190051328
goredla,246643498168762368
jssozi,251899624611258370
connect4climate,281761071310708736
andreas212nyc,253516884685766656
connect4climate,284614765224030208
connect4climate,289074780773183488
connect4climate,244283952364417024
rwinrwanda,307468624145285120
soundtracker,238704141847916544
connect4climate,265499112483475456
connect4climate,269711529312661504
salem_solomon,327985662835957760
connect4climate,261316223327956993
aprich22,257692127696412672
mau_gubbiotti,295177791136223233
connect4climate,292859073756545024
connect4climate,277910613798289408
fondationbda,256460007086907392
climatecolab,306723104879689728
connect4climate,256288517389438976
auroraborealy,306542384525746176
frontelle,276267908483649536
giuliacamillabr,308384578769416193
davidhiggins101,286443521928462338
connect4climate,280356833489731584
connect4climate,303265118207225856
zerohunger,307530755167383552
connect4climate,243151502422720512
luciagrenna,247018866574778368
xiomy_acevedo,360234182481420288
snapandaccap,307620694919888896
connect4climate,242743857253588994
connect4climate,248528165998297088
connect4climate,268741308691120128
luciagrenna,262302794629935104
connect4climate,246644245258182656
connect4climate,295577063786700800
connect4climate,293719891171749890
connect4climate,261587980332957696
faithcnn,245911845880344577
heatherpinnock,307661716559384576
connect4climate,256804223260430336
robbiebisset,270346292578889728
adbclimate,306996838718906368
dotunbabayemi,247506058480873473
ddagan,249528750851629056
maureenagena,262425512624914433
leighvogel,258338926945779712
connect4climate,281579835015450624
connect4climate,278499626645082112
luciagrenna,248535266451664897
nickgenis,309573801899855872
connect4climate,251078796260818944
wbpubs,286285712427450369
gecoalition,270229073568075777
connect4climate,292542012727644160
eoubebe,261517201633316864
soundtracker,245934869698465792
helptheearth,286241933033103361
takingitglobal,278854607436910592
connect4climate,257375592268320768
connect4climate,290820700875407360
carolineyu10,244377457610854400
connect4climate,275872199284494336
albankaldawli,285622776772059136
connect4climate,273189594844000256
connect4climate,284003237529522176
takingitglobal,253101155150872576
davilalu,258209145583443969
karensoeters,239671376255000577
worldbanksasia,247064616209895424
connect4climate,254747962687774721
takingitglobal,280755671505461248
fissionstrategy,247735756985090048
sksmedialondres,321020196859039745
sportbymlp,244267691232350208
artbrand_london,271878203482710016
connect4climate,303820020000116736
marksimpkins,260641818520219648
connect4climate,269303859401334784
connect4climate,303504366223101952
internewseurope,255220831116992512
binit2greenit,242405117855399938
connect4climate,269131300726779904
tmsruge,246195539442540544
swscot_home,242580426571542529
ruthaine,298521568550744064
ghanabakwamena,252710008641437696
connect4climate,316194261181804544
bottomthebasset,249862544959864832
polancodecouet,259551866134863872
thebrandmagaz,271876486787653632
connect4climate,268896221710667778
aspirina500mg,245678580963635200
sara_varela74,255561001326485504
connect4climate,249267306029518848
isf__singapore,238698009502834688
connect4climate,283214716074070016
soundtracker,300350026289389569
adbclimate,252722428831207425
sktettey,272036678489755648
connect4climate,250610281556889600
connect4climate,251768923735851008
connect4climate,274196074628018176
connect4climate,256777257144692736
connect4climate,281353308449419264
connect4climate,271568807867338752
niltiac,274062518119456768
lisette_x,282842337221160961
faocsdi,253852009395011584
bottomthebasset,248725437541400576
portlandjamaica,307626593222815744
jjingob2535,280929683112087553
wbpubs,254681579106992128
talianav,277506710002884608
connect4climate,292995054895775745
connect4climate,256105143190290433
mtvvoices,282079211592769536
connect4climate,251685500426010624
ocictweets,278903262218964993
connect4climate,277321751673831425
soundtracker,272141355902459906
ineeshadvs,275638889090277376
connect4climate,275056760245592064
tffchallenge,271596368861220864
luciagrenna,269970817352339457
d_droseberry,276309337197133824
adbclimate,252982032743923712
connect4climate,267009318614872064
kristenlmayhew,302966007717326848
mathe260,289564743465840641
samagona,259958287343173632
connect4climate,306043434538512385
connect4climate,294942946464247809
anjarasmussen,255885098631700480
connect4climate,261724047530946560
sheylaguerrero3,307619917488857088
connect4climate,293538619317174274
gwa_ong,278857270417309696
connect4climate,317646404782800896
internews,243353415600726019
taraexpeditions,242212503327744000
bquillamas20,284417901086269442
connect4climate,242472033328451585
pretty_tweetie,273860141915459584
wbsustaindev,285411214652211201
connect4climate,259863738331590656
soundtracker,248353647048658944
connect4climate,270371672941543426
kankanonmai,307706723681054721
mayi_09,307647935338905600
luciagrenna,251112278672429056
connect4climate,256097008954249216
gaiasur,263451577455611904
northrunnnercan,311794656717455360
selenagomez4god,278907532066562048
murray_vivienne,279675045016641536
hokouh,285476525216788480
connect4climate,266495334023299072
connect4climate,251894114507956225
lesnubians,269608290403631104
luciagrenna,245304309863051264
maggietranquila,321022182975209473
haderbossa,256837992155590656
betz99kesh,245210408418410496
fulweilerlab,246729632110501888
rokiatraore,305710431106891777
connect4climate,252115410953060352
greenpwrmonitor,497054798081175552
connect4climate,312007742774718465
connect4climate,253526324134678529
loraine_tafur,248085555424931842
totiealmond1,307798353633243137
moatazelnour,257508986209857536
connect4climate,256776918031024128
envczk,269559058661519360
publicspherewb,253582339727314946
luciagrenna,238704040727437313
anjarasmussen,293599312166940672
saayc1,242710644531552256
connect4climate,252810439568793600
polancodecouet,253661472494874624
newbasemedia,270883873653682177
connect4climate,261452158141100032
connect4climate,248527530716450816
1kosta,317618162092879872
connect4climate,257783532443799552
microchar,260002487002615808
connect4climate,270986692117278720
camipg7,307648933205794816
connect4climate,313413334177284097
angelabradyriba,267352923929993216
connect4climate,261180862299783169
connect4climate,272791900342333440
connect4climate,307648436545658880
millenniumwilma,285475033374154752
connect4climate,307641042499411969
connect4climate,285837804611710976
worldbanklac,307642675161616384
connect4climate,264033690085101570
ccilschndr,271650035916218368
wbpubs,254033211225698304
luciagrenna,246978241515122688
connect4climate,276098668103348224
corpocesar,272385690124292097
connect4climate,284796022813765634
fondationbda,256102690432618496
talianav,252814966250434561
mau_gubbiotti,309580006990954497
connect4climate,259821377874440193
wanjirukr,262410950865465344
aidex2012,242579492227407872
adbclimate,255881994439901184
educateorg,271421454288031744
cherramos,277535667125379072
placou,272438100955893760
waterwynd,257920018833092608
gcc_sustain,243988842393268224
connect4climate,249719857367617536
joaolamelalopes,259443549681102848
climategroup,248799415572234241
oscar_andres10,307516847580934144
momentum_unfccc,279523920288313344
sarzub,308658960309841922
urrightitsme,307619021522599938
greenmapuae,271293347082149888
luciagrenna,277591237459062784
connect4climate,272384130732408832
climategroup,271649528174751744
cinthya__,243982022333308928
miskellaneous,261788020997513216
soundtracker,238992578140336128
connect4climate,245211879117553664
talianav,256794863486529537
connect4climate,247907871470256128
connect4climate,280130223025037312
polancodecouet,311030368432164864
swissre,271873883085348864
a_ashenden,262404224384630785
lina_arar,294538533211869184
piepvandaag,239679652103352321
denunciaglobal,242580014678294528
julie_a,307638411253141504
whatsintheheart,246644158897455104
princesasamaria,256095680781770752
connect4climate,259141880686727168
connect4climate,290639483538382848
emmiewakio,253946209528602624
tmsruge,245919867918749696
connect4climate,251385214473998336
luciagrenna,253997666978123777
holyspine,247158941774139394
hill60bump,311893028392554496
riyar_18,307620097994940416
connect4climate,283210669761912832
connect4climate,263097936492257281
nawsheenh,305983029661270016
connect4climate,269530447158067200
psalmistmekaiel,307515289132752897
benjaminmugema,298523028604727298
soundtracker,254646626818334721
beggaman,250681882260434944
tmsruge,245544879340544000
adilmmn,293190730451664899
fondationbda,265289059675553792
climateinstitut,254054945932857344
romneybot_says,242948809737510912
cammoun,315822496970600449
evasotoa,256492307090649088
connect4climate,293176220445712384
connect4climate,333703489786085378
polarconnection,268729306820251648
connect4climate,242607978811908096
cccomdev,252675765945126912
emicampa,249839315276943360
talianav,272356562583040000
connect4climate,246275692281602048
anitapava1,293838806392635393
fvilema,255339747004788738
climatecolab,260002489175261185
hannaschwing,330356277605715970
connect4climate,239799413663481856
news__rt,277095744572383232
connect4climate,265680019639107584
connect4climate,334766530975903745
sportbymlp,244266092535635968
connect4climate,258463159537516544
fundaecoguate,259169186599825409
coloredzebraug,262406693437186049
ecocarwashrhys,254476995218518016
connect4climate,273478950511071232
tmsruge,240212804764831744
connect4climate,321019769216196608
sustainableuni1,244512846245945344
emmiewakio,242608157711544320
great_impact10,253275102081318912
mau_gubbiotti,297617275832381440
connect4climate,270345793058263040
eoubebe,261522174421127168
scott42195,265687543180324865
ecocarwashrhys,243575202318008320
grassrootsearth,306736750737383424
miskellaneous,260641497890844672
adbclimate,241002814648750080
connect4climate,258870222684057600
connect4climate,279133609695260672
connect4climate,307781117321302016
munjedalsharif,308220988640858112
connect4climate,305736416061685760
connect4climate,273018354053296130
alexanderp,241114237827698688
talianav,252095100002394112
connect4climate,241792545619836928
heathercosson,250309987170136064
worldbanklac,307650619232116737
luciagrenna,254353372495355904
bostridsberg,307245458537971713
youngnata,239747956494979072
connect4climate,254091080197341184
worldbanklac,247092852469952512
connect4climate,255020769929740288
connect4climate,277729446679691264
suraya_asmal,254981759291244544
connect4climate,239074677602013184
connect4climate,246291433751998465
connect4climate,253513624050597888
codrinpo,312544100383592450
leighvogel,253663253849321472
alessandragage,307427660190068736
connect4climate,261044439076700160
gaiasur,295172016393289728
belictioner_6,307634553839841280
connect4climate,263128185422618624
propdom,241817290834849792
dineshpanday,305974647856439296
connect4climate,243423355129196545
publicspherewb,250664660406255616
unepasiapacific,250542910183968768
tmsruge,238829717896179712
connect4climate,285430148860350465
connect4climate,252845915432439808
connect4climate,245571835389939713
boneyepunit,245210731321122816
connect4climate,267763797681393664
bochikaorg,254052511915311104
connect4climate,292678021813526528
worldbank,285466952741289985
alcantaraspa,307853707918323712
wbsustaindev,279672207247028224
connect4climate,247636364412207104
talianav,251684286837714944
connect4climate,294535339723354112
greensmashdenim,246826364362170368
luciagrenna,250273850347122688
luciagrenna,260118345016299521
connect4climate,276619554766082048
connect4climate,237307986396192768
wbpubs,244189592889208832
connect4climate,273889043324997632
soundtracker,249918430675881984
jessie182vj4fx7,281132902291492864
alexandraposad2,267014919680036864
1960ava,296577620374614017
connect4climate,274467886381277184
connect4climate,256967593192194048
connect4climate,275692156172263426
ivanbruce,306163426298839040
connect4climate,281172190806810625
connect4climate,280537997944954880
wbpubs,245811639109165056
siobhanclaire,272162301719744512
apps4africa,274876343622176768
luciagrenna,259773127825977345
connect4climate,260500813892431872
connect4climate,259957325916430336
anjarasmussen,280613762736730112
cultureid,252982835907018752
luisalbertoco13,272390266248364032
luciagrenna,247095375494799360
bidjuventud,281859240669351937
connect4climate,271161101251670016
giuliacamillabr,308281350258040832
cfnhri,242585718520692736
labelizan,293915234173874177
tveinspire,246632516855939073
kwasireports,269306313115320320
connect4climate,311028771589337088
gfdrr,218506004906782721
connect4climate,301819354805313537
soundtracker,309159312293511168
350_uae,271615732704497664
connect4climate,318838965513895936
alomujeres,248164972880859136
a_saenzarroyo,242584453837385728
connect4climate,267016690615853057
connect4climate,285973754364952578
hobine14,238704234030305280
wbsustaindev,285459017667596289
connect4climate,267084247200845824
liberobg,282804551982129152
ekhotr,265065365892116481
connect4climate,266314129768316928
cleoreyna0774,307656956972253186
connect4climate,358138029669486592
wbsustaindev,280428432016416769
connect4climate,289552329160658944
simonapalummo,277940487434936321
ecoinfo_by,270799637655457792
jabulaniapeh,253954895462428672
eriknielsen1,267821808588304385
luciagrenna,259773101884186624
sksmediaespana,321020235119480833
connect4climate,259413929132965888
mabinty,252307373492944896
greenghanaian,238962302462853120
nawsheenh,306116739320668160
connect4climate,268715068328378369
connect4climate,261517700055056384
climatecfo,307628630807289857
connect4climate,254302640018706433
connect4climate,254340511899451392
great_impact10,264261041595236352
blazinrosie,263455661529108481
connect4climate,300074083016650753
kwasireports,283217061881208832
connect4climate,308220246383280129
connect4climate,282168884377833472
undp_sudan,248315980487483392
artprojectearth,247699392927240192
thegef,306517361660411905
abodunrinadeola,264344145894719488
sarailatin,252849269340520448
abdisalan_ahmed,238704650843467776
why_scarlett,269713025324417024
tmsruge,246291170446176256
connect4climate,283980741073833985
connect4climate,243403389365518337
umpg_ltd,245600210477277184
mtv,307618766529892353
connect4climate,249584164930736129
labelizan,257113449342066688
connect4climate,256832570388541440
connect4climate,267491903946240000
eoubebe,261521153837916160
rokiatraore,305642979723456513
connect4climate,316527774313627650
greenafricadir,305767615735922690
dvortega,239943880190078977
connect4climate,282395123856314368
connect4climate,247092648614166529
connect4climate,328920141616250880
sarartme,278510726501519360
ineeshadvs,275470761509142528
rodrigoaladro,242604441444941824
li2bees,272606574797787136
alexkasterine,262208585243713536
unicefkenya,265329642523721731
m_mifta,263677717382307840
connect4climate,307987837867917313
connect4climate,247500235092422657
analauravargasc,263269413812330497
maxthabiso,305835046252728322
connect4climate,284207074647355392
connect4climate,258191200891314176
tmsruge,262378069065601024
jazzavenezolano,285430481376387073
patrydelaesp,293840070547488770
connect4climate,245898936592773120
climatecolab,283247143353974785
sircome,253029473841209344
cliffj9,293010863907016704
takingitglobal,281814075565015040
goymp,279188314387517440
tmsruge,240212050213752832
mabinty,250948493076754432
connect4climate,256487538783576064
connect4climate,301050785020657665
undp_sudan,252338516833480704
ecocarwashrhys,261459890680246272
connect4climate,307647833757073408
connect4climate,276279879195045889
sportbymlp,303000363718561792
yamatuitter,306016483576782849
connect4climate,315818014501117952
connect4climate,295758236194336770
ldiazammo,325785485635100672
toxicsmile69,307627486538235905
bottomthebasset,276281924165701632
jobsknowledge,306818768431116289
ifcafrica,261860070495760384
dlandscps,276507226963853315
homefarmlife,241817246404591616
federicaf5,281116360367538177
stephon_gabriel,316227900426838016
connect4climate,316801884293824513
ansonsuk,307471230401904640
analauravargasc,272402857024692224
leonyaurora,239991620546736128
climatecfo,307158634067009536
cheersmae,263673465939300352
connect4climate,256787827658997760
eoubebe,261518227119677440
connect4climate,307628976191459328
hanpritcher73,271774596439605249
talianav,248085346603126785
adbclimate,280468050959020033
nawsheenh,239936067384532993
tmsruge,246289598714617856
unicef_ua,250520619433725952
connect4climate,306832380272967680
miltongferraz,248356846530875392
connect4climate,246956800996433921
hill60bump,311984649431822336
connect4climate,248451415675117568
csrwire,248809262120304640
connect4climate,243287396454658048
connect4climate,283391766298771457
connect4climate,244238712911847424
connect4climate,273189571683041282
amaldababseh,284328813159141378
connect4climate,257919914709483520
tmsruge,261553307678539779
connect4climate,253389266288250880
connect4climate,258734219369525248
fctalianavbogt,252099592370409472
karanja_anthony,239699064344690688
pradyumnof,313545478534995969
sdmireland,242586222583742464
connect4climate,325783597321682946
connect4climate,246685176736935937
urb_im,300074392434642946
luciagrenna,238992456576802816
blueplanetcomm,253842663537774592
1andonlyworld,258543563384684544
capitaclimate,253531296729534464
kddcomm,307594858695110656
saddiehottie,307636514446266369
andym_c,251684556338495489
connect4climate,309129996990021632
fondationbda,258056325219618817
eoubebe,261517131311611904
ifcafrica,262881613149511680
blazinrosie,273193090620198913
susaninkailua,256153018003767296
iadecompany,243470457041473536
connect4climate,271749986012782594
holyspine,264919175737245696
wbpubs,293436592356458496
polancodecouet,253257614287306753
connect4climate,268081036280344576
climateweeknyc,248799417736519680
connect4climate,242064350033104896
cherramos,286968174388330496
connect4climate,248492765401464833
polancodecouet,282397199000809472
connect4climate,273889121276145664
stephylumz,311985125686657026
connect4climate,240207126436409344
upfrontafrica,245911628321804289
ineeshadvs,280365046071173120
pakifaloda,242582171137748992
connect4climate,279334105366265856
connect4climate,311900261432033280
lulumarsecko,266495636579438592
carocorreaa,307846487658860545
soundtracker,308068846500184066
robinhood1776,243993946194341888
serenaproject,319778931718885376
connect4climate,273426007103512576
povertyenviro,284119036449652736
kmilotmm_music,272356624436432896
rivaweinstein,271652173132214273
connect4climate,298023258358444035
350_uae,273281232786313216
connect4climate,251395344519294976
connect4climate,272130049774338050
alicialamalicia,271872150976204800
connect4climate,261521990047903744
ukyccdelegation,262677949520678912
connect4climate,252709668265279489
lisacarfiroring,259626929395757056
gelaminas,277759963055669248
davilalu,242828673231753216
codrinpo,307104751412183040
abdisalan_ahmed,241250793490108417
alcantaraspa,307524505780248578
ineeshadvs,275471014031396864
ineeshadvs,290322485147222018
sportbymlp,245384471250104320
earthhourcarib,311991397509120000
stokes_the_fire,246666279128276992
connect4climate,282802831868702720
takingitglobal,273824929571549184
fondationbda,256099190063636480
katia_poly,261045265904050176
julioyanestal,252107012853362688
connect4climate,304505786716000256
aysiccik,280929508268339200
jaccalder,257544433497694208
connect4climate,314511754090655744
connect4climate,254205278805954561
connect4climate,268440972612997120
luciagrenna,307480027182809088
thaliacharrolin,307621611622776833
connect4climate,264849783007608832
anjarasmussen,241387449903874048
thomaslingard,280953779547959297
bottomthebasset,251487793522561025
dlandscps,269123040112173056
acdsoc,293256807214882816
talianav,277507047401070593
paolalivorsi,270940759409192960
ch_bermejo,277507557977903104
connect4climate,285611412347305985
luciagrenna,246978407466954753
connect4climate,239572914050056192
connect4climate,271315097631219713
deyanatura,307452476783722496
myclimate,307428246486663168
nigycc,279647741490110464
connect4climate,238734875476254722
connect4climate,249856023546974208
eriknielsen1,280398412065689600
luciagrenna,259773068598194176
63kostya,307633746801197056
insidercellins,251916922587856897
labelizan,252849734346227712
yassinsabha,254683013961637888
sustainableturk,264265100381286400
connect4climate,252121155325026304
globalmacro646,259808109294399488
connect4climate,261516003710738432
youthonclimate,294372522458226689
ellebethel,271358989214822402
alloll_a,285641390677975040
ineeshadvs,278912668885192704
connect4climate,252047174899216384
connect4climate,256696039896129536
alexaraujoc,307428228883173376
connect4climate,318498148093947904
hunter_olmos,277507436556976129
onestopgreen,313415640163684353
lonuestrorio,272385994978889729
connect4climate,274060200661622786
connect4climate,251214789563523073
unicef_ua,251577639960211456
connect4climate,251758557245108224
connect4climate,246240025828802560
wbsustaindev,285004766524891137
connect4climate,296800182782271488
aprich22,258055364409434113
rossdares,281338385312915456
tmsruge,238751301037604864
wbsustaindev,305637034956050433
jjpolitics,247735754485268480
gspatuzzi,375286380148326400
connect4climate,307543158072430592
shannonmyee,307641439167315968
connect4climate,255744708469456896
connect4climate,285022500574863361
profetajulians,252095965559930880
soundtracker,245934959246835713
gaiasur,247020575321645057
connect4climate,248355600243752960
luciagrenna,252950680787116032
publicspherewb,250240812368134144
davilalu,273653208180727808
samuelslee1,218521848965640195
connect4climate,242200233247924224
connect4climate,274241459895545856
connect4climate,274618271108591616
connect4climate,255880375929294849
connect4climate,256718730963345408
cgiar,271643228728602624
iamsaraingrid,246643581132091392
edwartsmit,248089538046615552
marco_unv,285536185693114371
mathe260,289564553690378241
connect4climate,312158849442398210
maureenagena,261783063820922880
soundtracker,272141403889471489
luciagrenna,307828897880358912
capitalradiomw,252663222941937664
connect4climate,256087628645011456
connect4climate,258327123398385664
eric_t_music,296166235970863105
connect4climate,273833724469202944
davidongwech,246685314435907584
juand_mercado,319223403007594497
rickrockwell,283576659125342208
connect4climate,294127672970313728
polancodecouet,263868854638354432
wbclimatechange,307627268753211392
connect4climate,241113067340054528
bottomthebasset,280131418485583873
raymutai,304286961647095810
agrodep,307628203047002113
connect4climate,248044225793495040
jaredpurdy,240148063694491649
connect4climate,297615515751419904
unepasiapacific,291430861914660864
connect4climate,348834215468609536
connect4climate,253003909633806336
connect4climate,281987477026263040
connect4climate,251622869921062912
blindspotting,271610737040961536
connect4climate,322380085594308609
zaidshopeju,307269880812535808
connect4climate,257647094897184768
talianav,272388425892655104
connect4climate,268488498418425856
eriknielsen1,300082520467316736
jmgong13,253808298808188928
bottomthebasset,281764045722382337
peonyproject,242472876442279937
connect4climate,253660959846060032
connect4climate,296392571968704512
connect4climate,253139048812666880
eco2h2ouse,295627626217885697
hannaschwing,254250891551576064
cindalawr,252190976611856384
planit4planet,239204644298031104
cws_global,244334261765799936
connect4climate,296981323040571392
connect4climate,267311035009093632
climatecolab,275595494049333249
ombradellanotte,260637964739153920
connect4climate,307104157830115328
simonapalummo,277942004812496896
connect4climate,253584903445299200
ghanabakwamena,283980903628279808
megmatthews,251395436361953280
connect4climate,276687712189300737
sksmedianigeria,321020079837945857
vasconcelos_fe,254015801340878848
connect4climate,272565325764104193
connect4climate,251680923140100097
wbsustaindev,280926722117996544
kylesmumski,242202734391074816
tmsruge,246685050668724225
connect4climate,271976523169419265
climateed,248317785581686784
connect4climate,243695177389182977
connect4climate,311793907757379585
labelizan,252606951911981056
luciagrenna,239177979782119424
talianav,257105079222562816
gaealliance,540545172078329857
connect4climate,258601176570941440
ineeshadvs,276927907505504256
adbclimate,268906092040421376
connect4climate,319767672961245186
mtvvoices,278088892320727040
thisiskibuule,245741269270265856
lassocialestwit,253590138570027008
gravitydynamic,259155108753973248
wsaoffice,257527117984710658
connect4climate,280764641158787072
ineeshadvs,301825717660942336
connect4climate,315572611759366144
connect4climate,243966860352180224
climatecolab,273062048080998400
connect4climate,317115567150620673
connect4climate,262675327850012673
tmsruge,245543344342716417
whalayojo,306021779120467968
miltongferraz,248361564581789696
labelizan,253968719204720641
connect4climate,314718163688386560
wbsustaindev,284042176223137792
connect4climate,296573766773911552
luciagrenna,238992331930472449
connect4climate,254476239585292288
talianav,272424190420873216
talianav,248088264353918976
connect4climate,277505676295667712
climatecolab,278090183772090368
nawsheenh,284032818458279936
harp4all_singer,293187842740477952
vdesaede,274876579560177664
inmidtownbuzz,307198603821195265
click242nature,307701139393089536
connect4climate,252981294047313920
connect4climate,304286852972691456
connect4climate,261859967391383552
anjarasmussen,247549102810869761
cheersmae,263098613373235200
connect4climate,273524287145648128
lspg_sks,321020464354955264
connect4climate,271342346875043840
connect4climate,275626220190830594
bottomthebasset,255474980404469760
connect4climate,243409291296530433
soundtracker,247019466985181185
juebee,276400698214715395
stephon_gabriel,311985023437905920
merlyn43,244664481077153792
connect4climate,250806992279597056
nasreblmaalam,247029342687875072
connect4climate,250308927454068736
connect4climate,267899644611280896
connect4climate,296165844495523840
connect4climate,274196793175187456
connect4climate,249131390296281088
connect4climate,259005954354458624
connect4climate,254093756448518145
auroraborealy,307626759522758656
talianav,257105085992144896
aspirina500mg,239116421534212097
connect4climate,249951691745673217
ivanbruce,280829196723441665
bottomthebasset,262541470479835137
talianav,256794818431291392
ifcafrica,265685203090014208
connect4climate,256088665955115008
hannaschwing,244146330027556864
unicef_ua,250986637520150528
banquemondiale,261104769110769665
talianav,293838331568087041
connect4climate,290299695631319040
connect4climate,314126917865451520
connect4climate,295984884520976385
connect4climate,293312144601141249
connect4climate,278907342068785152
connect4climate,260908523016310784
winnahh,254206493761630209
takingitglobal,256398323689345024
angelicaamaya27,239774876993462272
connect4climate,270984578028666880
connect4climate,252094991265058816
_analaurav,307496730239311873
beachwitchmagic,259821911276662784
alzawraafc,245632651241877504
greenafricadir,307608450286878720
zaidshopeju,258351253984251906
umoualbazzaz,248856639107629056
wolfiemouse,244103015135592450
connect4climate,272425194075873281
fondationbda,259008789406179330
maggie300,248802012844679168
connect4climate,250309826599596033
petemurimi,300088761298079744
donnie1386,307654031231311872
connect4climate,341220259052793857
winnahh,252310972365164545
connect4climate,262403437529034754
analauravargasc,251672949592051712
connect4climate,307466522362793984
connect4climate,256490647521992705
connect4climate,279341140145238016
bselkie,296016064641388545
connect4climate,270527037649874944
luciagrenna,249688145912807424
sonja_tee,307657768809160704
connect4climate,306666252569554945
connect4climate,269938057044701185
un_climatetalks,307426157802946561
bizladiesbxl,262136195046330368
upfrontafrica,245929538238967808
holyspine,269974898145910784
soundtracker,262302894945091584
connect4climate,304988991223115776
adbclimate,255486901685997568
tmsruge,304068500983517185
connect4climate,285203642171154432
eoubebe,265186563774885889
tanveermir3,245193121686777857
polancodecouet,240349359970086913
sidsarctic,325152017041461248
connect4climate,255338469226852352
blazing,243002619579203585
murraycarroll,307488938531094530
connect4climate,242879720851660800
connect4climate,245938225330405377
blazinrosie,264687142037495809
mariacalondon,307842969921257473
umoualbazzaz,252822874962931712
martinscott2010,243404127948926976
connect4climate,280945603708612608
talianav,251134116173590528
jimnoakes,244195642753306624
connect4climate,272384230305177601
gaiasur,246415342677676032
mwasa,244112381121265664
connect4climate,245054104626409473
advorec_ii,237308077483913217
sensd_europe,278762441398157312
oxfam,242579329278676994
arendtiana,269766902111412224
gwa_ong,255291288474238976
connect4climate,274621323525902336
amaldababseh,265569984296669184
sagararl,252603789264179200
gaiasur,275057859321016321
luciagrenna,263448460756402176
klimaatzuster,243297553276338176
alcantaraspa,288974720865562625
susaninkailua,257656177444405248
connect4climate,283799380199342080
mr_hoffmann,275877210437603328
connect4climate,241621753443516420
pennylyle,273917780322033666
darwinecoartist,283212656503042048
connect4climate,288737044803493888
connect4climate,248315558238498816
connect4climate,239391752329519105
kargobo,251686774512963584
connect4climate,270753392291368960
alfredo_tanguy,303269570116976640
econerdafrica,275616868302192641
luciagrenna,255261556936433664
doblebrightbeam,263447798094106624
rkyte365,307631858563289088
connect4climate,266903197656961024
adbclimate,284112965337223169
adaptationfund,307601300214910978
africaagrmag,319878446559928321
olumideidowu,305737905190612992
africaagrmag,307580080568295424
crfprojects,292361872341086208
1kosta,317661780581154817
corpocesar,283211529057357824
silviachiesa,281317993831612417
connect4climate,245210758365982720
soundtracker,247019891083845632
samuelslee1,218522627059355649
takingitglobal,277103306747293696
connect4climate,251676078945472512
sunnyschools,244006051270254593
connect4climate,243402990046814208
bullyingben,321022882278948864
connect4climate,298431067621314560
connect4climate,268458443881467904
connect4climate,268307394382155776
connect4climate,315176358215049217
connectbida,285472937644015617
cwharlow,242582048148164608
connect4climate,283422852504510466
bottomthebasset,239489060874366977
connect4climate,256152526066425858
connect4climate,245526724153053184
connect4climate,243015372318584832
ivanbruce,278536604035989504
gpconnectasia,254034518594433025
espacoautonomo,251759963335176193
profetajulians,252095856931655680
connect4climate,239935282311475201
momentum_unfccc,307451286507364353
connect4climate,261995689033207808
luciagrenna,238703581811838976
gwa_ong,253109875754815488
alcantaraspa,288310321997807616
connect4climate,256800652649439233
connect4climate,313595788716544000
connect4climate,306703997069316096
jamericahoops,307721369762807808
connect4climate,248587447758385152
connect4climate,239663501189214209
jobie_d,272161396328898560
luciagrenna,249918669629579264
connect4climate,307644836591312897
tmsruge,245543864209903616
connect4climate,258054776913281024
edgarcabas,257836623880933376
prartana,278907420632285184
connect4climate,275644207438368768
joaolamelalopes,256791885576806401
bottomthebasset,251627450570797056
connect4climate,254884264502501376
davilalu,296591123579822080
davidsuzukiqog,273186899353534464
connect4climate,248897749716709377
connect4climate,262131570926829568
hashonomy_gus,239048203142582272
connect4climate,277095391063838720
connect4climate,245733546679992320
shannonmyee,307649295513944065
alexiskanter,304510024393322496
connect4climate,256837014387847168
silviachiesa,281175293425758209
lorlah,273020477805576192
luciagrenna,267336815034380288
wiserearth,306987363454832640
ivanbruce,300349816821645312
davilalu,262487512071696384
connect4climate,260636822265294849
connect4climate,256559991039873024
cheersmae,303267120089792512
luciagrenna,239105585910534144
talianav,248404731683295233
connect4climate,249402961980174337
codrinpo,296982386103681024
africagoodnews,262887466648862720
mrlightfox,279949990581899264
tmsruge,245543001307369472
constit4africa,307580797848805377
climatecolab,272336268136951808
wbsustaindev,307626545965584384
ineeshadvs,267497555343060992
takingitglobal,275984171111964672
florencekitty,264442281023655936
tmsruge,244244924583776256
connect4climate,273199553723904000
connect4climate,244374639151828992
connect4climate,318075407809261568
davilalu,251968108770775040
connect4climate,252573689189629954
connect4climate,248142008772882432
connect4climate,298521350446907392
luciagrenna,255261591271006208
dejahashmom,254070483602006016
connect4climate,252096774309818368
connect4climate,263671879825514496
connect4climate,307643924393111552
soasradio,258201865228017664
connect4climate,246549117369720833
luciagrenna,252189136243535872
connect4climate,275283322777784322
kureishaku,287167010062872576
connect4climate,314964795315085314
barrybenedict,271786007073021952
connect4climate,252030341294997504
luciagrenna,259773047165317121
luciagrenna,245934093471191040
judithrosario,542124281141141504
holyspine,243178966805004288
luciagrenna,245304449382363137
connect4climate,279541394664730624
connect4climate,246274382073298944
sameerasays,300081420544659456
dvortega,239940581793624064
connect4climate,251486490994028545
connect4climate,283572949280256000
tmsruge,260053967109750784
luciagrenna,245934064023007233
thegef,307648739600900098
luciagrenna,307484725554057216
ecocarwashrhys,244107356294754304
bottomthebasset,280765340152123392
climatecolab,271610738441871361
connect4climate,272157713469956096
tarsheedqatar,278500665309929475
connect4climate,259549785143529472
connect4climate,268741733846749184
luciagrenna,247094457370017795
lorlah,273074096454107136
connect4climate,250606054218547203
m_mifta,262303601496563712
foto_rt,270803265795551233
cheersmae,274649739549622272
connect4climate,282576361883832320
susaninkailua,250813155675090944
cgiarclimate_la,539608112576356353
mangobeach,270347064171454464
connect4climate,255472867502866432
connect4climate,257511740550565889
pansarer,276522079950626816
connect4climate,284388381088178176
cheersmae,266096372351111168
connect4climate,273607176231206912
julie_a,307622872451522561
mtvvoices,256776468699439104
blindspotting,306723101255823360
connect4climate,265897629051940867
connect4climate,263111750617022464
soundtracker,247019413503627264
connect4climate,277503094349242368
heatherpinnock,239939348383019008
xiomy_acevedo,360234013144776704
cheersmae,266314997662109697
connect4climate,301328666728726529
wbsustaindev,282422778957799424
connect4climate,239255804967018496
connect4climate,309297364227743744
luciagrenna,249688327211610113
cookesteam,266495570720485377
luciagrenna,300298365114122240
connect4climate,308558731275276289
soundtracker,247019738901909504
labelizan,293192335938965504
connect4climate,279314951242391553
connect4climate,253932611230109696
ineeshadvs,280364692512325632
connect4climate,246820771094204417
wbsustaindev,306531757627408384
adbclimate,250400208297545728
mazda_bongo,280357632139726849
2010camilonew,293844850099503105
connect4climate,312543849614544897
_gcft,277743615088943106
wbsustaindev,285735881246126080
luciagrenna,306758550984736768
polancodecouet,253393952307306497
soundtracker,249834193582952449
shakirovameerim,290821028559609856
murray_vivienne,284049359916646400
maxthabiso,301354693945339904
cookesteam,255665549328130048
connect4climate,307642809207357440
realthermoguy,242870719623618560
connect4climate,276506380704313345
connect4climate,263445291712253952
amyinstilettos,285467036627382273
georkam,243354681244516354
holyspine,274890362781306880
projectmaya,246222137445208066
connect4climate,239094886245208064
visions_channel,262133896043433985
aura_marcela,276918864447684609
rachelkasumba,254707776771739649
connect4climate,274649126610804736
dolcigelati,296681537733283841
connect4climate,263047197988376576
connect4climate,243448773844549632
anandstweets,244511403610894336
connect4climate,304063115279101953
connect4climate,326114496433229824
cosmicrami,271875770371145728
izzy_lawrence,307795247126155264
mtv_eu,307645501807923202
valentinatrebbi,281132814060105729
connect4climate,253797154466971648
connect4climate,262539785657274369
mtvvoices,263267019661639680
irinasaavik,264489701409443840
connect4climate,263037679640395776
connect4climate,302590691870134272
luciagrenna,263449243086364672
connect4climate,239482363011293184
connect4climate,310686489971408896
aprich22,256102795147632641
connect4climate,307306723457261568
luciagrenna,257408911865430017
wbsustaindev,286219034515628032
joubertphilippe,282996144567627777
jazminromero25,272385311047307264
connect4climate,255155716875243520
winnahh,252309817048313857
connect4climate,240977163724144640
wbsustaindev,285066425767440384
connect4climate,302195525707526145
connect4climate,244782314444439552
connect4climate,299740624289144832
kwasireports,246264473546027008
labelizan,312008512542748672
agricultureday,271643223565430785
connect4climate,289869454580543488
dobreprakse,264742046546403328
connect4climate,245570885250076672
petchary,239166213559816192
valuvapenalo,272356992943800321
erikakvs,272403328078585856
connect4climate,252207577742581760
wales_c,242580771754364928
connect4climate,260772916629733376
connect4climate,317608482784309248
z_madini,285622853540409344
connect4climate,244102815646097409
akachukwu,242581586418216961
lnjr58,273607889699078145
threedaysmore,242584142913605633
connect4climate,275626475804299266
connect4climate,245211560404979712
connect4climate,298985657966161920
sgenergyforall,245625616425160704
camlynguyen1,307610679202951168
cdewadvertising,271878153750859776
thegef,307652022746873856
soundtracker,284543611142541312
luciagrenna,249918691045675008
connect4climate,250943260640555008
thisiskibuule,244662014788648960
projectmaya,247252448916410368
europeantransl1,280932726868164608
eocolton,244356892623790080
yusufeniola,248317992046309376
connect4climate,273474403847766016
ineeshadvs,270763618147119104
dualcitizeninc,256114872855699456
teamsource0,277750704347701249
connect4climate,304730537967362049
estoescolombia,252157622063616002
bottomthebasset,268309696534937600
adbclimate,254071229709971457
bottomthebasset,266732596220805121
hartliebeuler,320600854346493952
eriknielsen1,317652024139317248
connect4climate,315734950634717184
tmsruge,248427171419398145
connect4climate,245461989776830464
soundtracker,238992559295320064
ivanbruce,278536665792925698
cheersmae,261731070968463360
connect4climate,265091289794617344
narural,301822765139369984
bquillamas20,285995572245180416
connect4climate,266721908853182466
ruthaine,255889447193833472
tmsruge,240146738843893760
connect4climate,291364247819145216
connect4climate,260093580998242305
connect4climate,270934646592774146
eriknielsen1,264864534831976448
dejahashmom,263854251044896768
gspatuzzi,372912912631087104
polancodecouet,307639044744024064
luciagrenna,255261611340738560
infolliteras,242583816273788928
fondationbda,256099262453141504
polancodecouet,252846568389087232
luciagrenna,253997546760978432
talianav,252095281909354496
mau_gubbiotti,305199263028240384
mtvvoices,316218502618963968
ladanyguzman,239941565781532672
fondationbda,262436121177358336
soundtracker,248353702363148288
connect4climate,314850214794121217
connect4climate,263852963108372480
susteassoc,283447167467790337
northrunnnercan,313413371598864384
silver222,267339475917611008
envczk,269119295764705280
kamphyoa,249856073580826624
youthaward,257512554933395456
colunazero,251758110765613056
connect4climate,293946241392443392
luciagrenna,253997602566193154
kureishaku,287167543783854082
_analaurav,306382564854210560
redfv,269789843163320320
connect4climate,251354929749442560
julioyanestal,252107314876792832
mangobeach,277342493190803456
connect4climate,257239824027766784
mau_gubbiotti,294948085984002049
howlaura,286219581989728256
diego_m_soares,242609832417452033
connect4climate,274875684973858817
connect4climate,310360598133219328
connect4climate,246141298157973505
connect4climate,279949117269106689
kbarandik,307918845891469312
yejiningg,304066226890629120
jenipurpleness,245062087099940864
oben02,242593864458850305
silvianegrifirm,289107327179710464
connect4climate,256017024520708099
alcantaraspa,307518805125521408
el_mundo_eco,247914210514841600
deensibuko,242479230854758402
connect4climate,317151607060041728
maiikoollllll,277513900625391616
momentum_unfccc,269435555727679491
connect4climate,307637920133693440
sueeves,263921372827377664
humanitynews,271643219761192961
hrnjuganda,242584177881526272
sustainableturk,280770457878294528
holyspine,244438831598804992
connect4climate,244918388885958656
connect4climate,294761670994186240
nanc_4,250970899241652226
mgregoric,313545072736079872
ivanbruce,269597420776718337
qaphui,274880093162180610
connect4climate,246413063773884417
luciagrenna,265681289997344769
connect4climate,266087740729356288
great_impact10,267492244997677057
connect4climate,269122788667834369
mtushiminina,296988183034462211
ernestmolua,267493489573502977
bottomthebasset,266905813380120577
connect4climate,278726010076295169
beachwitchmagic,259821878632386561
soundtracker,249834093234229248
girlup,246643322624540673
connect4climate,309566660916953089
connect4climate,276378819181551616
connect4climate,320600657168048128
connect4climate,272423909662531584
lina_arar,276620928690057216
connect4climate,286967593527554049
connect4climate,241249045551652864
connect4climate,246005465467736064
lisacarfiroring,262273911490764800
takingitglobal,254981059282866177
soundtracker,247019132359434241
tveinspire,256792196324397056
claudiabahamon,251413418374991872
maribelqm,243703024353165312
sportbymlp,266417328131014656
connect4climate,264668419700441088
thisiskibuule,256108586890055680
