andreaconrad1,542466993103060992
marzec_hannah,554987420463034369
sarahgrahamuk,555480811840212992
staciwuzhere,514595632070139904
inachiveg,556102952231137281
carbery_maria,515509398882377728
staciwuzhere,534752327219945473
cobra2821,476870030026866688
regina_alesso,555548780431699969
jacriter,490807793285214208
oconnor_wendy,555456920845574145
clumpydust,320266131749339136
trudyportman,553379018255638530
fedhamoja,554991755511492609
ventimochalite,350070216539123712
ajjhex,456980041625509888
carolynk1960,555480513272872960
modalthetortois,381308645138374656
nettursula,473068668482363392
mishenka18,542469274947031041
moo_care2,542454193705869312
marzec_hannah,554987015985315841
freearturo2,556101172478873600
sampleatl,555108498590023681
catethetwaate,515165582724202496
sampleatl,555108734997757952
marzec_hannah,554987500016369664
voice4furbabies,396790626047762432
newleashonlife,555223031824785408
sampleatl,555108413584064512
trudikate,556150540636540929
woodywoodstock,555453576185913344
buerkle33,540174002799378432
eemuthusi,555060709042946049
staciwuzhere,455233937577496576
clerisydatabase,327081904887181312
jacriter,538988861620105216
angelinajanili1,555440580374052866
jacriter,354137269973692416
jacriter,533893537268793345
nigeblue,520302517008482304
clizia72ita,472718581747437568
sniper__catz,493674489146662912
sniper__catz,493674721376862208
sampleatl,555108572267171841
staciwuzhere,532023739932635137
chris_rafiki,554737400443052032
jacriter,495834201694806016
nettursula,475922991809716224
knlauren,397377061238476800
jkbdsn,553049058932031488
melea85,542460856928182272
staciwuzhere,503043173422497793
femursong,439711813328842752
thekibett,555060151636729857
kandieenock,555061224631971841
serhaterbar,544190893088329728
jacriter,483507936753242112
awicke7,579601111990042624
ajjhex,506663655241707520
bettinamoeldrup,565306627881172992
marzec_hannah,554987725992906752
marzec_hannah,554987887347785728
nettursula,476869604900212736
lilrofair,518569195504947200
swiftkitty_kiss,308977883936854016
becca8880,521583784974876673
adelheid16,553377398201151488
sdiuord,514292400974741504
edwinwiek,554996334797664257
jacriter,505966730913800192
mauricioc_11,542468458823573505
staciwuzhere,452297088190001152
meganwonderdog,554948609372717056
thekibett,555059845108617216
staciwuzhere,453316650519891968
thekibett,555060113451782144
systaley,488784170764607488
didifrench,555012677672521730
2ivycat,303115933407387648
marzec_hannah,554987456810864640
nettursula,480604604091367424
eemuthusi,555060917839626240
michielstroo,554999421965201408
intrigued13,555245166550716416
lailaball,555331260990898176
jacriter,320800988443332609
kathleenmuskrat,555237306957713409
irishwitch013,553380086892613633
marzec_hannah,554987949570265089
zillabell,542452608636432384
jacriter,321889966940635136
orderiusa,525278055519252480
trishysunflower,549114645056081920
annaliesee__,516684333210673152
isf_northindia,309023194365444097
sampleatl,555108487064068096
gabbycrts,554658880136175616
kianzabedesigns,554531933565493248
m_k_waterlander,555265778086608896
roastbeef69,555007678787760128
janine_cavin,358415274845806592
pattywaterfall,577693839659540480
cjstrickling,500509614749003776
celesteinwonde3,555877953624489984
sampleatl,555108604475211776
beldame,381327243961573376
ayaderuiter,554660464219947008
wendyjunonia477,555101875369152513
marzec_hannah,554987440432115712
jacriter,314635470074171392
pdbsullivan,543254310541209600
mschufaus,467050799105728512
jacriter,317182532456165376
sampleatl,555108521281208322
jacriter,475519430969933824
ginger_marin,553377097679249408
pringlexo,588908964575850496
staciwuzhere,482213995512737792
jacriter,334923647271706624
graceladel,554963939339939840
gregdundee,480605143767863296
clumpydust,322098841094602754
staciwuzhere,452321403618852865
staciwuzhere,520777035682025474
nettursula,472717583863386112
kokosoeker,380617985955991553
shavermydog,555222566886203393
animals_friend,298107184682786817
t0m_b0mb4d1l,322333000677330944
catheresults,376612272535531520
dees96,555009133204619265
jacriter,381304468471443456
saunieindiego,513872542482710529
peterpammy,389212372318961664
tlowe51,515287584931844096
staciwuzhere,453316003326222336
staciwuzhere,479769610187571200
staciwuzhere,455234399592656897
dkdespair,555249140616003585
thekibett,555060228346380288
staciwuzhere,509491438770352128
jacriter,386410242084311040
mekmekje,555472231653179392
spettong,560186596947804160
dizispell,488185877957726208
pautzim,556147394669477889
3ty3,556912353099268097
jacriter,544022019554414592
nettursula,467050731749384192
marleneplourde,556348960328400896
quorndawg,515165262278967296
jackie34563177,555228209080721408
thekibett,555060080295829506
lucyliberte,357227032360394752
jacriter,434585462569574400
nietzsche44,554844239779987456
bsvlmj,396791308544516096
antijacht,555449725466705920
nadalena,475934418063089664
staciwuzhere,489636270545444864
chill1110,515180536369647617
staciwuzhere,455235044710174720
jacriter,414278942766284800
ericagail38,365016866504572928
jacriter,357021638925090816
marzec_hannah,554987211985141761
staciwuzhere,454125090003615744
iganesha,557069498747215872
eliz_carey,308982737040179200
olivosantamaria,554721512474030081
clumpydust,325003959368568834
cchantal_s,555910942177755136
wwa_animals,520285372815654913
sampleatl,555108721336938498
healthmentor1,555223812967784449
sharonhoole,554688183599136770
moiraek,554659735228932096
jacriter,326954372871368706
kimpatt01142825,472737088857595904
staciwuzhere,453681622382948352
clumpydust,324996585924747264
cheetahex2,554985632234483713
jenaeseetal,293894415993405440
thekibett,555059998607544321
jacriter,376243932771782656
sharonwrdl,555301814615425024
romdia,480604791744516096
mauriziozuccon,477017542280892416
jacriter,546537900691959808
eemuthusi,555060826865168384
freddypatri,515321381098385408
jacriter,318615124854312961
houie4equality,525831746558783488
nettursula,467049243144753152
mlapalme,557403299956011009
monkeyschuff,555455671945428992
jacriter,462849015155929088
jacriter,351596981216481280
jenaeseetal,293899962578780161
hunnytheurry,579600057248419840
nettursula,477016467787894784
joesphine67,475932724231143424
nettursula,479665491821092864
jacriter,324782446065377281
jacriter,444734688523862017
jacriter,362475674369392640
lynne_eia,554668587110367232
marzec_hannah,554987698163707904
bunny_godfather,446621193085255680
catwhispurrer,325005939210072064
thekibett,555060198659072001
mc_seanna,555492637646790657
muendomuindi,554684520273035264
nettursula,501028900890095624
lubnaarikat,515180797561937920
staciwuzhere,506976470485327872
staciwuzhere,454497686712877056
greenpilgrim13,293899400302956544
holly1008,293925694570897409
ajjhex,496664947531980800
marzec_hannah,554987624155201536
jacriter,329511510755901440
thekibett,555059983092809730
lucyliberte,499395187874222080
staciwuzhere,490367944891719680
lwt55dgcha1,554844769075994624
karattention,289795134407704576
jo_amusingart,365015428214423553
papakiteleia,555453758768156672
ndunguke,553081282058813440
lizcpro,476869093187153921
ch1po,554997858198638593
ogennki111,554845892310626306
thekibett,555059979980644352
jacriter,401538351141908480
ndunguke,555238013505396736
staciwuzhere,452320812528177152
jacriter,348844411276390400
jacriter,467898997382717440
jacriter,343283668086829057
loli_ok1,477038246640513024
staciwuzhere,477822564819931136
dolfinariumboyc,322123684787650561
jacriter,528839636224081920
sabcaltiling,553380428787118081
jacriter,426961498422775808
staciwuzhere,500507453067239424
staciwuzhere,492794852631793664
joyceebeach,365206027337072640
susan4wolves,554985836127977475
thekibett,555059930588545024
sheleopard,555035505549918208
jacriter,432039543814901762
ashleys4c,427617354025930752
staciwuzhere,506819396325486592
debflipper,322328769643819009
sampleatl,555108641150222336
jacriter,391465058347143168
sekhmetaurora,322100123737919488
kventuro,472720215038377984
medina1954rose,555227982491443200
carolgarlandfor,303187677283495938
staciwuzhere,502316074604306432
maryfloor,515151722025865216
john_f_taylor,409266020088823808
paulakahumbu,554658390090469376
whatsurbrain4,314203618964291585
sksmusicuk,327080576353968129
4apes,554984502154784769
marzec_hannah,554987325847908352
saecomike1961,514293315886276609
marzec_hannah,554987303039287296
kose4by4,554676528739389440
jacriter,388944862495526912
harpsealavenger,475874835361312768
wwa_animals,542449064889942016
trucelt,399015367156064257
animalshavevalu,501042344779464704
staciwuzhere,486162881537261571
jacriter,457422864187023360
staciwuzhere,500507329515618304
staciwuzhere,470416459668017152
gabricmb,467053740286279680
rhinosrockinza,314186129626759168
clumpydust,325000170364342274
jacriter,500901630842535937
thekibett,555059856915562497
jacriter,498368154478067712
jacriter,378826954285142016
lubnaarikat,515180755220439041
glasgowjude,501041481512398848
yquinn1,409235743878709248
janelaw8,514299778508009472
staciwuzhere,530955879307177984
bettyjo62,554723125544640513
pattyshenker,555224442100408321
itswanda,381311772486934528
marzec_hannah,554987372861874177
jacriter,526263542375526400
dianen56,308982649857400832
lucyliberte,314178525919842304
vickyhubbard2,549117086497533952
mckee_sharon,477017405588512768
lanecat2,555456383119011841
thekibett,555060041959874560
jacriter,508532995180212224
jacriter,442190480462213120
marzec_hannah,554987349218582528
diamonddt,501029278595969024
roamingbeast,476328280988319744
jacriter,332378633467469824
actfornosey,555290811365986305
ajjhex,442192759986728960
calfune,476872374458286081
crasco,520290032742330368
shavermydog,555222930733694976
jacriter,541479351385337856
staciwuzhere,492790136594132993
tweetforcetacea,555519114614415360
nevermore_007,476392510672355328
rvrbrt1964,543599320000245760
jeanoudy,479667756346773506
jacriter,465387423409516544
emerge_1,333188133904584704
staciwuzhere,453325896481394688
jacriter,416842398392532993
gaynorann46,553377250952110080
jacriter,371165538388439040
staciwuzhere,511359016136478720
sampleatl,555108536296816640
fatstaffgirl,376688967615533056
staciwuzhere,496551578799579136
modalthetortois,409227384831737856
staciwuzhere,484909856193650688
marzec_hannah,554987109270827008
yettieb,515170603935203328
francesgruno,541789288770568192
peterpammy,314011700917596160
jacriter,523730111422824449
wanyamapori,553377031765762049
ilektrakoutouki,365773637392924673
fedmila,542636437368475648
jacriter,313912283472486400
j_yoderr,454196031774011392
staciwuzhere,471773373047902208
akchica9,555234954196840448
siam1636,555002513770819585
ameer1430,555222997775028226
cinziabear,542632718203625472
mrsprime81,493667295831793664
banquozghost,520323027989315584
sampleatl,555108627367727105
mjunconditional,303117415464718336
marzec_hannah,554987278477430784
mills_abbot,554660044222906368
virginiereiki,501030526145527810
michelcollin,309035656011739136
jacriter,485714474817441792
woollyville,476862688346517504
sampleatl,555108617095897088
nettursula,475874622802374657
lorel_ee,309022362043572224
staciwuzhere,493219921333981184
ilektrakoutouki,376614957250404352
staciwuzhere,482751676307103747
femursong,457458055664664576
sampleatl,555108399046590464
michelezzzz,555222056649117697
jacriter,480974418491887617
staciwuzhere,532286924275216384
karinsouthafric,555017531187294209
buzzy14,514292172439707648
staciwuzhere,532317991099068418
chocolatemonkee,555004087012298753
ajjhex,506660584562384896
adjijati8316,476874014917664768
jacriter,503435773816078337
melea85,542460381965193218
jacriter,373697921293623296
shannon30446397,555517436213342209
staciwuzhere,459884420208406528
happysara89,293899670990761984
staciwuzhere,511362199265107968
jacriter,340390065610035200
jacriter,454864945943830528
m_k_waterlander,555266424701485058
sheleopard,555024260977401858
tasha108star,554723176035667969
staciwuzhere,491700966173843456
sharonhoole,554688469512241152
jamestoupin,365019531770470401
sonicaloy,555461501214261248
jacriter,409222879100669952
bherethere,554677326915833856
halebkuzi,543603569254236161
auxi13sheila,555224259870482432
staciwuzhere,469612388094709760
kemu808,520292785711501314
staciwuzhere,458054550029479936
jacriter,393988734749646848
amelaaziz,556017572395511808
staciwuzhere,520785833201512448
staciwuzhere,504103237461352448
tweetforcetacea,555510450767790080
khongcosao,555025645474811904
doreenchen1577,520927987378970624
jacriter,478076542673616896
sparklecoma,515167916569157632
clumpydust,285492750055526400
jacriter,345823703235444736
imberlyarboe,554658968090324993
lucillamiss,554730863397982208
clumpydust,324996119820115969
clumpydust,396789662456745984
jacriter,421911253372518402
staciwuzhere,478995338171133952
helpanelephant,350069500655304706
jackie34563177,555228554397761537
ellenkramer08,555000924910149632
bratty130,515151246328885248
weareitforthem,555228738762575873
lisa_druett,555510666455683072
staciwuzhere,502271371930378240
grum07,566390092726816768
bratty130,509321103823884288
staciwuzhere,515672492719890432
thelioness007,542452675632054273
sniper__catz,493662796639657984
jackie34563177,555229242607558658
greenpilgrim13,349717596062494720
clumpydust,303110099575111681
trustfreetks,399015898348257280
jacriter,316446371269988353
cedeko,555093505878806529
peterjvanharen,557406991849902080
vhwi,554719651960471553
calfune,476872815333756928
jacriter,419730571602825217
lidexpressions,555454284515774466
staciwuzhere,454129959418597376
jacriter,316077409524920322
marzec_hannah,554987814475943937
lucyliberte,349710072449990657
jacriter,460320192984129536
marzec_hannah,554987578848321538
dhvw61,555224703938625537
jacriter,470467378271121408
preciousthing,371325775946842113
nettursula,476861597537693696
staciwuzhere,503010875515498497
clumpydust,327078030575022082
star2000dancer,515168149986344960
amemorrell,555036151007174656
kimpatt01142825,472736570387070978
nerissathecat,357227104364015618
jacriter,424441513246875648
x_norma45,555508833314164736
luhan73100,556023275730776064
lbpyyz,525831949571469313
helpanelephant,399604806358011904
safaricrewtz,553132556758319104
sampleatl,555108561169031168
jacriter,315353952487088128
capt_tito,365023869624528897
templarofan,309098424702205952
staciwuzhere,520799386708623362
luzdialipio,479281932770238464
jacriter,449807725799546880
sampleatl,555108693415436288
ms_mims,555510799259947008
karinlindberg2,588404816717737984
clumpydust,322299974224330752
jacriter,439707041477566464
sampleatl,555108464859414528
adjlabee,554996506605129729
sampleatl,555108359431389185
jacriter,521188021782466560
jacriter,406675328308760576
cattyt1,515216335090233344
staciwuzhere,487824891857485824
niitsitapii,548461802838052865
blairbird,320270062969815040
marzec_hannah,554987239306821632
jacriter,437124345475760128
jacriter,317913627292229632
rkarume12,555049864544149506
staciwuzhere,481182155645546496
cristinagualde,520286544624902145
noanimalpoachin,555510292679884801
ccpendle,314178606345646080
audreymyers_,520290172718825472
editax,520301139490009088
jo_amusingart,319714029947985920
staciwuzhere,523866587384659968
_ibrahimadam7,290869608804651008
meganwonderdog,554948577667981313
jacriter,383814320057884672
iloveadam2much,555236886516887553
msicefan8,566391362795225088
thekibett,555059806588137473
jacriter,472980202692169728
jacriter,531338087608373248
jacriter,337828718552694785
elizabe04677109,555764605906333696
jacriter,488205305096847361
marzec_hannah,554987858549686272
marzec_hannah,554987188543176704
marzec_hannah,554987065788477441
staciwuzhere,509843261322588161
jacriter,398728015355457536
staciwuzhere,520784852820697088
bassieenbommel,467052797054418944
marzec_hannah,554987773610823680
staciwuzhere,453330443115315200
andronn14,308987145513758720
marzec_hannah,554987841965408256
shabamiri,488184781725638656
emerge_1,320266819166416897
staciwuzhere,483346659871440896
tosh_allan,542453491222847488
staciwuzhere,452318286739283968
francoisechard,556015870448005120
laney_karen,500510097341423616
susanla60,523766265253351427
janinebyrne1,371348895953334272
animalshavevalu,293922097116360705
jacriter,359592578963881984
lucyliberte,399014932144214016
jacriter,319713660220092417
_justiceforall_,479665889424338945
kandieenock,555061852531884033
chrissiea36,320269747138732034
stevenharvey51,520286252118310912
earth_newsrt,303118360760156160
happysara89,293899804273152000
thekibett,555060106237579264
rvrbrt1964,501041928842903555
marzec_hannah,554987481754386433
ndunguke,555238583469375488
staciwuzhere,532960352355360768
staciwuzhere,520777155886608384
nettursula,472718177462276096
marzec_hannah,554987261469540353
cyclerider60,520326951857569792
sampleatl,555108770091520000
glasgowjude,467054268395290625
staciwuzhere,533105481288384512
jacriter,536434083622957059
kerrya_,555021295789027328
lucyliberte,496475892210995200
alexiankh,555462392453533696
thekibett,555059919586852864
sampleatl,555108549852807168
boopio,555222024906211328
mckee_sharon,467050213967167488
staciwuzhere,483336365417844736
marzec_hannah,554987746494656513
thekibett,555060238496579586
staciwuzhere,455116888868016128
vanessarose59,308977599357546497
marzec_hannah,554987093965828096
el_cjr,365018740876128256
ellenaustin4,376623593125609472
swiftkitty_kiss,308977735932473344
jacriter,429845167948853248
swiftkitty_kiss,308977535943847936
staciwuzhere,484907559396970496
marzec_hannah,554987531641434112
thekibett,555060061073342464
bvweir,511781601462607872
ruffrabbit1,555234059144556544
staciwuzhere,506206674260992000
emerge_1,333188017667850240
jacriter,365015367464128513
inachiveg,556102965376081920
cjstrickling,454130523586453504
earth1stlinda,478077407128080386
nettursula,476327720364679168
jacriter,367918175054094336
preciousthing,309023788459241472
susanauger,579600253437022209
jacriter,549108465638326272
maragriebeler,511771448856154112
freedomflight50,555484982979096576
boopio,555221858732093440
staciwuzhere,453043003007840256
staciwuzhere,458827637037600768
rosifregnan,515233830702424064
oldsmith,308987527275094016
pardoeimil,542449649974394881
sampleatl,555108590566899712
rittweetmee,315376059459710978
jacriter,314272705375514624
jacriter,411753459818315776
jacriter,404132446804795393
thomaswanhoff,555020292213334016
ttlayne1,580283688337850369
welshbrummie,348849040135430144
sharonhoole,554688517331517441
depukkapad,566391675648770048
ingebear09,566396100429746177
staciwuzhere,520776416967659520
marzec_hannah,554987658368126976
sampleatl,555108380889448448
staciwuzhere,510642018247139328
van_strael,554681039537586178
staciwuzhere,480936019156422656
