wdmscotland,454559502197485568
johnfinniemsp,428247292056203264
wdmscotland,431482265177444352
sccscot,459340298930651137
emiliajaneagain,446393936341635074
wdmscotland,436904474851172353
sara_cowan,428231919235764225
2020climategrp,456783200220479489
wdmscotland,436828070344134656
nidosnetwork,461580941425901568
jamiepolitics,461571613411246082
foescot,439037087870750720
tweet_sgp,446366546127233024
ausaenvironment,441184793305559040
petermccoll,441304459231383552
jr_wad,441299152908324864
jubileescotland,441327440632492032
miriambrett,428234828220489728
martinjohnston8,437292492808269825
fionamontw,446382478660759555
garydunion,441197402545221632
rosaurusrex,441298475951882240
wdmscotland,446543773120864256
wdmscotland,506534795699306496
johnfinniemsp,461604763524956160
wdmscotland,473796241370132480
alicehague2,461577478432370688
sidegate91,441565154627825664
janet_ewan,446393181354352640
rachelhamada,461622229428879361
petermccoll,428261217304858625
yesaberdeen,439870355638083584
_pauldaly,436059918173356032
unuwider,436600694205054976
robertthe_fox,441312489364410368
ausaeducation,441301009466658816
pandpscotland,486925475147960321
debsworldny,400668240999088128
ausaenvironment,441188919996997632
meecoyoueco,461578859838992384
sccscot,441215479240065027
pandpscotland,428264961539076096
shaunesden,428490525122240512
aedan_smith,466902430614315008
fionamontw,446284002476187648
ausaeducation,441281938322898944
jubileescotland,461596620011110400
tweet_sgp,446378337733451776
jubileescotland,446372798140010496
hadrianantonine,444067277429014530
nidosnetwork,446340474216124416
sara_cowan,474552731869642752
jubileescotland,437277680799862785
yesscotland,435074359368359936
the_ssp_,428248444789338112
oxfamscotland,437330383278190593
pandpscotland,428248352892145664
slfiscotland,435359530906832896
axrenton,439023228447903744
my_stripy_socks,435371370495496192
tomtreat,446402308893851648
tweet_sgp,446383454402666496
anassarwar,439352017434464256
hastings_vs_war,428264327666483200
jubileescotland,461789195649175552
jubileescotland,437276090697273344
nidosnetwork,461793692588990464
crygreen2,437560306605518848
robbie_watt,446571218066743296
tridentplough,428270441267200000
citycycling,439714693608128512
jubileescotland,461574843654483968
ricjl,428305900626268160
scotccan,437599121990774784
tweet_sgp,446401475686969344
wdmuk,435716646842662912
jubileescotland,428250160603623425
wdmscotland,441182762448338946
profesa44,436580660648878080
rachaelorrsome,461579515282862080
ausaenvironment,441288130461593600
wdmuk,436907788456181760
mmachch,446370285684789248
meecoyoueco,461591598993002497
robbie_watt,446606973614960640
cfcuga,461597030704775168
rossfairchild,439877831380582400
wdmscotland,434288853197668352
sccscot,446341126216511488
claireh23308508,494690424426991617
neilgray3,437233751383638016
meecoyoueco,461588557732528128
scotyounggreens,446629618255405057
reidfoundation,441521637289390080
nidosnetwork,433628953601777665
fionamontw,471296367290499073
dianaeellis,446421603019415553
repwalle,477272889259876352
wdmscotland,436568802554548224
therewasacoo,428255496257417217
vorsprungteknut,428253022075244544
hcookedin,461639639464706049
smcjo,461598452598964224
scotccan,438682807083479040
johnfitzg,461571244056649728
oxfamscotland,436847895346950144
lynnethomson7,437918572493672448
aidlabs,461574177275645953
_pauldaly,428258288908902400
johnfitzg,446376007927611393
skorpyos,521084822329237505
tweet_sgp,446383391605526528
adamramsay,428304383580049408
scccoalition,435348098416918528
scott_eff,428250519375986688
juliebertagna,446387619229093890
jubileescotland,461576878508494848
sealscotland,434071583523872769
tweet_sgp,446401562471313408
rosaurusrex,441284879222059008
nidosnetwork,433545634948210689
my_stripy_socks,436106529205653504
pandpscotland,441303642248081408
slawler,446379430584528896
sccscot,491198658181099520
wdmscotland,437253313848147969
tweet_sgp,446366468352253952
johnfinniemsp,428247178285678594
annetrrez,428261635904397312
rantinrovin,433949207758925824
wdmscotland,436904496451813376
beckyalton,461622559516413952
fionamontw,446280734811361280
sara_mariza,446387397371367424
langbanks,444067041566556160
kevinmilliken2,435366247140958208
daveparke78,428264493521850369
ausaeducation,441281506301190144
sccscot,446346435702038528
petermccoll,428250502204497920
scjwebb,428465604664635392
ricjl,469819087368241153
scubasteve2009,433938003221020672
ricgovan,461592834790137856
sarahbs_27,441299543360274432
changeworksuk,436105780547579904
ausaeducation,441281246279532545
sccscot,469117663344885760
pandpscotland,461574043389681664
wwfscotland,436535882976608256
johnpmcooke,446538424628289536
edinpandj,428247991288606720
odonnellhugh,446380770740150272
jamieknudtson11,461730670113329152
tweet_sgp,446366474538852352
johnfitzg,446386076408901633
johnfitzg,446380541504679936
salsa010,437276210423685122
soopasid,477748609279361025
dunirastrategy,461587539623960577
nidosnetwork,434282834841571328
wwfscotland,425328229634015234
thirdsectoryes,461587352851591169
wdmscotland,436568687358013440
htown_lgbt_biz,478250250764046336
vm2morgan,442987103828189186
justscotland,461783028902404096
johnfitzg,461566669127946241
wdmscotland,436800727022055424
mmnnnatureuk,436436884534071296
johnfinniemsp,433966869641719808
jubileescotland,435435142408978432
yesaberdeen,441303247761195009
ianiwrussell,441308237691109377
ricjl,450274435892002816
im1pers,461876730375184384
wdmscotland,436904521579909120
foescot,437602865033400320
wdmscotland,445515134245416961
jr_wad,441301692584566785
_pauldaly,428267352728535040
dianaeellis,446421870804758528
megandunn116,441282051636219904
nidosnetwork,461544451165650944
sarahbs_27,428316802087915520
rachaelorrsome,461589282457944065
patrickharvie,446369483071172608
sccscot,504229685132537856
sciaf,461571842038595584
ausaeducation,441299332151926786
ausaeducation,441288726996844545
rneilw,446376912806772736
tweet_sgp,446401510302547968
scraptrident,428263474557636608
jalalak_jojo,437275551972483072
iwluap,459597285979357184
ausaenvironment,441302939961798656
greenyes2014,469117973928886272
jubileescotland,461578779677442049
nidosnetwork,461440015944654848
evagroeneveld,461440840825856000
francisstuart1,461578879984238592
nidosnetwork,461078712835112961
pandpscotland,487592939884142592
miriambrett,428258770041327616
alysmumford,461579615367364608
0ctavia,461590052922220544
nidosnetwork,419068843894382592
sackheads,383964384441032704
wwfscotland,436201161436463104
cllralexander,435860902806814720
annielewis1,461580272769986560
rosaurusrex,441287418185269248
chrissiewrite,428263413580849152
slawler,446376200781717505
april_salter,549280905777672193
nidosnetwork,428929026569158656
sheffield_kevin,437229722981117953
sarahbs_27,428256354516873216
calum_ansell,428281940249432064
yesaberdeen,441297134223376384
wdmscotland,435716454919708672
ausaenvironment,441291850880933888
smcjo,461569524706603009
tweet_sgp,446366400534548480
claireh23308508,469932737801891840
dorothy_aidulis,461436309803122689
dholbroolk,549286455374516224
evagroeneveld,445625445783179264
oxfamscotland,445138542835269633
jubileescotland,437257188760117248
sarahbs_27,428247754536923136
hcookedin,461572761169981440
annielewis1,461580462071504896
ktrebeck,435475053481033728
garydunion,441292560615866368
wdmuk,435359295400845312
sccscot,440430291824279552
scott_eff,428298491354304512
edinpandj,428245727870189568
yesaberdeen,441293345504378881
lopezforhd132,478002863705042944
johnfinniemsp,428284625673535488
nidosnetwork,441531849605906432
oxfamscotland,461530185704419328
colinmac7,428281953670791168
juliebertagna,446381057940533249
richard_ros13,481240866544046081
wdmscotland,446593939806904320
jubileescotland,461516942294401026
nidosnetwork,437168694155034624
ausaeducation,441299046595330048
ausaeducation,441301474191364096
marymorrtamu85,481342425948893184
scott_eff,428257405953388544
foescot,439422384576020481
humzayousaf,456783011497771010
jubileescotland,428258099158609920
gioyng,461590956761153536
sara_cowan,431482738865364992
allanjw,446638306609352704
wdmscotland,436568834154459137
nidosnetwork,461527065763008514
ausaeducation,441281833024913408
pandpscotland,446392261484744704
wdmscotland,435366705330913280
sccscot,446231107219251200
keithpp,436477261458710528
jubileescotland,441304902598688768
pandpscotland,461573241610731520
slawler,446387163664760833
wdmscotland,435716394026803200
sccscot,463602267267268608
paulrenwick3,461569213963202560
nidosnetwork,451350589545648128
wdmscotland,436110647030730752
pandpscotland,461566763487223808
rosaurusrex,441281882739998720
dunirastrategy,461578993997979648
petermccoll,428264275493519362
peopleriver,467276811152670720
ausaeducation,441285618749145089
jamiepolitics,458609162499653633
reidfoundation,441521614409457664
ausaeducation,441284129108557824
wdmscotland,461976727326326784
gregormcabery,437208681885995008
fidencioleija,468586382529544192
nidosnetwork,436808822163005442
fionamchardy,436788087189143552
katie_dearden,428269291189071872
ronandbarlow,441522722922065921
russcheshire,434072834068217857
meecoyoueco,461598122649845760
ausaeducation,441291836154712064
jillwilson4,461587668397473793
johnfinniemsp,428293673848422401
saziz89,446384085767045120
dianaeellis,446422440479313921
tweet_sgp,446376380616679424
humzayousaf,461433522486788096
jubileescotland,461586212802027521
pandpscotland,461580283725479937
jubileescotland,441540108823830528
jperaltarmono,446380809474154497
nidosnetwork,445497392096628736
oxfamscotland,461578445873758208
1glaker,321105021943042048
jubileescotland,441322618181128192
jubileescotland,441287436971556864
johnfitzg,446387189572972544
muteswann,490219787835150338
fidencioleija,480456326225477632
sarahbs_27,441311689955217408
wdmscotland,435792198056280064
robbie_watt,446378117100498945
yesaberdeen,441294570106925056
rosaurusrex,441297011770654720
simonbarrow,428476617401597952
emiliajaneagain,446380127476514816
brightgrn,441236821260132352
ktrebeck,437321747533414400
wdmscotland,431482367350693888
sccscot,471293539973095424
wdmscotland,437282386976727040
bemis_scotland,461181640094789633
sccscot,438605885800452096
petermccoll,428247526777823232
pandpscotland,446388621831340032
jr_wad,441298984356020227
allanjw,446390052328050689
anassarwar,436940642556866560
lgprscotland,461577342536908800
rossfairchild,439876929072558082
jubileescotland,461581648367460352
tweet_sgp,446381150425317376
foescot,461060617320034304
fionamontw,446386738311999489
wdmscotland,491960926552080387
geordiemoore58,461594247767277568
sccscot,446372162522611712
bawsoutcallum,441283802963660800
scjwebb,425215280013660160
foescot,429215673513152512
talatyaqoob,449667802807685120
manson_robert,428243775845326848
jamiepolitics,461573418614534144
ausaeducation,441298304396460033
nidosnetwork,461582231623172096
sccscot,438657657470476288
wdmscotland,441522341454307328
lopezforhd132,493212999004332032
katie_dearden,428275406580768768
sccscot,451339862029774849
juliebertagna,446381679712931841
johnfitzg,461596543448252416
wdmscotland,445879791330160642
jubileescotland,437266876314681345
fionamontw,442988289415737344
vincentcleme,499062820554563584
camz99,435360485484290048
nidosnetwork,428465909552783361
greenerscotland,446387406410108928
georgetarvit,446383992921948160
givmeaccccc,428286300903714816
wdmscotland,437272258575597568
rurigdhm,461626795578912768
eastberksgp,461589948525977601
ktrebeck,461949236264054785
wdmuk,439022374131073024
thearcher77,420548189922394112
kirstieshirra,461587575887904768
nadadurkannan,468058819390889984
noush555,437645581377626113
shadowbirddog,439930992782868480
jamiepolitics,446380293168320512
paulrenwick3,461584699232886784
emiliajaneagain,466898499083440128
yesaberdeen,441286234623967233
jamiepolitics,461614331042746368
om3zii,435732446152114176
wdmscotland,428970537210376192
ausaeducation,441298434964721664
ausaeducation,441280445310062592
alison_phipps,461633105292709888
pandpscotland,446385061873848320
wdmscotland,433607502954254338
pandpscotland,428228750522974208
upashnasolanki,437384554840465409
muteswann,490167477306159104
tweet_sgp,446378316346691585
jubileescotland,446372738425692160
nidosnetwork,419075260588105728
greenerscotland,446385847454420993
senatorsylvia,477274894028136450
ruralleader,441315728093093888
gordie_bhoy,441310386827317248
fionamontw,446383227113328640
wdmscotland,445551298365386752
fridaybaldwin,428248846016475136
scccoalition,435714285852192768
jdcmultifaith,436467451812122624
shotlandka,461874700470472705
nidosnetwork,436519517884526593
willie_rennie,445570448966037504
pandpscotland,441183346488799232
annielewis1,461580926473216000
jumpvote,383966949870694400
jrtomlinauthor,441312156693196800
mikeweirsnp,439092493448392704
annabezner,503228750108962816
johnfitzg,446374257241915392
axrenton,426616778996060160
wdmscotland,433607726187675649
paulrenwick3,461578208669081600
j_lind_scotland,441296873035665408
megandunn116,441303482130518016
nidosnetwork,425203647874867201
tweet_sgp,446401710446350336
greenmsps,446214866375024641
mara_frigo,436803089186947072
mwarhurst,439482105140359168
april_salter,549247353786728448
simonbarrow,428253536431140864
bawsoutcallum,441303070866415616
dorothy_aidulis,435078136259416064
carbonconvo,437599186775977984
jubileescotland,441285918436384770
jubileescotland,439373705618423808
jamiepolitics,474527437662216193
mark_md85,441300509975412737
sciaf,435365227421384704
gordonmaloney,435085549083561985
paulrenwick3,461581061148119040
rspbglasgow,436430078915149824
alysmumford,428266511837696000
michaelmcb154,461603524871475200
smcjo,461589741016989696
vincentcleme,499061994926772224
sarahbs_27,428277125654016000
rachelhamada,419069023381622784
lloydaustin3,439399781082071040
tweet_sgp,446381492110110720
miriambrett,428249460620410880
lopezforhd132,468910004469518336
pandpscotland,436573544148111360
vfreebirdv,441279830588674048
jamiepolitics,446372363278753794
evagroeneveld,446381797249908738
gordonhunter11,428252252768583680
tweet_sgp,446378455501115392
wdmscotland,439384637672931328
russelly_edin,461571175232319488
ausaeducation,441283688845021185
mikeweirsnp,435761266611998720
rachaelorrsome,461572435771654144
nidosnetwork,448825335543775234
holyroodliam,446401793975943168
richard_dixon,433641401101086721
nidosnetwork,429270515723689984
adamramsay,461592437300158465
fionamontw,446374566806700032
manforathat,433960918872227840
francessinclai5,506535204727844864
wdmscotland,437270333356507136
rachelhamada,461089604612161536
claireh23308508,483337750809022465
georgetarvit,446382154164207616
sara_cowan,435773579532439553
davideyre,436540461847949312
edinpandj,428257228135870464
sarahbs_27,441308789854445568
yesaberdeen,441295315527008256
jr_wad,441288396741566465
medornan,428244283603562496
patrickharvie,444113095276130304
harriscountyyd,474327415372537856
wdmscotland,441534502083788800
wdmscotland,439025066391928832
energyculture,444191602396135424
j_lind_scotland,441309587489443841
bawsoutcallum,441295518929809408
farrochie,441301974563426304
1gkh,428284242020556800
pandpscotland,427870961166479360
wdmscotland,443769543929131008
stephenpaton134,471298097432526848
ausaeducation,441285027218075648
annetrrez,428313158663827456
tweet_sgp,446401685834170368
wwfscotland,466910410520944640
simonbarrow,428255603396325376
wdmscotland,437333406595428352
fionamontw,446379631701426176
anassarwar,437324388783116288
wdmscotland,435718384039112704
wdmscotland,426108337999314945
andygandii,437292379469803521
oxfamscotland,461593797194166273
sccscot,442986427123396608
wdmscotland,435366598015451136
tweet_sgp,446379432203546625
tweet_sgp,446378210516037632
sccscot,445544597633392640
yesaberdeen,441281430216527872
2centavos,495653868206686208
jubileescotland,428243948361244672
s_hay_scot,446410812459327489
miriambrett,428245507224649728
kadrivilgats,441302544061845505
petermccoll,441306647928258560
snifferscotland,445518845294690304
wdmscotland,443698017938731008
nidosnetwork,461497836354666497
bawsoutcallum,441297342764183554
tweet_sgp,446401675327471616
jubileescotland,461594273948114944
wdmscotland,431446761706491904
pandpscotland,507188750351630336
nidosnetwork,431009161220857856
lloydaustin3,443817866652315648
nidosnetwork,507517708901298176
_pauldaly,435364334022438912
scott_eff,428244482791059457
nidosnetwork,507090664908001280
wdmscotland,457926763276800000
richard_dixon,435069836843302912
ruddingtonr,428489901844488192
wdmscotland,450944017669586944
wdmscotland,437275103861424128
jubileescotland,461575785946820608
nickymachiaveli,446370202985316352
nidosnetwork,438978687648952320
sccscot,446346367330705408
fionamontw,446376685915893760
sara_cowan,433567362223468544
marthahalbert,446390955810504704
jointhecoo,461950021047701504
inverkip521,428274534245220353
_pauldaly,446375944815931392
uartlach,437275243154251776
johnfinniemsp,461060946317049856
katie_dearden,428269568772304896
helloshiraz,437266494536568832
lfreedman37,435765987477291008
sheffield_kevin,436908897384005632
fionamontw,438612330138832896
jubileescotland,440816384189005824
tweet_sgp,446372966910398465
johnnydundee,441309347369746432
jamiepolitics,446387793284313088
rmchorlton,461616719505920000
nidosnetwork,461498427608940544
mmachch,461490927291625473
jubileescotland,428195611259572224
agreenthought,466967713576128513
laurajdragon,446406563784581120
jubileescotland,461592951685390336
jamiepolitics,461443675290353665
ronandbarlow,441522673173422081
wwfscotland,424248634038030337
dunirastrategy,461594623354208256
jubileescotland,441293888838709249
yesaberdeen,441306801532047360
lopezforhd132,512686693548163074
jubileescotland,441291038658166784
nidosnetwork,436462983435530240
chrisdarroch2,441278711401574400
claireh23308508,494689987590234114
lopezforhd132,482324942625579009
foescot,549663150333624320
jubileescotland,437274911372247040
nidosnetwork,461594094926827520
rewildbritain,437557090312536064
wdmuk,435716726396051456
kadrivilgats,441301690781032448
nidosnetwork,411455285434122241
wdmuk,435397624024539136
ausaenvironment,441298030185443329
annetrrez,427986462848471042
_polinard,441315530352627712
wwfscotland,446408741874049024
jamiepolitics,461571670235680768
foescot,435773022268432384
apostol_kris,483935745674338304
paulrenwick3,461591385314181120
bheald,437594900302155777
fidencioleija,477983525107298304
kathleenedie,443803009760657408
jubileescotland,441223327458148352
thirdsectoryes,461573755299725312
pandpscotland,525778540835647488
garydunion,441236822300307456
wdmuk,436802057178451968
sccscot,446279672616472576
pandpscotland,437188703241654272
sciaf,458557514884603904
craigbennett3,439429504168374273
jubileescotland,445983893372801024
meecoyoueco,461584736000172033
wdmscotland,433944871637102592
_pauldaly,491201819545460736
piratesforindy,446393017721958400
sccscot,446390848516030464
annamati0n,437281424358789120
robinhood,446391595601256449
jubileescotland,461626808551878656
sccscot,506470577394040832
ausacharities,441338197864611841
petermccoll,428244841534070784
jubileescotland,428259409366900736
emiliajaneagain,446386973360812032
nidosnetwork,456349282237706240
wdmscotland,436461843973148672
suncloc,428313624390930432
lauramakerr,506534493017358336
wdmscotland,431462607107919872
dunirastrategy,461559705119494144
ausaeducation,441292193073221632
smcjo,461582827843497984
sheffield_kevin,436908554214440960
mmachch,461567693158903808
miriambrett,428254339111849984
nidosnetwork,461572445305327616
moe2mac,461636956456509442
wdmscotland,435879653065383937
tweet_sgp,446401591927902209
tweet_sgp,446376253726408704
ricjl,448847641565487104
tweet_sgp,446376228447334400
sccscot,446374452717428736
lopezforhd132,478234068622913538
jdcmultifaith,440502160129032192
destinationch,549232872444276736
kaves04,549367518222376960
wdmscotland,453809114347749376
1221flyersfan,366576260010344450
wdmscotland,436800878608400385
wdmscotland,434282161416327168
foescot,437175035732561921
__amja,448767258698203137
robbie_watt,440640862859440128
dianaeellis,446416844891885568
markmakeslinks,461582517628592129
freyja87,466918300128403456
pandpscotland,439015366074073089
edinpandj,428247851605708800
francisstuart1,461594371302105088
meecoyoueco,461569267134377985
dunirastrategy,461587024504307714
jamiepolitics,461614425469120512
destinationch,549367026087497728
jalalak_jojo,437265960689745920
wdmscotland,441522310647140352
mark_md85,441308341596585985
1glaker,427178130009116672
johnfinniemsp,428246853537505280
lconstant,461624079456673792
connal99,505026000259149824
jubileescotland,461580182919589888
benedictdouglas,428287824455270400
smcjo,461586219013779456
jalalak_jojo,437285324738527232
oxfamscotland,474525358747054081
wdmscotland,438716720820129793
jubileescotland,445985038149369856
jubileescotland,428256555067510784
charlieeh47,446371545011593216
scott_eff,428254258149216256
ausaenvironment,441281310053916672
lopezforhd132,475449654486654976
scott_eff,428251841122824192
marymorrtamu85,488078773053440000
goldiejames,441310214491766784
lopezforhd132,482251483941830657
slawler,446372264666497024
oxfamscotland,446393893660401665
peopleandplanet,440509691508957184
jubileescotland,428247692570263552
nidosnetwork,446325261307752448
nidosnetwork,430298992862584832
jubileescotland,446298209502384128
sheffield_kevin,450922865442168832
sciaf,461581392112279552
wdmuk,434280766273765376
cnjyoungbull,446407925125246976
sccscot,466584253073862656
im1pers,461875668142522368
sackheads,383964328614821888
socki4hou,474361192442388480
langbanks,507571256380891136
tweet_sgp,446373089128226816
wwfscotland,446349558067773440
gharrisg,461580448502939648
ausaeducation,441294043503661057
wdmscotland,437229636330999808
meecoyoueco,431809774943215616
abelortega,488074146878742528
_pauldaly,446400339072524289
rachfurlong,443759431814512640
foescot,441164642631417856
annoula64,436802836211703808
camz99,438054547756679169
bawsoutcallum,441296279252271106
rimarti72,461593665853739008
rachelhamada,461592552387649536
draculapuppet,483686343978258432
tweet_sgp,446377835905953792
tweet_sgp,446369292104531969
greendadtwit,446388415911952384
wdmuk,436569835431284736
jubileescotland,441228241366712320
wdmscotland,435397407082160128
tweet_sgp,446378275112497153
mmachch,428220992239185920
sccscot,445858971363315712
wwfscotland,446378156501790720
helen__kennedy,461436170011181056
petermccoll,441306615850221568
himalayancentre,440433307684069376
wdmscotland,437252954165633024
robbie_watt,446388260542369792
yesaberdeen,441304508065648640
nidosnetwork,433612031737217024
fivewesties,461799810895724544
marsboyle,429218105882341376
spokeslothian,468057763684556800
skorpyos,473206753455534081
uog_fossilfree,440597386298404864
robbie_watt,446371970188607488
one_citizen,441286155082813441
dianaeellis,437283050486247424
jimbo1312,466590899884269568
wdmscotland,443698038876692480
davideyre,461593191020769280
_lisamcguire_,482235970700316672
wdmscotland,445859714610769920
ysabellestewart,441312167527473152
kilsally,437212806837198848
pandpscotland,490160892844466176
jennybloomfield,461527112416231425
tweet_sgp,446383478477963264
nidosnetwork,461078835954733056
nidosnetwork,435391496591011840
emiliajaneagain,446373778759909376
ronandbarlow,441522607339630592
garydunion,441292526679760896
jubileescotland,453556964002631681
langbanks,439375702555906048
petermccoll,441306405140963328
wdmscotland,439416249366614016
scjwebb,461576721909944320
jintyg51,461631340358955008
adamramsay,461592039290048512
jubileescotland,428244432664940545
wdmscotland,450962115940327424
douglasdaniel,441296952656150529
jubileescotland,461581907063767040
bawsoutcallum,441299969656770560
amnestyscotland,440855185196593152
petermccoll,441306263184752640
sccscot,446379954587303936
wdmscotland,446275308455739392
viridislumen1,436145229142687745
edinpandj,428247629878030336
yesaberdeen,441289860733997057
nidosnetwork,436885796482994176
ayrdelighted,435056730385690624
johnfinniemsp,428243641128456192
tirntern,428282843949580288
gml1320,435075297340555264
colinmac7,428265726714335232
helloshiraz,437285251262709760
petermccoll,428248920196923392
rosaurusrex,441296107189321728
nidosnetwork,461590090679320576
pandpscotland,446390433305100288
unisonscot,433634106229145600
j_lind_scotland,441354581704843264
greenerscotland,446375351946858496
jubileescotland,441288277682040832
tweet_sgp,446377784014028800
pandpscotland,437326274835800064
yesaberdeen,441288123772047360
alexbooker89,476517463958765568
thesnp,437265503711944704
pandpscotland,441288970438471680
wdmuk,436907948296929280
wdmscotland,435366476342898688
_pauldaly,435409621264510977
fidencioleija,472866121985441793
lopezforhd132,472866020940845056
smcjo,461597953002844160
scott_eff,428251201126563840
fionamontw,463602920718880768
jubileescotland,433566487190573057
tweet_sgp,446401649482170369
wallacevillas,462079650718810112
wdmscotland,436801757369614336
mikeweirsnp,435761232529088512
ionacommunity,445566866455814144
transformscot,468030171480879106
heh_meh,439870230144512000
scotccan,453937823419473921
sccscot,441506270831726592
pandpscotland,428257021293760512
fidencioleija,474294025659629568
eilidhrose9,446663368594976768
sarahbs_27,441301747387346944
bobbymcpherson1,461579632027136000
foescot,437207752926978048
celebs4indy,428442527176597504
opfs,499189831948599296
johnfinniemsp,440092321296941057
lopezforhd132,482001617441406977
michael_tombs,461564893674897408
patrickharvie,444514835892826113
greenyes2014,446392812255584256
chrisdarroch2,441166834331815936
tweet_sgp,446380543618592768
wdmscotland,507796292857126914
nidosnetwork,461596936811073536
kadrivilgats,441290727809904640
fionamontw,445950054621540352
malesj,306120676929073154
macalba1314,439857416071839744
oxfamscotland,461578307654672384
smcjo,461573933209489408
mrpaulshea,478237529523511296
nickdearden75,461818168449982464
wdmuk,436802018758627328
foescot,435047982421905408
saziz89,446392233076736000
bawsoutcallum,441301847534755840
povnecentral,437422465837707264
yesaberdeen,441307808123084800
tweet_sgp,446401825160560640
wdmscotland,435358905053761536
eilidhdouglas,428276772954992641
rurigdhm,469444625904992256
wdmscotland,437254084660563968
robbie_watt,446383274148241408
jubileescotland,433636569535479808
trevorchaplin,441298981210316801
wdmscotland,445494997052567552
jalalak_jojo,437284877407617024
evagroeneveld,445989600792940544
veivetrose,441168291995058176
_pauldaly,436668690528862208
ausaeducation,441286475960045569
lopezforhd132,468586304025157632
madeddy23,461610977969311745
kadrivilgats,448864574134300673
jubileescotland,428252671594995712
pandpscotland,438969549929857024
tweet_sgp,443498007787749376
wdmuk,436802034436935680
1davidwsmith,437272717575073793
foescot,444137737336410112
tweet_sgp,446401550379139074
nidosnetwork,453509120294154240
pandpscotland,428136982821486592
drcet,445626529843015680
pvallot,435913087758372865
wdmuk,436462097313320960
tweet_sgp,446401700514263040
sccscot,461438404941860864
madeddy23,446430881600000000
yesaberdeen,441301745621532672
sccscot,461791791210307585
oxfamedinburgh,435370434289094657
destinationch,549232953717321729
jubileescotland,461592904449163264
sccscot,446378775673315328
fionamontw,440885605699174400
joannahartga,439808158706712576
bellacaledonia,446380739018629120
adamramsay,461594311059333120
rneilw,446376675723730944
im1pers,461884982139838464
wdmscotland,437274542885863424
eechieochie,433972868259807232
jubileescotland,423101543261302785
nidosnetwork,436099162506297344
rattlecans,428246427375239168
wdmscotland,438325362125447169
chrisdarroch2,437333544927760387
emiliajaneagain,461082541513273344
pandpscotland,508956504243073024
foescot,490500056470917120
scott_eff,428247688027840513
ausaeducation,441282436794945537
mogabee3,435074561277984768
journeyman15,503977843433668609
foescot,440091806030524416
johnduff63,446645602827632640
jacquibreed,430728950952644609
miriambrett,428246330822389760
drewmurphy,446309296935297024
scotgp,441236694172704768
indysants,441307471911874560
richard_dixon,461746387701735424
marthahalbert,446383236336615426
wdmscotland,435792147225526272
oxfamscotland,436539456125169664
nidosnetwork,435438561031360512
thirdsectoryes,461571330341883904
greenyes2014,446391174077878272
fionamontw,446381701573668864
lopezforhd132,488075091532447746
tweet_sgp,446383411872415744
pandpscotland,446379123569872897
foescot,446379582787452928
smcjo,461568061112614912
wdmscotland,445566984844242945
robertotellez10,474327675121594368
2020climategrp,438657818967961600
carbonconvo,432972470795390978
johnfitzg,446389985898659840
mryahbut,437299044978016256
wdmscotland,437277339303833600
gazhay,446438131399933954
tweet_sgp,446378295631032322
kieran_wild,445157282524180480
om3zii,434285519275847680
kim_harding,446377396691017728
sara_cowan,461178020427210752
pandpscotland,446381165407379457
socialistsmithy,428280571169873920
sdempseydoo,447403263596695552
pandpscotland,446377373341351936
rachaelorrsome,461590841786920960
oxfamscotland,506530902449852416
meecoyoueco,461596871405096960
markmakeslinks,461570093865254912
jamiepolitics,446379216964423682
cajardine,441359812493049856
yesaberdeen,441296760561229825
wdmuk,435359159329255424
johnfinniemsp,428250456650162177
scotlandaye,428257317348737024
chairmanboab,461580934513692674
sccscot,469784067974922240
meecoyoueco,461592480530857984
samsoprano30,428264211916267520
johnfinniemsp,438051980087668737
jubileescotland,428245993776492544
jamiepolitics,461614376676777985
johnfinniemsp,446261225761275904
annetrrez,428249022386933760
jamiepolitics,446378160729620480
jubileescotland,461621943356379136
indyrefbot,428247450860916736
rosaurusrex,441280612767629312
jubileescotland,461585962565636096
demipip,446370623258771456
nidosnetwork,444149623587110912
patriziarn,461455646203064320
solarcitiesscot,435515300868800512
fionamontw,436813026151661570
greendadtwit,446389247374016513
sccscot,467307787542745088
scotlibdems,441553337792876544
ausaeducation,441285763893051392
zwcommunities,436867542871973888
samgardner76,433627445573718016
alysmumford,428526578449264640
wdmuk,435792461739606016
pandpscotland,428248979382747137
james__nesbitt,428247266043133952
johnfitzg,461574567870603264
maximumbobby,507483557007491072
lmmw101,446353282358079488
wdmscotland,436110513764700160
uog_fossilfree,446288493061623810
bestrdsp,427184485914787841
nidosnetwork,458602863187738625
patrickharvie,445516615787237378
katie_dearden,428257452896055296
fionamontw,446376543015927808
jubileescotland,433943709931958272
kirstieshirra,460717606241304576
jprice02,321104386266914818
smcjo,461570933741064193
scott_eff,428251534049443840
petermccoll,428265171333947392
evagroeneveld,446411853485580288
pandpscotland,461587155417325568
sccscot,446386269137162241
nidosnetwork,435392746195804160
scott_eff,428244149620723712
rachfurlong,461622629678731264
april_salter,549206858096193536
wdmscotland,437227610561851392
ausaenvironment,441293716259491840
davideyre,445900184846102528
johnfinniemsp,437180259721830400
oxfamscotland,446394208912699392
ausaeducation,441281002976325632
nidosnetwork,461497326260203521
meecoyoueco,461597245704765440
oxfamscotland,461605451021713409
digitalwestie,446441270006001666
jprice02,321104245246029824
sccscot,460701004909281280
sarahboyackmsp,461595426282811392
theshiteknight,446370882093875200
foescot,437918383065944064
johnni47973385,441308408621596673
johnfinniemsp,446221572811276288
sara_cowan,438607667972800512
jubileescotland,438693002245308417
nidosnetwork,439019190352371712
erikgeddes,441198483807428608
rachaelorrsome,461589837720846336
edinpandj,428259843854848000
fidencioleija,477985954050113536
fionamontw,446508672257372160
francisstuart1,461571518250897408
no2ffasea,438085159259504640
rachelhamada,413353403113562112
petermccoll,428265587182419968
ric_edinburgh,428310229936525312
shotlandka,461873678008197120
pandpscotland,449579437601075200
tweet_sgp,446379408287232000
anontanymous,458007040497942528
johnfinniemsp,433638039743901696
wdmscotland,438684001004695553
fionamontw,446372401715367937
nidosnetwork,439022572408430592
nidosnetwork,435470404275421184
yesaberdeen,441287285720776704
jr_wad,441300325765771264
april_salter,549324751869861889
srucenvironment,441882289728143360
jamiepolitics,446382169934823424
ausaenvironment,441288609232998400
garrycoutts,461586328157958144
wdmuk,439022243612737536
jamiepolitics,446383177054310400
scotgp,446214977146585088
emiliajaneagain,446380060812279808
skorpyos,469516826863337474
my_stripy_socks,435762423719817216
sccscot,445881086267371520
gaillythgoe,441299779038236672
scccoalition,436150902844846080
rbfmaguire,502940633133510656
slawler,446378689916571648
samgardner76,446381764467245056
paulwheelhouse,446424169333657601
alysmumford,428254022265737217
oxfamscotland,461578513901158400
francisstuart1,461578225693753345
aprilcumming,461973901862764545
nidosnetwork,426331830489341952
fidencioleija,477591447009361920
rachfurlong,446316325104005120
rwdryburgh,506471048695799808
destinationch,549188679533486081
nidosnetwork,454561463349559296
greenerscotland,446376286995615744
nidosnetwork,435470510349352960
ianiwrussell,441331225366913024
bawsoutcallum,441294257677012992
pandpscotland,446378028151894016
uog_fossilfree,445879038297800704
patrickharvie,445584380829134848
wdmscotland,436906902191370240
eechieochie,437181854970834944
hhildinho,441304026169507840
shahzadalmas,437377630829314048
prinaldi5,419097347789185024
reidfoundation,441521764003487744
scotlandmalawi,426334138967531520
petunia_fonts,441311902669758464
sarahbs_27,428262320184508416
patrickharvie,446215189382582272
jalalak_jojo,437285964579635200
nidosnetwork,458562259581947904
jubileescotland,433277964759728129
tweet_sgp,446383430084091904
helloshiraz,437277051973025792
johnfinniemsp,428280628598276096
neilduffy1,441312560881889280
sarahbs_27,441298065983811584
wdmscotland,453566746440368129
graphicscoop,428115189716615168
plan_vivo,461564139681615872
pandpscotland,428250439864573952
pandpscotland,428247413531623424
meecoyoueco,461586384667832320
ausaeducation,441299564960972800
gordonwright,437605525682143232
smcjo,461587223172104192
fossilfree_uk,442302788132159489
sccscot,461562046941646849
smcjo,461578661091868672
sarahbs_27,428244284178202624
fidencioleija,475438848332136449
kkvisler,473208962612207617
yesaberdeen,441307269964496896
johnni47973385,441308573704802304
fidencioleija,483315505558601728
kadrivilgats,441292365631078400
thoughtland,428249872849174528
petermccoll,428265786747387904
nadadurkannan,437599186255880192
wdmscotland,437177135682584578
_polinard,435716370966511616
richard_dixon,443775541498609665
deimante1981,434072873230413825
gonza42001,441839194827022336
__amja,441304285611962368
christianaidsco,439382147171102720
ausaeducation,441287098101153793
johnfitzg,446380737965867008
wagingpeaceuk,439460133173612548
carolellington1,461190295846412288
stevenroy27,441302363450929152
oxfamscotland,461620376448278528
fionamontw,439452744462917633
1glaker,429685146539675648
1glaker,321103670387277824
pandpscotland,446386831656243201
evagroeneveld,446407830493724672
pandpscotland,430781459113467904
pandpscotland,428308597710520320
oxfamscotland,461578355994021892
humzayousaf,461608456634789889
lewhetherington,461580777885814784
cloughleyconnor,428445956414406656
edinpandj,428244820956811264
johnfinniemsp,428246916431114240
_rachalia_,453557150162632705
ican_uk,428265294059294720
scjwebb,461573395826872323
martinjohnston8,437294471651532800
wdmscotland,468768110187917312
nidosnetwork,460816049899044864
jubileescotland,461630734588182529
oxfamdundee,437273469177585664
oxfamscotland,446383786075631616
pmcogs,439932249593491457
lopezforhd132,469514252386959360
nidosnetwork,461589124328464384
foescot,436146993711157249
scotgp,441197401848954880
emiliajaneagain,446375357151981568
popscotland,439801909583835138
jamiepolitics,461433390206840832
yesaberdeen,441281937177853952
ausaeducation,441292772172390400
greenerscotland,446368811814772736
pandpscotland,433590924963508224
douglasdaniel,441297017684639744
scott_eff,428250681536151552
nidosnetwork,461496341123055616
pandpscotland,502817094904610816
oak77uk,434072925722140673
jubileescotland,435426803071856640
scott_eff,428258145090404352
scott_eff,428247271332151296
wdmscotland,435358848149618688
pandpscotland,469819356659318786
fionamontw,446379521370243072
the_jenroberts,437112268388843520
francisstuart1,461597344879087617
sara_cowan,436436564563218432
scotgp,441262260598878209
lopezforhd132,474315676572983296
yesvotescots,461633550656503808
paulrenwick3,461575480261742592
louisemac,446350251876970496
rachelhamada,433631699105484800
rosaurusrex,441283748005691392
jubileescotland,428249610273165312
scott_eff,428249991933853696
johnfinniemsp,446381558497550336
henriettasandwi,441308379601195008
johnfitzg,446378226022350848
jamiepolitics,446387547066101760
gregormcabery,440234758162096128
mclennanpaul,446621008339156992
lopezforhd132,478234332021026817
pandpscotland,437246350938611712
albert_shipman,461591470945103872
scattermemvar,383967781537865728
yesaberdeen,441300614426136576
johnfinniemsp,428318624819183616
vincentcleme,499063149639630848
wdmscotland,431445972703391746
pandpscotland,446382450533736449
wdmscotland,444065558867087360
davideyre,444074420282605568
johnfitzg,461573989404794880
scott_eff,428248484329046016
sciaf,461796120008876033
richard_dixon,441562962172850177
sarahbs_27,441300024358895616
gordonwright,435074809790488576
rachaelorrsome,461571889690066944
wdmscotland,445551313448095744
jubileescotland,461572512418377728
evagroeneveld,433629902714445824
dyc_mull,446411099572031488
richard_dixon,446424972740022273
hjkitchen,461578480627765248
evagroeneveld,446347579161604096
scott_eff,428249242210402304
meecoyoueco,435380612812124161
jdcmultifaith,441236017576968192
bawsoutcallum,441298705380282368
evagroeneveld,436148966439530496
ausaeducation,441301291533611009
nidosnetwork,433573789452886017
spokeslothian,439370896382644224
realgeorgefox,436804922773082112
francisstuart1,461579893349031936
manforathat,433961244157292544
vm2morgan,504355376515796992
mairimo,461583316689633280
nidosnetwork,461577015058239488
sccscot,439369030831333377
foescot,437223103374974976
roseleaarran,461581062758731776
ausaenvironment,441288969146630144
jubileescotland,440500361313275905
miriambrett,428265163624808448
annielewis1,461580506065534976
lopezforhd132,469952083043418116
adeleade70,439431066286587904
nidosnetwork,456348698918674432
fidencioleija,514906612558233603
tylerisstoked,549292163553849344
douglasdaniel,441307919305687040
johnfitzg,446380346243051521
sara_cowan,435720079402348544
moderate2severe,477278809524170752
garydunion,428476005200982016
mmachch,428293373930127360
nidosnetwork,437263171943170048
wdmscotland,461056706030895105
johnfitzg,446369976744968192
langbanks,440831256356343808
megandunn116,441280827746693120
meecoyoueco,461593071881555968
scccoalition,436534017119518720
ausaenvironment,441292939713470464
_polinard,446215756657983488
rachelhamada,433612268899958784
ausaenvironment,441234834095362048
paulrenwick3,461543287896440833
tomtreat,436212363763920896
sarahbs_27,441311371788304384
fionamontw,433633504698445824
cre8nu,499183229086478337
scccoalition,431810219296161792
wdmscotland,499180721538625536
matt_x_54,550527962073026560
nidosnetwork,461593029582000129
adamramsay,461595611402633216
oxfamscotland,461593715577221120
dunirastrategy,461589175125692417
ktrebeck,525984566851670016
jubileescotland,446387774644822016
jubileescotland,474214552226496513
johnfinniemsp,439037141214318592
wdmscotland,435731186409693184
douglasdaniel,441310295362125825
_pauldaly,428104406874460160
wdmscotland,435731489628512256
wdmscotland,434280516733239296
nidosnetwork,431742698299469825
wdmuk,435716673539407872
slawler,446547288866181120
sarahbs_27,461590191577501696
oxfamscotland,461620443661996032
richard_dixon,435860106803421185
jubileescotland,446382995944255490
fionamontw,446428619410518016
nidosnetwork,461570034058674176
sccscot,446228877300731904
ausaeducation,441302047611432961
barsetter,428317165930827776
humzayousaf,453561664605270016
sealscotland,437553807879593984
jamiepolitics,446375523196096512
justscotland,461791963554250752
fidencioleija,482360999672942593
thirdsectoryes,461580861641850880
yesaberdeen,441299719764328448
foescot,435365004489916416
johnfinniemsp,502940277724958720
sara_cowan,436810502745112576
scotindydebate,439380047431213057
ysabellestewart,441295688304189440
jamiepolitics,437233336277540864
nidosnetwork,461497615180632064
nidosnetwork,413352908533420032
_bethanyct,435812417583722496
kyariep,435365917124739072
pandpscotland,433950123413225472
scccoalition,433933575772471296
gordonmaloney,435368732605808640
smcjo,461579881613369344
nidosnetwork,437229141445066753
lushearth,435890974041329664
kadrivilgats,448747914572349440
ausaenvironment,441303181059166208
_eljohnstone,441300425703452673
lughson,463144137098035200
nidosnetwork,461567584186675200
wdmuk,436569925780783104
ausaeducation,441302363996164096
jubileescotland,446382972321939456
scjwebb,431754317976977409
fidencioleija,521824563936911360
pandpscotland,446391809401716737
garydunion,428530927133020160
sccscot,450955788367183872
foescot,436105468834873344
foescot,436845358962860032
wagingpeaceuk,439369538266607617
nidosnetwork,461576363905142784
wdmscotland,453842258307997696
jubileescotland,446367331418390529
iainsmorrison,461595639022100482
yesaberdeen,441305761881546752
fionamontw,444473370131066881
megandunn116,441319638409170944
ayrdelighted,446396163718397953
sccscot,446375582834909184
jubileescotland,428260515601997824
_pauldaly,436669445872689152
foescot,505007369534050304
jubileescotland,446402840257626112
thirdsectoryes,461584497633656832
nidosnetwork,439078870067986432
ukyccdelegation,431799388420046848
rosaurusrex,441288434469322752
lgprscotland,461581099240816640
nidosnetwork,439330728338530304
sovereigndaisy,461589705386377217
nidosnetwork,470931889642291200
fionamontw,460701532640784384
sccscot,441501618945523712
wdmscotland,439054312388317184
scotccan,453933052839096321
smcjo,461592299412418560
ausaenvironment,441294053955481600
ausacorner,441344362287742976
zarkwan,446598624936730624
foescot,490209144792961024
smcjo,430272795822415872
evafairlie,461793580391362561
pandpscotland,461579858309828608
matt4indy,443840822015164418
jubileescotland,461587174606262272
tweet_sgp,446401663172349952
francisstuart1,461592359277711360
wdmuk,435792400016240640
dropthedebt,461580062547263489
mimizamarripa,473119418646802432
adamramsay,461580423676837889
spokeslothian,459379701392629760
stevekimura,316800854176960512
scjwebb,428100352429146112
jubileescotland,441285502797619200
paulwheelhouse,444529688242036736
pandpscotland,441584560892289024
skorpyos,477996700347662337
oxfamscotland,461177888096927744
marymorrtamu85,469535353968553984
langbanks,444486360280596480
scccoalition,436144055182196737
bawsoutcallum,441300599414751232
axrenton,435451006554763264
_pauldaly,435580248474656768
nidosnetwork,435366944666296320
_pauldaly,426663007247409152
wdmscotland,438325546154725376
rachaelorrsome,461567465559179264
sccscot,496610249814446080
savescotsseas,441867302091243520
pandpscotland,505007369458548737
adamramsay,461572973422735361
aphrogoddess,435370882937024512
carsickglasgow,446378022279864320
barsetter,428317690525003776
tweet_sgp,446402154107273216
wdmscotland,433607231192707072
adamll_,461570125511282688
planbpartners,474525549164240896
johnfinniemsp,428250057478242304
kadrivilgats,448861447733657600
tweet_sgp,446383329907335168
simonbarrow,428260401881817088
petermccoll,428244769262039041
adamramsay,461589763251003392
johnfinniemsp,428249410762715136
wdmscotland,461437944302428160
lillylyle,461594177130991616
scott_eff,428249496326529025
jubileescotland,431098787876982785
wdmscotland,435366673420673024
rachfurlong,446321939741941761
_pauldaly,446336916494225409
livingstreetsed,446232495479328768
gordonhunter11,441295714833145856
jubileescotland,441305474714304514
hjkitchen,461596312660869120
paul_trembath,428258292259778560
anisozeman_,446568616407085056
pandpscotland,461594245686906880
patrickharvie,437224671235559424
patrickharvie,446258090829447168
ausaeducation,441295684013420544
sdempseydoo,447403322585399296
peopleandplanet,440598737992581121
neek1974,446598801290428418
musicstoo,441305889824575488
tweet_sgp,446382532469456897
unisonscot,445949170340597760
digitalwestie,446441498448760832
chrisdarroch2,441351573550419968
wdmscotland,433607648500805632
wdmscotland,463295056892669952
paulwheelhouse,446423855511654401
annetrrez,428270162488619008
greenpeaceed,433971809763876867
patrickharvie,446435613068500992
petermccoll,441306303135481856
tweet_sgp,446376034741809152
langbanks,507206562193346561
tweet_sgp,446401433924288512
rossfairchild,439876642723221504
scjwebb,444071962563067904
sccscot,443775219808092162
sccscot,440460491517734913
ausaenvironment,441289666965143552
annielewis1,461580416173240320
wdmscotland,436801640302383104
ken_j_murray,446274108058509312
meecoyoueco,461594741336199168
dunirastrategy,461589473059700736
evagroeneveld,496960779992956928
johnfitzg,461058052754767873
_my_views,428267370319458305
kilsally,436556275946893312
nidosnetwork,461527129466101760
tweet_sgp,446401576140562432
nidosnetwork,461099580055379968
nidosnetwork,461497076862713856
dubmunn,436130570452873217
sarahbs_27,428278108467494912
lisa_r_morton,438686686634315776
girthon,461633790906228736
keith_boh,453552234501259264
jubileescotland,428230245029007360
bylochacon,436582675697381376
wdmscotland,507815400504303616
nidosnetwork,419074728930709504
oxfamscotland,461594235964518400
freethinker2040,441299806280253440
jubileescotland,441327375117451264
miriamdobson,441501098734796800
verajasek,437963370474795008
pandpscotland,435844094586138624
radindyleith,428310522128523264
jr_wad,441287347754532865
peopleandplanet,426102239552602113
musicstoo,441302601683206146
2020climategrp,466586332287213568
digitalwestie,446441957288853505
evagroeneveld,458904477509378048
pandpscotland,446386103436992512
ausaeducation,441290244013707264
annielewis1,461580367699640320
pandpscotland,428256349521461248
lushearth,435890489259081728
wdmscotland,433635917333426176
chimtastic,419078935490875392
carolellington1,446357967039127552
jubileescotland,441303767037005824
eilidhdouglas,428258412527230977
norsewarior,446410922891149312
wdmscotland,428970501156126720
ausaeducation,441294238333280256
nidosnetwork,437889883865358336
langbanks,445569435576070145
ausaenvironment,441283557898452992
jubileescotland,441300337916657664
symonhill,434289018025803776
garydunion,441303852386902017
wdmscotland,436110671907127296
oxfamscotland,461594201587990528
ausaenvironment,441303685499744256
dodgington,461745246364504064
tweet_sgp,446401491285606400
ktrebeck,437293154698805248
langbanks,433624097432424449
pandpscotland,428255275351826432
jubileescotland,430654902172667904
rachaelorrsome,461571506787864578
justscotland,461784742636310528
wdmuk,435792433738440704
_pauldaly,446350664630034433
ktrebeck,437216476777701377
wdmscotland,507796402806611968
sccscot,446393164883316736
earthyandroid,461182311867113473
rachelhamada,437187437723648000
jubileescotland,453894710172852224
tigergauling,441304397390548992
greenerscotland,446369138886606848
scott_eff,428248630039158784
wdmuk,435792377685749760
johnfinniemsp,428312209723523072
evagroeneveld,446372131845459968
wdmscotland,450922742444220417
emiliajaneagain,446379971033178112
nidosnetwork,439080857383735296
0604arb1320,439870693547999232
im1pers,461883054257344512
oxfamscotland,461605596152999936
_pauldaly,436667935763881984
sccscot,453808412699398144
petermccoll,441309415484841984
johnfitzg,461594624453521409
tweet_sgp,446403058613121025
rachfurlong,446342662518755328
sarahbs_27,428300339549573121
nidosnetwork,461631413771829248
rattlecans,461595727857475585
wdmscotland,453834708065857536
deekdrummond77,428263740296163328
camz99,435744821270306816
tweet_sgp,446401619501264896
mattd147,461609403859628033
humzayousaf,461610779301904384
lopezforhd132,495640347993964546
jamiepolitics,474527391835230208
foescot,440892596127162368
ausaeducation,441283940163551232
jumpvote,383963790183649281
nidosnetwork,461581652071051264
edunipandp,428080737301299200
foescot,435361331894435840
tweet_sgp,446374504470958080
wdmscotland,437178201677496320
inverkip521,428273470477041664
vm2morgan,435811439488811009
anassarwar,437938696894316544
tirntern,428283693170315264
nidosnetwork,461573268995317760
meecoyoueco,461576854538051584
wdmscotland,443801310240862208
jimdensham,445860752659087360
lopezforhd132,477983463761784832
jubileescotland,461579186797547521
jprice02,321104524427272192
jubileescotland,428250407564214273
tweet_sgp,446401801731198976
sccscot,445497352657571840
greenyes2014,445939612650070016
mmachch,428292234669092865
scraptrident,428267200924110848
oxfamscotland,487608621686345728
anassarwar,435875069668388865
rosaurusrex,441294068895985664
pandpscotland,433717808938352640
humzayousaf,461611650966355968
tweet_sgp,446401458574213120
sarahbs_27,441297546863194112
fionamontw,438725278102462464
_pauldaly,444058316617314304
kirstieshirra,461578076141662209
jr_wad,441553761652469760
jubileescotland,461581844702838784
douglasdaniel,441299736004665344
davideyre,461592928297951233
jimmythepie,441302553238970368
miriambrett,428250345194930176
sarahboyackmsp,461597995394695168
smcjo,461581862268575744
scott_eff,428248687660527617
fionamontw,433935142823157760
colinmac7,428254402282278912
adamramsay,461580177110499329
ausaenvironment,448748131342364672
scccoalition,432904000493858816
ausaeducation,441284548341817344
nidosnetwork,444071051635748864
samgardner76,444406395841314816
misterronytoyou,400667222949236737
aedan_smith,443792751940096000
slawler,446380878575710208
jubileescotland,461584022284828673
sarahboyackmsp,445989372811550720
savvysilverfox,529380053420109824
fisheryenhance,435379785112371200
wdmscotland,437269132703461376
_pauldaly,445550148912168960
scccoalition,434310108319735809
jubileescotland,428248084112760833
nusscotland,444051355007987712
earthbeglad,446376219769331713
nidosnetwork,445596439910313985
jubileescotland,461588429382619136
nidosnetwork,461592496590823424
frankluntz,437421666432327680
nidosnetwork,461600309178269698
tweet_sgp,446401635666100225
myviewontopic,461583010476072960
paulwheelhouse,445583771048640512
greenpeaceed,436147136871530497
sea_carrot,437564545075531776
alexweir1949,436805634735230976
_pauldaly,446408119166726144
oxfamscotland,443758541799948288
emiliajaneagain,446376618316300288
jubileescotland,428244731525865473
bawsoutcallum,441282958243401728
gordonwright,441311880259575808
sarahboyackmsp,461583954731335680
jubileescotland,427871824664600576
j_lind_scotland,441294725392637953
tweet_sgp,446370605861203968
meecoyoueco,461579484203089920
tweet_sgp,446380771742613504
arobinson101,374284037478952960
wearenational,428255089397350400
wdmscotland,428432277161664512
dianaeellis,443770443749548032
scotyounggreens,445536565193109504
rachfurlong,446327327019245570
colinmac7,428246774814617600
jubileescotland,437264206564712448
nidosnetwork,460706794541957120
citzgirl,428288465412055040
pandpscotland,461594616056532992
jubileescotland,435740653587140609
jubileescotland,438254734785667072
foescot,446381859715710976
johnfitzg,461596387202068480
adamramsay,461590859507859456
ausaeducation,441283713343979520
meecoyoueco,461592042964267008
johnfinniemsp,436878128229912576
reidfoundation,446038403722002432
1davidwsmith,437273282271006720
1gkh,461581022568923138
wdmscotland,433944183783849984
slawler,446378140081090560
sociallearnco,505133796057178112
mrramackay,437315360023658496
cerystrayner,433960911645446144
nidosnetwork,445542348274278400
ausaenvironment,441184643732082688
_pauldaly,446337386570858496
nidosnetwork,461578188855181312
eilidhrose9,446663265800978432
georgetarvit,461621919163641858
wee_lex,446409973229441025
hugo_c_94,428248289847562240
jubileescotland,428257106857590784
selkiesong,428257555572621312
gwenfarsgarden,435795156701569024
lopezforhd132,481240726269751297
wendyb113,446386646406426625
sarahbs_27,441297768926445568
kathleenedie,443802959001169920
foescot,477748335882043392
nfpb1,436804850291326976
pandpscotland,446391254155558913
pandpscotland,446382528287735808
jamesbonner82,437973494807007232
tweet_sgp,446380819914190848
ausaenvironment,441291707607293952
helloshiraz,437285146803580928
kadrivilgats,441306831357743104
eilidhdouglas,428257635918708737
jalalak_jojo,437272364595044352
spokeslothian,436279417787387904
jubileescotland,461572438795354112
sarahbs_27,441297588059643904
johntoms2012,446400069613666304
jubileescotland,437270012693581824
pandpscotland,428250255847849984
scott_eff,428243795852136448
derekjambo1874,428281622262083584
oxfamscotland,437330635074838528
petermccoll,428253961112784896
langbanks,436833841656102912
petermccoll,428252409383907329
colinmac7,428309326722498561
savescotsseas,433931177976946688
jubileescotland,441216079264612352
pandpscotland,446375191573450752
gidgey,343760413994913793
ausaeducation,441287949184172032
pandpscotland,428269730408194048
paulwheelhouse,451487708633120768
sccscot,441278394999656448
adamramsay,461592355674787840
camz99,437226993005125633
nidosnetwork,428930158498562048
fionamontw,446387828222885890
nidosnetwork,461586952563982337
ktrebeck,436563098443739136
wdmuk,435359198634061824
nidosnetwork,462192334265122816
navidzanjani,474327581190144000
shermfrederick,437423156135862272
ysabellestewart,446605076476751872
lopezforhd132,492887067911659520
wdmscotland,507796258581258240
samgardner76,446326985070215169
rachelhamada,433612224893304832
johnfitzg,446338449671749632
wdmscotland,438313138459803648
sccscot,444460163278184448
smcjo,461583097260412930
om3zii,437282956806467584
nidosnetwork,461793715615698944
johnfitzg,461596682334253060
nidosnetwork,461590030272958464
jrtomlinauthor,446218785578422272
nadadurkannan,432972470296281089
pat_pace,429845315433144321
fidencioleija,470555674007859200
pandpscotland,461582891659833344
nidosnetwork,433611872286539776
sovereignsadie,428350927905751040
cabreracasimiro,477596557609402368
_pauldaly,436452512413917184
wdmscotland,436568758510182400
kadrivilgats,441285382534348800
fionamontw,445949897184149504
kim_harding,439802640705552384
pandpscotland,427045038942871554
smcjo,461572581339168768
dianaeellis,443769244820721664
tigergauling,441300777685225473
foescot,436515680855142400
edie,446389111776358401
lopezforhd132,477270704312684546
jenanthro,461630090989015040
johnfinniemsp,446381145111166979
wdmscotland,446594114415767552
chrisdarroch2,441279684592951296
wdmscotland,437312906414555137
wdmscotland,436828093672869889
kevinjburnsii,435802620720979968
pandpscotland,461570632787173376
jubileescotland,433591992761978880
nidosnetwork,461495428450889728
moe2mac,472641465005666304
christianaidsco,441981701250895872
smcjo,461593724573995008
wdmscotland,439320646477447168
claireh23308508,494690924790681603
sccscot,438991183092916224
meecoyoueco,461592230890074112
scotccan,440997462392967169
francisstuart1,461591869722722306
petermccoll,441304736776478720
anassarwar,437324500108341248
storm_search,428266493655388160
ausaenvironment,441281752007331841
wdmscotland,439358209371815937
womenspeakup,295614143459889152
meecoyoueco,461581454678716416
sarahbs_27,441297482065379328
tweet_sgp,446401807926198272
scotccan,441496415949561857
annetrrez,428257432981487616
alistairmccay,446577448856354816
billyjyes,446374473424699393
fidencioleija,477270916414451712
johnfitzg,445528218595262464
ausaeducation,441524901665865729
ausaeducation,441298623989813248
johnfinniemsp,428246729801363456
bawsoutcallum,441305075332677632
wdmuk,436908019583320064
scotindydebate,436111510101045248
gracemurphy2,461618061628669952
tweet_sgp,446380821566738432
smcjo,433641610644291584
johnfinniemsp,428280619223613440
jamiepolitics,461571684924145664
rachelhamada,439028577406058496
lopezforhd132,521035474992111616
glasgowgreens,445185182803689472
nidosnetwork,461431794735525888
greenyes2014,435073889564368896
richard_dixon,437605228591194112
oxfamscotland,436209086406098945
earthyandroid,436219077695401985
james170969,446635754576691201
emiliajaneagain,446376688495390720
wdmuk,436569943459766272
ausaeducation,441293481131388928
fionamontw,446383445410074624
anassarwar,437205282935291904
pandpscotland,461582328608096257
langbanks,442995892929716225
petermccoll,441304677385531392
jubileescotland,428243643011719168
johnfitzg,446382301593997312
realscotveg,442986490537451520
j_lind_scotland,441297562440835072
foescot,446571544912068608
jubileescotland,441291820384124928
jubileescotland,428246982470414336
jubileescotland,441293566120558592
suncloc,428312046858670080
maggieedinburgh,441282752605061120
yvonnecwhelan,461796907090972672
jubileescotland,439054150253707264
kirstieshirra,461582978242854913
ausaeducation,441290759162310656
pandpscotland,441291722556186624
wdmuk,434282576506028032
foescot,435739299078627329
wdmscotland,441166404398501892
jubileescotland,461590201086009344
bawsoutcallum,441290056117276672
denzil68,428587959504625664
miriambrett,428260990992793600
tigergauling,441301210340286464
kadrivilgats,441294469032591361
sccscot,479986040040472576
mwhaites,446395450476621824
tridentplough,428260472622960640
richard_dixon,446382834673274880
lopezforhd132,488073199586795521
wdmscotland,469024800623820801
skorpyos,473206908598628352
yesaberdeen,441302130620923904
jubileescotland,461592599686840320
nearly_gone,439380710852669440
wendyb113,446387511397728259
sarahbs_27,441298116009279488
anguslabour,437207901045010433
nidosnetwork,441532054904508416
fidencioleija,474315726363570176
rachelhamada,437187465477390336
foescot,439069074396839937
nikhil_merchant,499062167174262785
foescot,438325385650909184
scott_eff,428246048067575809
nidosnetwork,460714179738210304
patrickharvie,446632468834430976
francisstuart1,461571995495567361
wdmscotland,469098634966212608
nidosnetwork,435410110224293888
rosaurusrex,441300893842309120
lopezforhd132,479237634649120772
tomwfreeman,428245790453432320
ausaeducation,441290018003636224
christinasnp,461579227348103168
nhlabor_news,478367774369017857
fionamontw,446381595461959680
lopezforhd132,474385470118707201
fionamontw,446232189802663936
yesaberdeen,441304979710939136
j_lind_scotland,441302303703040000
cuphook108,428258073359028224
geriroz,419195836170375168
scjwebb,461471113265315840
nidosnetwork,440854260495179777
foescot,436150768849022976
jubileescotland,461581605807861760
edinpandj,428249764669702144
tweet_sgp,446401521878851585
garydunion,441292617415139328
scccoalition,433628538873597952
gregory_larkin,447015995388215296
foescot,474539864403505153
sccscot,446389856017854465
ricjl,505007296133726208
tweet_sgp,446369175003734016
pandpscotland,435764598462218240
rachelhamada,460707779351957504
nidosnetwork,460706273957527552
foescot,433960756045152256
axrenton,527186332553330688
sccscot,439066639909552128
evagroeneveld,466903378522832896
scotth_1320,428350507384844288
rosaurusrex,441294547168288768
johnfinniemsp,435362114283515904
wdmscotland,445877277004275712
sarahbs_27,428247014267420673
shoemarx,428310833102594048
stvclaire,461615149519216641
ysabellestewart,461611229426229248
kirstieshirra,461591163427115010
destinationch,549332432780931072
_pauldaly,428104234773807104
jubileescotland,428246486649151489
wwfscotland,433942933818322944
wdmscotland,435792180889010176
alexarmorrison,443759455382298625
mikeweirsnp,437999047207845888
rosaurusrex,441282627509972992
tigergauling,441357523451654144
wdmscotland,438249644582522881
johnfitzg,446426267286777856
nidosnetwork,445596710451310592
humzayousaf,461608263113773057
tweet_sgp,446374724202147840
greenyes2014,446391594145828864
foescot,436866750131347458
reidfoundation,441521698123567104
wdmuk,436112213326450688
nidosnetwork,463277270233513984
derekjambo1874,428282511282565121
earthyandroid,445149599691730944
mohrdor,549214679474900992
tweet_sgp,446401534570799104
jubileescotland,441259043790008320
wdmscotland,446275348662321152
wdmscotland,438047082298232832
sarahboyackmsp,446273754847801344
pandpscotland,446435436819677184
manforathat,428443133022846977
meecoyoueco,461594477988417536
tweet_sgp,446383383720247296
colinmac7,428517207727824896
rethinkinscotla,444052523864059904
adamramsay,428304701218893825
oxfamscotland,437292170090135553
lopezforhd132,474293881593659392
fionamontw,446379590551101442
wdmscotland,461056483850199040
ausaenvironment,441299600545038336
kadrivilgats,441306938903908353
wdmuk,435879937871208449
pandpscotland,438968706283356160
nidosnetwork,446256306975174656
nidosnetwork,461602302970052608
nidosnetwork,430291089149280256
justscotland,436837913046024193
magumba365,441529989415313408
langbanks,446276145454276608
ausaeducation,441293636534542336
sarahbs_27,428243712494563329
richard_dixon,446369332776677376
dianaeellis,446421632333414400
edinburghcnd,428297148003008512
pandpscotland,441298708769288192
trocaire,461795886432276481
nidosnetwork,435470296846712832
johnfitzg,437229788185755648
wdmscotland,437282802057621504
fidencioleija,482160516207374336
wdmuk,436569860982964224
sccscot,454185002637729792
jubileescotland,441302792670830592
davideyre,419075654840492032
yesaberdeen,441288507940958208
greenglasgow,446577277800022016
jubileescotland,461595590301073409
shotlandka,461907469858770944
rosaurusrex,441285677410709504
nidosnetwork,439330696075948032
richard_dixon,461599347357257729
daveparke78,441306407540097024
scott_eff,428246429925388288
sovereignsadie,441309640652226561
foescot,436878074378858498
nidosnetwork,441532418420654080
advantagenfp,435734272432160768
lfreedman37,441290679776731137
evagroeneveld,468769013536137216
sccscot,440851071494131712
wwfscotland,436833608436039680
jubileescotland,441287952963207168
meadhbh_maguire,435048473466265600
meecoyoueco,461578282702757890
jubileescotland,461586804433756162
transitionlin,441124682176421888
ausaenvironment,441285590110056448
skorpyos,512687430109896704
jubileescotland,441174611771031552
jamiepolitics,461613692803891200
johnfinniemsp,428284626780446721
lopezforhd132,482160470002892803
richard_dixon,439424332373426176
thirdsectoryes,461577048776269824
