ssw4m,514444235097915393
lesleyrumary,514524624617345024
brocanteuse1,514426047912480768
eonnewsnet,514481763939516416
museumofginger,514445942939193345
greenpeaceuk,514479062216372224
nappeem,514799525526249472
sinisaarela,514443791416049665
greenpeaceuk,514484814947569664
davidg_uk_uk,514491463993135106
chaittanyakumar,514422762652192768
jane_samuels,514459337662926848
catesaunders,514525898142257152
beamtheband,514464121866428416
suzzibuzz,519222655090577408
mattiafosci,514446216692658176
hannahellis1,514481266297954305
panabart,514489333261152257
coombesmostyn,514448539116929025
arbol_alto,514473486484770816
mikecoulson48,514465617798500352
nwoje,514438713028661248
minxyowl,514499657796681728
chokeym,514469388981137409
plaintalking121,514424013846618112
jaccuse1,514635417572761600
javiruiz20,514507114442928128
_robsheldon,514450811317796864
mikecoulson48,514829250911035393
hannah_davey,514421938790600704
jessesearthnews,514890676505698304
m0d4y,514446012925349888
musthafaaa,514709061808291841
millandrailway,514428470894817280
rilkes_tiger,514510631131971587
hartarchitect,514443105097887744
rj_mannion,514474672067739649
ss2weet,514469231770210304
jennyellis24,514493609937469440
greenpeacebs01,514531316961116160
nappeem,514800085017067520
greenpeaceuk,514493035779211264
erinpdooley,515815204245209088
delladreamer,514448259675598849
greenpeaceuk,514446051726852096
mileychanbuna,514445989470822400
granniemandi,514425055825379329
museumofginger,514445886198652928
paulsaharov,515737639513636864
eatps_,514422719652569089
nappeem,514796338354339840
benvenceremos,516359333358358529
cristianramis1,514735068149841920
gracesurey,514742985074810880
nathan_21,514449499247616000
lucasose,514442946171527168
beasombrerito,514464130380873728
granniemandi,514469154825728000
shaktilila,514471279521705985
mcottrell1990,514422850921713664
grannygal,514522521031286784
gpuknews,514433234751721473
nappeem,514808263746281472
sofiesomega,514495017851711488
greed2001,514457398686535680
mikecoulson48,514512779089551360
lesleyrumary,514524794444713985
sarcasmcat,514434446150602753
greenpeacepix,514805996464930816
primate_girl,514541585720442880
nappeem,514796159718916096
greenlanehostin,514441998351491073
sunnyboymorgan,514422267561115648
fleuvenoir,514442601315840003
hmmlostrivers,514442730160672768
sahrfas,514524737507061762
cllrhowardallen,514447086302281729
greenpeaceuk,515092996660805632
t_anderegg,514736060518371328
sinnaluvva,514510704083496961
vwbug2330,514465963140325377
epenno,514450710167945217
revpaulca,514498377950978049
wrenxx,514442080727207936
lilaudio,514529420120686592
iamimmon,514446799483183106
ugowhitehead,514426650101309440
mayawasowicz,514433317954154496
monerief,514418631971598336
greenpeaceuk,514493336401747968
indiheath,514695955187515392
dtporge,514626948698370048
simonleuf,514425398726492162
nappeem,514797258144223232
writing_destiny,514475852214841344
greenpeaceuk,514484667706527745
lucy_smedley,514772558772994050
lucilalmeida,514858344767848450
jonthefarm,514502534040281088
climateradio,514483045622378496
nickaberle,514556615526068224
linclass72,514489284829921280
aztecnetwork,514710205448212480
pippahockey,514487404099407872
pedrogarces,514460519709675520
nathalieachard,514420818713911296
considerthis1,514478494236295169
fred_mandrake,514734245429116928
monkeyboyidg,514484091887292416
nappeem,514796907466858497
zensolo,514475803061407744
joeisntfunny,514421246977912833
michaelkofori,514420389158858752
sasebastian,514849409226797056
becca_deleon,514419785820823552
occupylondon,514422583354470400
weebleface,514825968859348992
nappeem,514802861570813952
danielaginta,514503428119076864
flamingoalan,514416557343391744
glentyler,514504059811012608
santacitta1,514517658465603584
lazer_259,515885782545211393
carolecilia,514467262799937536
rochdalegreens,514435042660319233
sinameraji,514615385564262400
rorogers123,514418338815295489
jy_c_,514458500349448192
khaira999,514513261669396483
teggieboo,514477324663009280
enoughwaiting,514457733550981120
harsuam,514416911942426624
greenpeace_sout,514458750330363904
mister_spoon,514492364849942528
stefmcglinchey,514469757006118912
medzmuph,514434894005809152
saabie06,514475828781264897
mrailwaycorp,514488153923928064
lisatd84,514476395549188096
greenpeaceuk,514491714049159168
deekinstow,514487042055864320
imogenmichel,514528312698220545
hannahseunoia,514451096568594434
lew71,514837597311340544
nappeem,514798369303445504
agirussian,516326473737969664
34002salisbury,514487868639547392
nyro_mgreenhill,514502390385352704
derekmccabe66,514449562174775297
guyshrubsole,514803803246579712
oak77uk,514490537198354432
greenandreac,514461178957815808
greenpeaceuk,514493080389816320
bliadhnaichean,516364793700417536
sinanaegel,514676492669026304
oksygen53,514453312997830657
weldonwk,514442851719974912
debrugge,514466484140007425
noiselessruby,514483572020101123
christoclifford,514428554235617280
fajardo93,514431362104049664
thebanger47,516937043339796481
simonleuf,514424854461034496
shareactionuk,514430640922849281
comfyanne,514468216404324352
greenpeaceuk,515084853663260672
elenapolisano,514417089533472768
suzlette333,514580719830433792
jard_serena,514464325386665984
emma_c_fisher,514459363244007425
veralov1,514466909564063745
tweetsdistilled,514438965341204480
evolvingcaveman,514785289353854976
franziska_g,515269181961666560
dkbutchard,514489671540572161
kelsey_feed,514466673668403200
greenpeaceuk,514416522220306433
socialcare1,514436171066523649
rubycabernet131,514483039431168000
artofactivism,514776986615832576
occupytoronto,514499223598161921
thebigbelch,514426523341058048
garypendlebury,514442422991192064
sandiestratford,514478146171572224
victorias_art,514781412642541568
rucheswright,514446165031800832
lisatd84,514500396006801408
nappeem,514794727942914048
mehuldamani,514465794064130048
biancajagger,514510494200496130
joseagrass,514446313581465602
hannah_davey,514420746735865857
winterthur,514498494418399233
pantel81,514416705653964801
bullitthd,530696192716726272
oikolopaidi,514425164176822273
cathbaguley,514514512373096448
indiheath,515260223981113345
mattbluteau,514704993429889024
keeskodde_gp,514483818619617280
suscred,514803343131017216
arbol_alto,514418128512892928
charliechar,514474326754865152
fenrirjohn,514443682796544000
greenpeace_sout,514458700929826816
cantfiggeritout,514420535015383040
felixotto2812,514479494921740289
stranger_poetry,514429000953786368
eatps_,514422637863657473
ladyelimere,514423928974897152
reecethornphd,514549364115509249
greenpeaceuk,514494341805768706
gersariel1,514716944541290496
derekkirkup,514446169791926272
firefaeriemuses,514444391188951040
trainspot_uk,518841013952344064
cantfiggeritout,514486333256257538
spatialsyndave,514437707045806080
tc232323,514449166630912000
tayloruly,514706661819559936
redfoxcountry,514420228630274048
nappeem,514795781606621184
swoody1500,514518378799984640
ingragyu,514432376349290496
eileekiede,514457654719447040
nappeem,514804610775920640
pete_thekiller,514458780755439616
sufiboy,514453805615034369
blijvisje,514446475687104512
millerniumtwit,514446368065458176
wordsanddeeds1,514444555416924160
yrotitna,514481259935182848
rorogers123,514466617397628928
nappeem,514797901739216896
richardcasson,514708564376842240
perthhomeopath,514570461812776961
climateradio,514482694462644225
ladyroisin,514501084887646208
friederikepeetz,515964707891458048
benayliffe,514507050215563264
andyhebb,514444419575992320
nappeem,514793113244954624
rewardconsent,514614258244812801
andygates,514504797656203264
franziska_g,515263113047080960
angeliqueorr,514451089702522880
cantfiggeritout,514426121647960066
sideshowtog,514444510580183041
jimmythereach,514474111243124736
greenpeaceuk,514477670197780480
interdependents,516960554662252544
greed2001,514456833902514176
c_s_projects,514543404026327040
opusmelodi,514445225687666688
jimbolese,514440561932001280
kittykatcox,514531304830799872
lawrencecarter1,514462548620767232
lastkingofkings,514481188032241664
kern14,514477420036890625
noeldkendall,514463866282332160
morphizm,514422237806358529
beatsacoal,514705939522658304
mikeywhiteheadd,514493498566148097
psychlitchick,514680928614895616
elenapolisano,514452214136315905
evdebeslenmeyen,514497013229314048
threebeeches,514470070139895808
nappeem,514806218599440385
8nappee,522060622666936320
abuelitalizz,515313123809837056
lawrencecarter1,514420364600803328
rob_oneill,514766180218077185
jennarpudelek,514503044088999937
hannah_davey,514502754786893825
petercoville,514453899823308800
annacfcollar,514689555639701505
lareynedepee,514811492861222913
nappeem,514797195858833408
bham_foe,514449479869943808
uc_technologies,514516221266763780
betty7113,514477012732239873
coolcatno1,514503131737391104
chcastillo,514521353420951553
greenpeaceuk,514450203458666496
beldumont,514425455941005312
sadold_git,514475810095263744
ncclols,514503818587811840
kita363,514653331655241728
griffinlisa585,514422978235604992
lizardbe,514423962416472065
jhrsabelheira,514562763687862272
mccarthaigh1953,514739914911801344
corneliatk1,514753321622437889
tracylant,514483942280675328
ailringen,514427383815110656
kevinjgsmith,514420382720598016
hackofalltrades,514461148188798976
deanbowyer1803,514453944995573762
ecologist28,514719550571839488
jjdae992,514461845650804736
aitch_el,514510764216823809
nappeem,514806624255737859
christiemaree,514526611417227265
pfd311,514589160259084288
stewartbradshaw,514448058504192001
nappeem,514797080976834561
flosnook,514433996152131585
keithpp,514527270174617600
anthonyoxon,514466454008123392
greenpeaceuk,514461781428031489
londonmining,514433135224696832
temporaristan,514456299644657665
convivialdesign,514513730940706816
paulsaharov,515737665040183296
nappeem,514793628632616960
cwalshuk,514444620949106688
greenpeacenz,514496204781391872
nappeem,514795871637368833
vjbartlett,515606604863901696
lasusi56,514422738958970880
javiruiz20,514507206503714816
severnproject,514457053138407424
m0d4y,514451538769899520
nadiae1,514444008924651520
climatemarch_to,514428532374511616
richardcasson,514490898844221440
granniemandi,514418429861048320
manesandtails1,514483270374133761
greennuneaton,514480761169518594
khaira999,514514078291996672
brontewoodruff,514452787883540480
empcs,514442744807583744
sucker_love1,514804359943569408
greenpeaceaustp,514523710368129024
susan_sculpture,473847417012781057
christosg88,514451647309692928
frnkh,514736037638066180
nappeem,514799324883345408
_hope_in_jesus,514459440813441024
bobrie74,514712430409445376
rochdalegreens,514435023869861888
bluginhm,514872610866204672
isiliva,514423866299801600
fjroossht,514524050446503938
annewayman,514450004140777472
josephobeirne,514446007744987136
crelfpennington,514751902236434432
pantel81,514846403764707329
eco_melon,514425713848778752
faymaur,514586418346078208
fionnstevenson,514456652305944576
pkjazzman,514444969646370816
daveocarroll,515263438575378432
shanegallagher0,516387925735374848
katemcnaughton,514474895221481472
luzbovo,514586570054049792
joedaviesitv,514431889483235328
franssuper,514492440972369920
pompomgraphics,514501284997906433
nappeem,514804198215794688
joannayarrow,514438165135126529
rabble_crew,514793516946698240
patrydelaesp,514426886970433536
traindriverdad,514424980696989697
k_wielandt,514427240311164928
griffinlisa585,514503606226407426
nealeu,515077570656616449
nappeem,514801879327719425
lj_budd,514453025185079296
tomvwoodcock,514700770303037440
greenpeaceuk,514689110850936833
saddlecrazy,514500646829953024
deloresamores,514503760320954369
sucker_love1,515344456984559616
koksa,514671010973360128
not3bad,514458635595165696
nappeem,514801958096748544
peterspeller,514492172910223360
museumofginger,514446217976508416
combevalley,514451738233810944
darrinphoto,514482323480649729
greenpeaceuk,514483596552572928
morchdr,514478428272091137
benayliffe,514446916659466240
carlylou_89,514477466799603713
darkthoughts197,514449053103300608
greenpeacena,514442232024162305
catfishstory,515266330912501760
hamdiyaosman,514419168507334656
orbifx,521642470237413376
climatemarch_to,514426135862444033
brockworthbajr,514465893511086081
noiselessruby,514436566216097792
nappeem,514801376720060417
nappeem,514797391057539073
johnboyetc,514446786170466304
mandydoubtfire,514466870578380800
charlieeh47,514710916815134720
griffinlisa585,514422757900439553
lucy_mathieson,515602234839937024
danfoxdavies,514449527198449666
vegan_geezer,514442710535516161
goldfin,514446550324772864
evansjuliejae,514457970797981698
choupette231,514849449886355456
toad001,516386767499309056
jakearmistead,514688481562746880
greenpeaceuk,514493673405689857
peterspeller,514463154198568960
greenpeaceuk,514708824599842816
2of300sparta,514425924159553536
griffinlisa585,514494070652420096
barneysbull,514446809779806209
traimartin,514482507753201664
saramiperes,514709864220991488
bagpussbotherer,514448311907282944
rosaannularia,514421853889101824
jacqjo,514517383852355584
s_ganapini,514423310948777984
ruthrobertson51,514470537423106048
cantwaitogo,514463640657739776
reggiemollieros,514485839498190848
bjork55,514494342925680641
griffinlisa585,514438332831793152
mikemarkets22,514443561744355328
garycook0598868,515121756458479616
nappeem,514793786883706880
suffolkgraffiti,514443669575720960
sullyserena,514448886216552448
timnicholson350,514443893115322368
lillmagill,514683382278524930
petercoville,514434860115836929
probationfights,514491953614843904
griffinlisa585,514490005033857025
truthiseverall,524328654009298944
nikki_graham,514466746225266688
louisacasson,514419565556957185
justin_woolford,514443551933886464
nappeem,514808756543455232
markcatlin4,514480685634306048
elenapolisano,514435580609187840
allyxby,514477430900535298
greenpeacenz,514496193364512769
jillbelch,514503488936873984
gunerih,514423034569306113
akacoggo,514607560989495296
georgiebyrom,514732550384668672
greenpeaceuk,514494254107070465
chrisreeddrums,514550432010874880
griffinlisa585,514438179467038720
lightningrattle,514490533079949314
thoughtofchange,514449930631380992
netwisue,515088233164591104
flight261,514703405345165312
griffinlisa585,514486918294552576
greenpeaceuk,514790839735058433
samljpage,514444032626278402
deanbowyer1803,514704651053432833
chrislittlecott,514434903791112192
alisonjwhalley,514521906687397888
estefaniacrespo,514493132038496256
shainaides,514473116597501952
bibocasp,514472072513585153
cartoonralph,514501018613465088
iwanttobegood,515235034413150208
chaves_terra,514474559026630656
captaindraiven,514468391856656385
lokwauk,514447678982602753
endtheageofcoal,514532163304169472
jimfootner,514442879586947072
nappeem,514797960216195072
nappeem,514795580619759616
belinda_dillon,514507515049291776
simonclydesdale,514789338551689217
miradarse,514469062035124225
zcmrock,514493732532809728
stevenarents,514419332886331392
fischerharbage,514880809543942145
greenpeace_ne,514539978081067008
nappeem,514808375528665090
khoudilove,514474902855106562
nappeem,514805558227271680
valw53,514664710365392897
frackingpro,514477310171693056
pauldyett,514709051515879424
finnjackjames,514505442396213248
corra_b,514534318656720898
gilmoursjb,514444281772122112
woodsieone,514638955958923264
zzeeehhhh,514607932227735553
greenpeaceuk,514462531889287168
vicwold_lee,514742416126246912
lindak1950,514447246910177280
cllrrmallender,514714395902222336
pvortex,514451189233364993
henryadamsuk,514446736488931328
andyford6,514442707364622336
alexandrajung22,514447247355179008
gabrielaantory,515121318505611265
cartoonralph,514499234402697216
newgreenpower,514498114586439681
jaketippet94,514567682260094976
stuartpacker,514846638410444801
therealdwt,515085593051533313
yvonnebrit,516189916951486464
sondhyagupta,514458608374145024
howardfbell,514463767946461184
dejavousagain,514474208907497473
sunnyhowgills,514465103110868992
dangermouse_uk,516372842058113024
delnel,514448235797430272
cristinaellery,514419713838178304
greenpeaceuk,514445226321014785
lisabeetlebum,514525776868151296
wilcoffin,514717596411654144
greed2001,514456715082100737
victorias_art,514489009641648129
christineottery,514434351359348736
lindianajones33,514421190967193601
judit_mira,514460868369989634
greenpeaceuk,514493393146511360
strawberrymices,514749518974173184
turbotshoe,514498376503554048
apogee711,514467147586621440
chemicalolive,514451021007835136
tgb_uk24,514506373854294017
nappeem,514801633440845824
richardcasson,514509945946255361
biopheonix,514443128745369600
eastbournefoe,514447007050903552
baljikrish,514467201920012288
ayemarchmont,519422498426060800
biospine,514721289677066240
vicwold_lee,514427563569991682
nappeem,514808481569058816
talithachester,514494590079205376
cavern1964,514476275059408897
nappeem,514799275096944640
i58ciao,514520909361971200
izaac_cole,519240569868914689
jadegoose,514726180495589376
plutonyck,514494715316936704
pompomgraphics,514422405750861824
ferrniga,514459092501659648
climate_rev,514492320608452609
greenpeaceuk,514466777758449664
tre_sir1,514713432021827584
beablanche,515013399366078464
benayliffe,514442819549659136
memyselfmomo,514731157976383488
bliadhnaichean,514482244812275713
nappeem,514799623039614978
greenpeaceuk,514453471064383488
ohheyitshayley,514427848674004993
andygates,514458837878054912
camz99,519424618512531457
nowisthesecret,514571315756285952
petercoville,514446843770834944
abinielsen,514449194661449728
nappeem,514804154171416576
greed2001,514456961665204224
gijsverbraak,514704844188565504
franziska_g,514700755224514560
pixiepatjack,514522496457269248
nathanbridge_,514426894608244737
griffinlisa585,514441489255239680
tomvwoodcock,514700194496413696
millerniumtwit,514456729644699649
hannah_davey,514445941043363840
pixiecrystal,514474881245659136
temporaristan,514456096418062337
nappeem,514809071254650880
greenpeaceuk,514480304250437632
talltomc,514467214704254977
wiggedy,514461931361820672
goodlegs,514711297456234496
nappeem,514797348254679040
martin47229714,515086134649819136
brendanmontague,514449695960494080
julian_kirby,514722958779351040
loubgray,514707325262004224
greenpeaceuk,514478374962860032
redorangeearth,514512116985114624
nordbergvalerie,514648475066060800
gioyork,514708117754744832
stefan74uk,514442715556114434
nappeem,514795395567079425
chiversdanny,514420000460124160
chlough,514450870420127745
freshcurrents,514671528122654721
peter_dickerson,514884864164651008
bloomletsgrow,514459011262185472
lornefinn,514661516986306560
prayasbadhala,514418678277083136
frankkbirkin,514716809576976385
greenpeace,514422984774152192
granniemandi,514495792036728832
jravenhawk,514441533387309056
talithachester,514495487849029634
greenpeacebari,514703327385616384
gelmo1981,514433369158217729
nappeem,514795318966509568
victorias_art,514489342505787394
debsf319,515834975749300224
dacorumgreens,514462552253022208
alyssapallen,514427935970041856
marcusxgrant,514461096523337729
ka_whyte,515122950224109568
jayemgee88,514708855675043840
nappeem,514794562188234753
lansburygmiss,514451403482230784
leeinroyston,514464540059521026
benpugsley,514527812116443137
ingragyu,514432011998466048
theveganarchist,525471153532715008
combevalley,514451927782809601
johntemple10,514770227960111104
eonnewsnet,514442535247552513
sucker_love1,523924982947004416
likecatanddog1,514499562699243520
erinpdooley,514447886088929280
myceliumme_cc,514441184643514368
hirokiryuu,514602413156601857
chris5547,514448055127379968
richquick,514434269608161280
hannah_davey,514419923805036544
stopsteenkool,514725969350103041
kabiljaz,514499899917090816
green_dannyb,514449335934013440
drmupster,514439820366872577
reynadecourcy,514431633580380160
hairyj1000,514451505164713984
climatemarch_to,514425332230029313
ricketzz,514418579907698689
little_rowe,514473936906899456
iwanttobegood,515235290454446081
blue_dunk,514449632416792578
scratchmckenzie,514534745221238784
juliancribb,514581527221387264
cllrhowardallen,514485892330029057
suomigirl987,514444921197957120
eonnewsnet,514442441974632448
giorgiocasari1,514447551722815489
radiocuscanes,514839374115393536
hughmouser,514444142114394114
granniemandi,514423977167822848
stefandav,514538528512811009
sylviegorette,514714578249584640
lindaliberates,514455920269869056
katiegoldstone1,514695663029075968
nelskih,514451009049862144
cmok2cmok,514505460708540416
doxoki,514442974244392960
pascoesabido,514423571062738944
uklyons,514453393553625088
griffinlisa585,514738524160274432
griffinlisa585,514441686643404800
noddingdonkeys,514748028834811904
greenpeaceuk,514493869766217728
yrotitna,514447306062823424
annabeljessop,514492684166524928
vampirekiss144,514449039325016064
mo123em,514498663473623040
cptjohnno,514418688275914752
poetrybyair,514777687555313664
yrotitna,514506608291090432
michaelcbank,514477523951161344
daveocarroll,515260550025314305
luzbovo,514559801708118016
markhollinrake,514495803281661952
saramo,514490468726747136
cm73,514442662548496385
chaittanyakumar,514423055242653696
lizcarlton2,514442445942046720
karene1985,514451595061649408
alekskosowicz,514498735251140608
meanlene,514716797632012288
lawrencecarter1,514510037138825216
green_dannyb,514449482407501824
greenpeaceuk,514493606116466688
joolsolsen,514447282582720512
rawofalioness,514442848121262080
poolegreen,514447294637150208
edubongo,514761900731957248
willowtreefaery,514443286044360704
mysticbuddha2,515835881127567362
hannah_davey,514433435373694976
nappeem,514795436985819138
sonofkeef,514445471431929857
victorias_art,514534973899288576
lizardbe,514423152701870080
franziska_g,515183295039295489
laurenprice108,514791362680852480
cantfiggeritout,514419037795667968
hannah_davey,514424857761951745
aapremlall,514628031617724416
gkerosi,514432291276611586
andreamo_o,514493709531226114
lawrencecarter1,514417208723005440
katejsx,514443135339233280
goodenergy,514690830888472576
captaindraiven,514495219728130049
fedekea,514442106136297472
lonelyjoeparker,514448630195818496
sheilatequila,514558270921383936
griffinlisa585,514738769476739072
nappeem,514805914915061760
katharine827,514476556098351104
mikecoulson48,514451125073088513
greenpeaceuk,514433543192059904
nappeem,514801757101514752
griffinlisa585,514422837906771968
law247,514475612283482112
tiger_lillyxo,514425373485187072
cantfiggeritout,514420554573414400
greenpeaceuk,514480112746917888
biffjohnson,514494843691995136
pabloeustaquio,514475660098535424
yrotitna,514444128936284160
seyahjc,514425497473007616
definitelydavid,514710442330324993
sianhaestier,514451093896835075
richquick,514437146015711232
keeskodde_gp,514483477233037313
javiruiz20,514506533712179201
paulsaharov,515737606374432768
pickeringfran,514483712516313088
mister_spoon,514428655695826944
emilyirwilliams,514434217024176128
verbalfencer,514708904895590400
nyokabzz,514516670820671488
greenpeaceuk,514481032373207040
primate_girl,514416357128290304
kealey_beag,514691342937915392
brendanmontague,514449736028655617
robertperreault,514833411425316865
savethearctic,514439275291901954
wlgjcm,515206180608544768
lindaboyce9,514469502197575680
alisdair222,514538572557217792
dacorumgreens,514463304605908992
nick6sosclub,514436260291969024
real_trouper2,514496631467941889
greenpeaceuk,514423012494278656
action4animls,514427154843828224
liz56e,514493155761475584
gasfreeseneca,514833994266181632
natorvoen,514419548410630144
bielandbiel,514445582409023488
greenpeaceuk,514492587353571328
lawrencecarter1,514491288969027584
greentrumpeter,514444845499170816
ruthibrandt,514703213845839872
worldevn,514588879773773824
coolcatno1,514714602006147072
ocattle,516655536969093120
benzephryp,514464180515393536
benjiemoss,514442232410034177
duffy_katy,514424144935809024
gonufrio,514434966231736320
petercoville,514434385433477123
sharp1es,514713422529716224
sheilatequila,514558036782759936
nappeem,514801186713907202
someguymitch,514474684042448896
nappeem,514800700669571072
henhenworld,514444854835699713
kptz_,514747979173859329
chrislittlecott,514435127859228672
juliettelucie,514419599606312961
magdalrose,515672826515177473
alycebiddle,514657269393260544
greenpeacebs01,514497942259245056
jpofgwynedd,514483185850540033
1earth1sea1sky,514497402548781057
nappeem,514805639303155712
nappeem,514808576574234624
yaopapalotl,514548103664267265
lunararcher,514419558707658752
jonlake8,514720482906869760
nappeem,514792596007559168
choikepurun,514434386654404608
dj_robbed,514696356250648576
jaspiesmate,514445231282847744
ardalby71,514445016178360320
deanwmr,514500658892787712
gioyork,514707613292838913
sarahtoninmodel,515074880660721665
griffinlisa585,514422916713549826
dancas2,514425155682967553
juliewright007,514452277869178880
davidkesner12,514480088419938304
kajalodedra1,514448002602524673
kaceykells,514493718364430336
petchary,514423786524131329
gpuknews,514433177507868673
catswalkforest,514432088498401280
greenpeaceuk,514481214036926464
anneshirra,514466722582368257
thedtgenius,514455668271886336
occupycopenh,514425562308562945
scarvc,514444595468312576
gonufrio,514435153557733376
livingprocess,514448970567790593
tc232323,514451186909712385
christineottery,514417880889585664
swalegreen,514448850946240512
merylpinque,548117095154593792
vimtotattoo,514694223799812096
rockanroldie,514446715408367616
annabeljessop,514456200579002372
wdmscotland,514430572924796931
dirigeant,514457553078857728
britanika,514427929909272578
nappeem,514809148840882176
greenpeaceuk,514481017332449280
karenkraze,514523997787009024
petercoville,514434955636903936
indigodavei,514727618152005632
cmullin76,514666283204227073
sebastianbock,517632279003557889
sucker_love1,514881000053424128
dwayneroberts_,514694673953083393
kdavis_d,514525582948708352
scandoy,514425895030108160
alansandal,514469589275901952
tmconstantine,514691685780316160
jewelnature,514581552890523648
davidhuntsearch,514707397039116288
smileypumpkinee,514475650854703104
adamkeenan21,514501040314777602
torilife2,514475226521161728
cabradyp,514700401094848513
lustre05,514446232534532096
energeticstory,514702957485756416
convivialdesign,514714077223215104
kdunham4prez,514636487909187585
dave_chuffers,514459156615417856
positivelyjoan,514523961447563264
eastbournefoe,514499438921146368
greenpeaceuk,514709558770806784
greenpeace,514418486500925441
greenpeaceuk,514483827365146624
tonifischer,514496380409511936
shirleygreens,514447961108279298
pete_thekiller,514423468528381952
nappeem,514795106877325313
warricksherry,514516828811718656
johnyrockin,516361302806396928
marla4justice,515041395887730689
lokwauk,514447484039352320
humbergreen,514503824078561280
ardaljones,514487981168541696
medievalg,514443844579233792
lafabricadesign,514535143654948864
wirral_in_it,514448916633616388
nappeem,514806520325111809
ecoaddicts,514502786646818816
followthethings,514438016283475968
sylvesterwoga,514688808160223232
nappeem,514797521504579584
nappeem,514795232765173760
shrinkydinky,514470830315937792
nappeem,514807000447066112
ingridroyle,514470142680793088
ashwellcom,514473250537996288
climatemarch_to,514417168268550144
nappeem,514795194689277952
mwally72,514535031490879488
franziska_g,515268966810660866
aevgeniev,514757439502036993
canatecza,514714964935061505
mousermistyluck,514668542247981057
csibley86,514522931691814912
aldridgejimmy,514420269793177600
aaron_d00,514445386074030082
nappeem,514797437501046784
arbol_alto,514727715191402496
nappeem,514794641280208896
anthonyraecom,514455268701511680
peeweeburns,514496154407411712
outinafrica,514430557284208640
yrotitna,514692022272548864
geokitty1,514448010940387328
josselynne01,514454985216905216
greenpeaceuk,514420144517677056
kjchalvatzis,514541106189844480
australnature,514582922964516864
greenpeaceuk,514475590058266624
trist020,516387122840760320
woolytanis,514450657357479936
pvortex,514702986812354561
konzzy29,514423453529964545
nwoje,514441421085233152
tonybosworth,514422625872142336
aughrissligo,514677624900419584
arbol_alto,514444945768599553
cctne,514444415549456384
abbeywellington,514421162475286528
james_morgan,514420526681694208
hannah_davey,514446123071991808
kyyanno,514464960454623233
j9haaa,514447205625655298
whyattkate,514445053326934016
nikolaustea,514491657635393536
fosterfool,514474047271227393
nappeem,514795349870129153
meribelmartell,514963851646091264
cleja,514447576213360641
staircase2,514452036935380992
geoffstrat,514444977397825536
anthonyraecom,514455546821632001
eddy_1968,514455186857668608
carolekirk,514449647230672896
rightnowio_feed,514787838819594240
theweesessions,514735417506004993
nappeem,514800269629337600
oceansrichard,514419475769491456
brannusunyata,515283827321626624
cantfiggeritout,514477562056032256
osterlohmichael,514424164586102785
nappeem,514805065685934080
carly_will,514443041612906498
wearingjoy,514423470932111360
flight261,514703269244203008
mikerendle,514498244303667202
7zodiaco,514453388810260480
katalin_pota,514771199252238336
pq2112,514482016243712000
petercoville,514452824068206593
greendealshop,515154899919982592
miss_maryland,514428698129612802
parmavi0lets,514478635202662402
deidramayfair,514504543330394112
dazzyfoster,514479948569255936
climatemarch_to,514427445630349312
loppylinda,514449376140197888
nappeem,514503359001542656
stopsteenkool,514426707638759424
jaytiddon,514480609184342016
mary17soto,514449186566443008
genkigardener,514530941197647872
griffinlisa585,514731601549602816
alexandrajung22,514447057843912704
marcgibson,514725671659003904
angielitvinoff,514450643306565632
pippabartolotti,514453361454620673
yrotitna,516475629412569088
iainnigel,514758041061687297
surrey_guard,514433558505869312
kevallaway,514667399740534784
curlewcalls,515608263401160704
mudlife_crisis,514464940464152576
gparctic,514462685346693120
crguna,514420727240347648
amystr71,514477954047295488
bulga99,473939487995609088
sucker_love1,514830809048838144
lesleyrumary,514527251463815169
barbara3385,514696496554729472
itsupportcrewe,514493470640459776
jravenhawk,514441734387150849
sramlogan578,514472979888373760
chained,514499578067165184
batemanan,514702945905307648
ausconservation,514588495138938880
gpukpictures,514506598270898176
lizandmill,514582638368010240
joykcarey,514499934499139586
yerawizardchris,514490851163373568
finn_whovian,514477167670206464
parrythehoot,514445647689555968
khoudilove,514515034668814336
greenpeaceuk,514485123941949441
sufiboy,514523681662730240
lstrattie,514499596882804736
climatemarch_to,514417105165246465
indiheath,515263436608241664
sammilford,514670664674865152
occupylondon,514446847356985345
ailringen,514427746018406402
absagegrouse,514419831999713280
flipsville,514421472396591104
frygerard,514548180780736512
elisabethjane,514532732412903424
stewartbradshaw,514448396699303936
krsangel,514418973094727680
eileekiede,514483014978764801
sophie_ramsey,514417780855439360
greenpeace,514418769847132160
ascentamen,514483053159141376
greenpeaceuk,514479155576991744
tomas_bravo,514423641258221568
convivialdesign,514513807889399808
zzeeehhhh,514607910610276352
dractac70,514506108216811520
lordwalkiwolf,514478669268791297
sarcasmcat,514707212988841984
louby_blue,514500869115899904
greenpeaceuk,514490476356198400
thomasadams87,514511153738039298
naughtybrian,514446615185068033
scandoy,514424216100569088
flashingplover,514836492720807936
charlieeh47,514711390939271169
dougydrums,514488002543116289
duchessofips,514454713287192576
griffinlisa585,514486299554635776
narboroughl,514501471795445760
liz56e,514455916364578816
climateradio,514483126203318272
treyblake23,514445033559187457
honormain,514511858276270081
greenpeaceuk,514481280411779072
sharonkimr,514442842672869376
noe_rock606,514437934494523392
kropotkin39,514451931138240512
zzeeehhhh,514863058754486273
sharonwrdl,514457676626272257
denisecraghill,514447389223305217
hannah_davey,514433346672558080
ktf7,514449990375444480
hugobarton1,514885093958373376
garethwcleaver,514424119434424320
granniemandi,514419385880948736
gloryofhislight,514587259761606656
nappeem,514799386770309120
steph_ashby,514501554234466304
keikeibecks,514424396182589441
greenpeaceuk,514475816617775105
new2know,514896913238618113
whosyurtdaddy,514481111725252608
gsmeeton,514418114994667520
tompaulb,514504985380655104
soulburn5,514484101655846912
nlrjobs,514430183160709120
lauried45,514442804458971137
ninaschrank,514443579045842944
sadbutmadlad,514499167256068097
nappeem,514792507625193472
greenpeaceuk,514491874657456128
faeraemae,514531739784339457
camillaborn,514461830132269056
nappeem,514808060297371648
nappeem,514806384958140416
barbilucas,514704253546287105
greenpeaceaustp,514523610380124163
nappeem,514791479148302337
andrew_lunn,514443205543067648
samspruce,514443887172001792
cwalshuk,514444393164857344
nickpeers,514485326715564032
erlandh,514590039875915776
griffinlisa585,514731794508558336
forkare,515134352477274112
greenchampions,514445087632142336
gpukpictures,515158668388470784
cmok2cmok,514504115528163330
justin_woolford,514445001476960256
shaktilila,514447352015650817
timmorton2,514505032952471552
katejsx,514443177357737985
wayupnorth,514462821149442049
karl_haynes,514427655660122112
eriktuesday,514501092668080128
greenpeacebs01,514513462891147265
ruebrrrgrrr,514488193564307456
tapiolaakso,514445563358896128
griffinlisa585,516570093250441216
cartoonralph,514492958801149953
gavlee1962,514523788935823360
gtp_transport,514521129869135872
peterwestlake1,514463143603765248
hannah_davey,514435539945414657
avoz1,514766406806548484
petercracknell1,514472316189675520
sfitservices,514473087812009984
akylinat,514458488655728640
frenchredfrog,514419826472013825
victorias_art,514489362000924672
sylviajr,514448152037175296
c_mac82,514788099620995074
pantel81,514846343844864000
tigertaggart,514512525682302976
millypiee,514499871345479680
griffinlisa585,514486852234248193
primate_girl,514415934933839873
feesflowers,514705792273248256
greenpeace,514426601388662784
indiheath,514570733805375488
greenpeaceuk,514780761736884224
nappeem,514802142855847937
petercoville,514434446385487873
mzknowledge,515823317874257920
angelmagic123,514468384562356224
nappeem,514797997939785728
nappeem,514796613345505280
desireeguasch,514429914422849537
eastbournefoe,514492953365336064
greenpeaceuk,514478533025202176
karene1985,514451657657417728
twitlertwit,514627935987187712
bonkersnutnut,514444673327169536
plumbob_1376,514457821963096064
jimmyhamjames,514537526850093056
hakimyasin,514480523310141440
matthewsnedker,514724882572394496
yorkist1980,514484958539165696
telvari13,515043625923645440
nappeem,514806572514836480
jimjimsrs4,514492352321159168
paulh121,514472469650866176
agladheight,514423085895008256
micmic44_81,514544722186997761
amandanyr,514430042605379584
andiibowsher,514492011949223936
josselynne01,514726396116344832
moxnisi,514422416320503809
flowerboxorguk,514457230553280513
peteba5,514449814692458497
purrfectsocial,514474322329870336
griffinxxii,514453954403766272
carysroberts,514445619658637312
savanavr,514443154699722752
ccr20265593,514744112986071040
hannah_davey,514420976512430081
gyxk56,515814353950760960
hen4,514446402378661890
thejaymo,514427342463455233
nicseton,514425005774757890
nappeem,514793901199482880
zapaman,514435083705786368
el___rafa,514419146877337600
arbol_alto,514525155486203904
cyberdrivel,514500016384520192
carlyjaynehutch,514548758952955904
chocal99,514444030482976768
iseeme,514622703500681216
granniemandi,514818387797897216
ianhug,514470241066577922
sanai_starborn,514476092816912384
greendaventry,514479729798578176
go_athesia,514467864036642817
katiegoldstone1,514444386558808064
greenpeaceuk,514476059673509888
christo51710362,514751703682269184
linziep,514443626416336896
debbiew36246900,514559177457299457
danielheffron,514519726765387776
sharonwrdl,514458178780545024
millarisla,515085586143514625
katyarnie,514519181497085952
jackie79709941,514445228007116801
alexalexjwhite,514421937053769728
pekyamans,514499245899255808
bl8ant,514490709236535298
debbiehyde7,514450840862863361
foenorwich,514486819996450816
jaymz_hatstand,514498824145215488
neilaplin,514446337979736064
gordicans,514634090163613697
_mjolly,514462476025749506
_mrichardson_,514420592179965953
chiversdanny,514424486645755904
thesandlings,514464515489288194
claramelot,514446195368816640
zopai,514458644612907009
rjstrikers,514418773776793601
greenpeaceuk,514428274492317696
aepette,514773050005258240
angelafirth2,514670240668852224
greenpeace,514422530598514688
i_solorio,514424557034549248
ed_co33,514520647758643201
dancingcatman,514720408218509312
rafalphernelia,514445328263938048
greenpeaceuk,514478034813214720
roballpress,514485156972097538
leopardshas,514500091240275968
guayaba,514464056603062272
nappeem,514794686842933248
mittens57,514502551073730561
shonamoyce,514828948249649152
francineonfire,514479622948274176
andyfooley,514441824988303361
deividrs98,514426018669801472
christineottery,514423317626109952
freeunibrighton,514457336258502656
suzlette333,514580670874546176
frankcarnibella,514437356322312193
arbol_alto,514439001647087616
jopublick,514780932612435968
evdebeslenmeyen,514497035295535104
lizandmill,514578291248750592
bookandbiscuit,514524597551517700
angeliqueorr,514416144112164864
zoedurnford,514434427053940736
sscheller,514419526742839296
greenpeace_sout,514458728188612608
liz_hutchins,514420361891688448
drmupster,514501713362173952
cartoonralph,514703438316597248
tashafuzz,514453496414756864
mehuldamani,514465843963768832
djstiggy3,514965655230369793
plaintalking121,514488356911063040
judehider,514506512811573248
earthspiral,514461035303288832
karbon62,514443650416115712
josefinateresia,514730130342567936
cdtravers,514498672466604032
huwphuw,514456567815868416
thetrainnutter,514490534183059456
nappeem,514795009695309824
nappeem,514806898370306049
greenpeaceuk,514478936383057921
mayawasowicz,514422366655766530
nappeem,514797308207456256
empathiser,517329952094441473
ayeshapowell,514441857213157376
jenniharris4,514472115677200385
rob_oneill,514734771331940352
envjustice,514467228130246656
mattillust,514442906728275969
louisemrushton,514496797192908800
nappeem,514801145739767809
pet031960,514529415967961088
jamesangel20,514425756978806785
pete_thekiller,514423477588066305
trippyarsenal,514447472526364674
sarcasmcat,514702675959873536
rorogers123,514419479070400512
torlupton,514444926067941376
emmpeter,514426610557394944
lunararcher,514422708294389760
ian_clapham,514665450135777280
jomelpeacenik,514495357896896514
karene1985,514778164661596160
karsmid,514428430499463168
charliekronick,514455112282947584
nappeem,514806272957616128
ewajasiewicz,514463278790377472
_7ohn,514493728241618944
bellakalena,514442583938842624
a_nike,514444347329499137
pedrempel,514425049026412545
jsrailvideos,514532672203665409
smith121994,514847148438212608
nappeem,514793345747804160
abi_huxtable,514466515064995841
keithpp,514734249174654976
meganeleridavid,514445342251556865
politicallylib,514579076556673024
nappeem,514806833723473922
greenpeace,514418456578777089
nighttimenut,514468463021404161
linclass72,514488063285018625
greenpeaceuk,514492379647467522
zzelda01,514498567088906240
fjroossht,514524181229105152
laurenebanks95,514533668748939264
genkigardener,514530888231956480
brontewoodruff,514452960365907968
skinner_mark,514443275193683968
liamkhardy,514443181749178368
ukyccdelegation,514420750015791104
simon_vessey,515832555887923200
bliadhnaichean,514482288558899200
junstergram,514423758224760832
apogee711,514467246538620928
sherwoba,514459996491227136
paulsaharov,515737402397040640
davidaltabev,514422817245659137
rubylee__,514446917053341696
katemcnaughton,514446582528634880
stiggysteele,516751126629474305
hausenw,514441979514855425
goodshoutstudio,514448365535256578
nappeem,514792429514686464
nappeem,514801422056296448
paulsteedman1,514857211680804865
griffinlisa585,514486631500623872
ecoeye,514433420118597632
timmorton2,514456081322373120
mikecoulson48,514713410576326656
pat_alx,514488964871626752
granniemandi,514461563353575424
climatemarch_to,514417247775752192
enfermarebelde,514499961191690242
nappeem,514799731256864768
jperaltarmono,514524160811630592
sianhaestier,514451455248707584
arielpereadiaz,514476459113840640
jamesangel20,514426485227388928
griffinlisa585,514798981852180481
nappeem,514792312946585601
unicornkisses,514588786907308032
christophe_patt,514467864867512321
domesticbod,514469165839556608
gpuknews,514446649650085888
sarcasmcat,514439567685206017
hypolytaviola,514443326553354240
adrianwindisch,514419515875414016
tc232323,514449282741850112
masdelaestrella,514448935641833472
greenpeaceuk,514481289962196993
alexyoungman,514497069554597888
fastestfredy,514716822541987840
jean__holland,514551649969254401
reallyglobal,514421809291485185
vco3,514443614491918337
ermionei,518549692196474880
greenpeaceuk,514438135275454464
studio419,514431458883424256
riturajphukan,514453040875597824
positivelyjoan,514525014565982208
glentarman,514421055193382912
rossithoms,515148811568549889
greenpeaceuk,514479779446546432
beautywolfgirl,514448056398258177
greenpeaceuk,514750273932120064
sweetplumdelena,515836473481101313
aphroditesexy,517229534899224576
stevenbarber63,514544788658348032
yvettes1202,514908665904513024
dougydrums,514487417194446848
apogee711,514426391052304384
guyshrubsole,514417920135671809
konradius_i,514481662604767233
nappeem,514801577732100096
green_europe,514428573424553984
jackfipsyphipps,514476202896404480
iainfpalmer,514423427185532929
anthonyraecom,514455683568529408
minicoopers70,514529290650939392
curiousyetlost,514448282358009857
tuskeu,514800124158308352
_robsheldon,514465653609074688
planetkooler,514699907887009792
sianthomas7,514445171207852033
shirleygreens,514493385030524928
57ombre101,514425409505865728
ryantbooth,514463787999854592
mtrousdell,514652007853223937
franziska_g,514802589037514752
cantfiggeritout,514416099434049537
lawrencecarter1,514459274945499137
luzbovo,514587137962827777
sinisaarela,514443763108696064
johngrocock78,514505090905149440
vkaufer,514466691284082688
disfela,514429521349472256
joanse45,515532470326812672
sylviabaker3,514507130573815808
loppylinda,514420642981380096
erinchsahan,539850871191117824
nappeem,514796109374705664
badgermash,514690703558213632
slithy2003,514442780077068290
greenpeaceuk,514416599915585536
climatemarch_to,514424027608145921
pirosyklone,514423350685630464
bliadhnaichean,514482351611846656
nappeem,514798158673879040
raeannvalesquez,514447631264002048
meganwilliams97,514689841515491328
ee50fan,514533648318873600
scandoy,514426247804628992
beldumont,514457077478330368
greenpeaceuk,514433067625488385
djstiggy3,516745638131040256
spanishcountry,514873427174232064
manxcat637,514448517142552577
cnotag,514722358645772289
moonfilly,515452649823797248
ileanathomson,514466954359234560
greenpeaceuk,516358862459658240
green_dannyb,514450306185560065
sinnaluvva,514480922625081344
mbroberts4004,514542952203698176
ukgaragedoors,514699834159529984
lawrencecarter1,514432957483081728
greenpeaceuk,514480517774077952
footprint2wings,514872157621719041
greenpeaceuk,514418614859223040
_charlotteadams,514449479135547393
thegeefunk,514462915114450944
sadbutmadlad,514498657199333377
burpeesrfun,514559349554171904
mhehedzherting,514505842658656257
hunty155,514447322034749442
ioannabibi,514449814495301632
susanfairweathe,514469851448872960
griffinlisa585,514438134403465217
m_sherrington,514464511630536704
carolinehallida,515071708298870785
blijvisje,514446304937009153
ukyccdelegation,514422678414172161
elenapolisano,514420555370336256
greenpeaceuk,514485629334614016
nappeem,514793713974128640
watlingtonbloom,514499062884605952
stranger_poetry,514427968886939648
nappeem,514797132868767744
northumberwoman,514461935857704961
shaktilila,514447384244674560
michaelje67,514516398002147328
climatefast,514525894375772161
philfletchx,514556978765365248
nappeem,514798050787991552
gonufrio,514434992416772096
nappeem,514793218874310656
rabthecab,514556731347582977
teagromit,514832228715474944
mz_arabella_4,514423547734024192
catalystearth,518534527153872896
themushypea,514503639516594176
ianscrimgeour21,514776155845431296
allyxby,514476671945424896
greenpeace_roma,514717217502818304
differentmale,514415947709710338
lawrencecarter1,514440643402563584
griffinlisa585,515094368949374977
milanaknez,514418802357194752
greenpeaceuk,514427171574530048
nappeem,514796741858951168
robdolphin66,514444711818297344
elainegilligan,514421850240450561
ruthmen,514563108912656385
flez1966,514481312523354112
greenpeaceuk,514462265148325890
nappeem,514800405411540992
nappeem,514793827958550529
skorpionek,514689259186311168
savanavr,514442889271975937
rawofalioness,514442902085193728
nappeem,514797478529732608
heckm42,514671363819175937
gomorley,514452052294914051
luisantonia,514525583523328003
victoria_wilken,514449648682287104
winterthur,514498410200580096
nicseton,514687877746532352
hotfryingpan,514506115510697984
greenpeaceuk,514476771820183553
greenpeace_be,514722347908366338
lauried45,514437850054819840
eleanor_res,514786331244109825
slicedtomatoes,514459113909415936
donnygeologist,514472033783382018
nappeem,514797565611872257
greenpeaceuk,514476150568275968
griffinxxii,514449298889510912
ale75meto,515991738184257536
gagerw,514491012983439360
hunty155,514469638126972928
andrewwagstaffe,514556907084734464
rorogers123,514421103264268288
83stefy,514419288254717953
jackjones125,514458500617875456
debsf319,515893887286513664
greenpeaceuk,514479396905025536
gavlee1962,514472446204735489
apogee711,514421727946760192
carsorourkeo,514440807026556928
24_anneblank,514472452231950336
angelafirth2,514671469499281408
deb4tune8,514676774337118208
darrenmarkevans,514688761427689473
janmobrien,514506751320670208
griffinxxii,514449783700746240
greenpeacebd,515308854263824384
richardcasson,514708824566267904
nappeem,514793947437465601
creamjelly8,514422749725749249
pfafc,523390282146914304
greenpeaceuk,514416436585172992
joannadkerr,514498179191287809
tompaulb,514502010537009153
nappeem,514799483436404736
lippolds,514453230399393792
dhmhtrios1980,519976637178200064
violencefreeveg,514444539541458945
greenpeaceuk,514431257858412544
greenpeaceuk,514508832048160769
jdblanken,514422483303542784
silmalo,514475677244862464
tayloruly,514706695319470080
_robsheldon,514709439010439168
yeldirnna,514642718287724544
bencooper,514416981521727488
nappeem,514806944893509632
christodemp,516388460773404673
y_not_music,514443367363923968
karene1985,514476095014731777
hannah_davey,514502896604676097
nappeem,514792688210964481
museumofginger,514445912912191488
nickcary22,514908149812568065
nr_odedra,514452493414445056
nchadborn,514481591696252928
kdavis_d,514525633339068416
hilalatici,514418343999438849
victorias_art,514489466879483906
sucker_love1,515298593553403904
kevinjgsmith,514802896022802432
eco_sean_uk,514502880293060608
shahh_zara,514482766537580544
debbiehyde7,514485422341513218
smnrtrt,514459310051819521
occupylsxenvtgp,514540760822054912
bliadhnaichean,515094371226902529
wendoureeswans,514454209752616960
griffinlisa585,514471226556043264
jonomist,514419132901912576
raowaraow,514530821898649600
ninaschrank,514444022166069249
peterspeller,514422684365901824
greenpeaceuk,514446686681194496
arbol_alto,514517729370730498
jumpforjoy89,514495510770491392
greenpeaceuk,514688847213789184
hannah_davey,514419915445768192
gwyfynmoth,514716137427185665
007rraayy,514716064370810881
pinkroseit,514423274693210112
lawrencecarter1,514421631616548864
brockworthbajr,514459851259658240
corrisanne,514503556619964416
yogayantra,514542059647016960
george_jibson,514476646590844929
honeydawg2010,516549008970379264
nappeem,514806107295219712
jangannaway,514457794163269634
kaahdar,514509320999153664
annhalam,514455091030392832
lobbycomm,514442318817267712
wisemoonwoman,514480356989628417
elainegilligan,514502850236665858
elderflower79,514836160506388480
redeynaseem,514495498489978880
steviekes74,514441086618464256
climatemarch,514772146842001409
greendaventry,514480912856547328
endtheageofcoal,514532777463513088
legsmachibne,514443769962188801
jcrgordon5,514493683790409728
windsong58,514567405536690178
nappeem,514795742209540097
topcathughes,514427162787872768
evehrome,514442229088145408
susanwinters01,514479081640165377
tomdcpeacock,514526447013081088
bobrie74,514446545190936576
dudds,514499432667443201
marleybennett,514422140926713856
transitionlouth,514486734156222465
hjw28,514499909501087748
peterwthompson,514695345909936129
meribelmartell,514963828946522112
gmulliga,514444490283573248
troybeast,514423527081254913
gsmeeton,514705597141626880
fressoy,514426783266258944
joesmyth,514431615708446721
tomvwoodcock,514704358798139392
curious_places,514476591075053569
centrifugekyle,514523429031010306
relegacy,514712724421754880
dacorumgreens,514462458300620800
duffy_katy,514424020889247744
greenpeacenz,514495693109878784
paraisonofiscal,514423196712701953
tppk1,514483400313298945
casgood,514806051028217857
blackoclaret,514508880001654784
michaelwmassey,514421751607201792
eastbournefoe,514694209174257664
ailringen,514721888439107584
60angryinches,514794442667356160
hannah_davey,514419839235276800
noiselessruby,514436410338967552
jperaltarmono,514523906750046209
andwcampbell,514420894467256322
kangaroocaught,514456685776089088
peterwestlake1,514460763453685760
rodhughes171,514444309840801793
bobrie74,514446321630347264
owenevans76,514519490940665856
humdiha,514468216760844291
tristantiteux,514627125643448320
sundancer_uk,514455535769251840
mpbaz7115,514449742562983936
shaktilila,514446612190736384
greenpeaceuk,514424196345364481
nappeem,514792967526445056
gonufrio,514474695798697984
angeliqueorr,514450979354599425
lindaliberates,514487081767538690
maddingcrowd07,514473618038730752
lindajohnsart,514688681026674688
genkigardener,514530866597740544
robinjperkins,514419769064579072
conor__irwin,514473031478296576
swoody1500,514517870869753856
tracyjellybean,514471824818569216
adamroxby,514490495347982337
setalyas,514449373703700480
liz_hutchins,514424904239038464
someguymitch,514425628997976064
arbol_alto,514759737859395585
greenpeaceuk,514760881935491072
gobhoblin,514416786092347392
mikefincken,514492406029238272
12anewbeginning,514440456768212993
music_bradshaw,514479204373499904
gaianicity,514451990080786433
unanoble,514521785295835136
antlegrys,517246516323311617
griffinlisa585,514439464182358016
michael_bassey,514537430519517185
elenapolisano,514499130664554496
_thaliastep,514505535639805952
teggieboo,514451506356322304
jmphillips92,514464714462482432
_jane_berg,514493904541204480
paulahdal,514485619829915648
percytoplis,514498184127987712
janekeighley,514418125350379521
hannahseunoia,514464067164311552
partoyster,514496047586897920
shanegallagher0,514496281331638272
rosebonecrone,514454030123159555
strahlemanderl,514486282345795584
greenpeaceuk,514493190368669697
robertodcarlo,514799524078841856
mayawasowicz,514465642465210368
suzykenyo,514548361354301442
sinisaarela,514443182373752832
victorias_art,514488735678091264
josh_barker92,514492622950641666
pete_pixiepete,514493788497408000
_alex_santos,514715524442632192
greenpeaceuk,514482901984219136
tony______,514445896767905792
prayasbadhala,514419884886085633
katjacarson,514508713777188864
m2momemtum,514725640822472704
zzeeehhhh,514607852733079554
big60thousand,514802371252473856
carbonenergyex,514429220316262400
elisacaton,514479801399140352
partoyster,514434472544968704
andreafanchette,514444904009699328
peejmister101,516621465245196288
kptz_,514836281566965760
jennyhmccomb,514424676811276288
nevafreche,514454909740388352
yorkssouthgp,514425769775218689
kuyounggreens,514475929373249538
letterinsweden,514521266641199104
healing_needles,514704235233959936
amandahunter10,514423820032434176
wwwfoecouk,514421351344799744
simonclydesdale,514429042465185792
dom_1974,514424700131614720
cartoonralph,514492624204734464
janesummers4,514457385965199360
ukyccdelegation,514452421373067264
lisashawwebb,514467384263204864
nlifepaints,514449658794373123
griffinlisa585,514464298304020481
greenpeaceuk,514463350722691072
jacqs70,514444922351804417
cherryadamson,514493857208475649
ftfilm,514477890319441920
dixonjonathon,514512499203661825
partoyster,514685293933649920
jimmythereach,514474276993650688
klinaj,514552701699379200
wilco602003,514683892414955520
london_blood,514463555400531968
shaktilila,514471312178565120
narboroughl,514500874878857221
briangr02309537,514468840416477184
nappeem,514799854120632320
andreasmoser007,514419262996623362
nappeem,514798421635780608
johnfaulkner17,514495555431444480
teggieboo,514500612923592704
myriamdimaio,514666210576039936
danharvey,514528818124427264
slaterjas526,514606363071479808
jessicalennard,514422667370582016
antoniawrigley,514518046179086336
eastbournefoe,514493020113481728
sondhyagupta,514448347097497600
wiggoaugogo,514524391908974592
57ombre101,514425450127695874
gpuknews,514461988651798528
considerthis1,514478749883301888
ferrniga,514458369617584128
shantami1,514839492201418752
malcolm_sulliva,514688518363566080
tapiolaakso,514462587292246017
casparhenderson,514691671603548161
febrinarti,515085960074113026
barbara_corish,514568663069110273
dynamicafrica,514431197225959425
eonnewsnet,514447983124152320
andywimbush,514439421240700928
michelcollin,514478469489512448
ontarioclimate,514428921274568704
isabelhausvik2,514429347500163073
2queersonabike,514444261102587904
batesjenny,514423749534552065
greenpeaceuk,514458961136091138
griffinlisa585,514494198092161024
bethgranter,514449020748832769
ferrniga,514461794761703424
brunoninomis,514444896535474176
zzeeehhhh,514607809045221376
ts_tid,514430590536650752
mickeytakers,514523607570321408
rawofalioness,514443010008829952
mjwalexander,514456301674323968
michael_daw,514462365832994817
swoody1500,514518864307425280
iwechsu,514432263954907136
camillaborn,514463307299037186
footprint2wings,514872401289830402
johnholton777,515084219400212480
jaymz_hatstand,514506063098695681
timfox3,514749890560552960
szeitblom,514462340151267328
j9haaa,514770788075851776
chris5547,514447667812773889
greenpeaceuk,514493475224821760
greenpeaceuk,514474106348388352
gelidfields,514548434682920960
deanbowyer1803,514704428705013760
kimwheeler54,514464486485266432
sucker_love1,514765623667478528
athakur98,514545241278263296
platformlondon,514421579342938112
a556action,514708066236108800
econlight,514521864773726208
arbol_alto,514433419195850753
esa_seth,514457023967023104
right2leftuk,514523450921070592
greenpeaceuk,514475390195486721
chrislittlecott,514435173434556416
eileekiede,514441924879855616
nappeem,514797639234494464
chris5547,514447757516357632
asrull_david,514453017114861569
hector_dml,514421008355188736
nappeem,514802258333405184
spiderzjay,514472981251489794
richardcasson,514433578122616832
vibes333,514540474569220096
treweekk,514548470808850432
zhalli1,514634008085270529
neilcrowley,514552400514777088
el___rafa,514419172802322432
johnackers,514443167160995840
joesmyth,514523262286856192
phoebem_sei,514445881668812801
petercoville,514433065431883777
elaineniblett7,514448210127896576
differentmale,514417844512370689
its_not_reece,514450019383255040
jon__nash,514550634163752960
claire250482,514757344895717378
veganette1,514522219997716481
billnicholson41,514720960948080641
arismendijob,514962502686609408
hakimyasin,514480038456987648
aldridgejimmy,514424826615054337
calumpublic,514518002679947265
bbernatr,514489731514916864
judithtooth,514446346670329857
setalyas,514443810110455808
nappeem,514798983928360960
ksafwat,514451146191036416
petebuckenham,515274703016329216
lawrencecarter1,514719957188616192
guyshrubsole,514428166610649088
eaglesandrew,514529016968015873
nappeem,514806039901118464
sarcasmcat,514418153666150401
lizardbe,514420787579998209
frenchredfrog,514424596964331520
vanstreetdog,514579764359606272
cantfiggeritout,514447653606662144
von_tweethoff,514716269304885249
paulsaharov,515737682895314944
nappeem,514796856757743616
hannahseunoia,514451167230033921
jomelpeacenik,514518105960505344
majaderix,514706193047367681
aheart4all,514422747142033408
greenpeaceuk,514426381762318336
exeterfoe,514505022747713537
guyshrubsole,514804823406157826
owenevans76,514516925637230592
chris5547,514448213403660288
hannah_davey,514419931019247616
alannasaudade,514853117712957442
llovelymummy,514493670825795584
dpcarrington,514419376414801920
nappeem,514795269545005056
deemareegapeach,514757506300911617
climatemarch_to,514422346010988544
maddox550_,515291614726877184
_hope_in_jesus,514459365571837952
markallmiles,514572806961786881
mikesnow9,514818328796229632
hz4,514459210872913920
first4solar,514421982377820160
the_loungefly,514526298182397952
fishydick,514444641002070017
susanwinters01,514534171436666880
nappeem,514797748164390912
vegcornwall,514451395232399360
sebastianbock,515057523531866112
zzeeehhhh,514607828074762240
food_for_all,514446886322061312
communicipalist,514651847626211328
jacqs70,514444783553884162
renatetischler,514444065010905088
walthersandy,514443566618136576
anumater,514665350881767425
justin_woolford,514445283862654976
stewartbradshaw,514816250959380481
dilmh,514495536871665664
housesarehomes,514710733037502464
granniemandi,514464240628146177
velobin,514494778088894464
jly1960,514474450465849345
shales73,514465259974053888
global_hackers,514504575207096320
cloudscreek,473846727967924226
frenchredfrog,514416978325696512
dazzaross,514519081341292544
vikkik88,514526324065447937
whimsicalnights,514454966896181248
sealheartrobin,514461485246844928
fradgie,514486899470520321
pantel81,514846362979303425
jomelpeacenik,514493587791552513
torlupton,515196758599933952
fjdhorn,514481937621483521
sneubron,514426050944978944
eonnewsnet,514442579728166912
bamagram_616,514450726110498816
monkeynutbrains,514693111440633856
huddstales,514447166426075137
markreeves001,514504846552989697
kdunham4prez,514636407684751361
caneurope,514432980035858432
nappeem,514796269500661760
donnahume,514492100503961601
lesleyrumary,514723192946970625
xiodus,514421538485858304
rewardconsent,514614844180664320
nappeem,514807454102990848
greenpeaceuk,514479936317313025
badgersaviour,514448664555577344
nilantha722,514498652044550144
robafrosty,514480757767962624
rorogers123,514420545375727616
hertsengland,514461624069931008
paris_a_m_,514750986699550720
greenpeaceuk,514453516492873729
peppermint7gems,514886751597240321
nappeem,514798595326115841
ajaban,515206640652804096
nappeem,514796971979440128
keeskodde_gp,514483626986070016
djcolledge,514478355656482816
stuartart999,514492698347073536
hannah_davey,514427286859567104
scrutinising,514454084468744192
barrycusack,514790051461746688
greenpeaceuk,514485200697688066
jeanmclean,514442308880957440
dom_1974,514423732954476544
micoxx,514443279589330944
granniemandi,514480273980149760
sideshowtog,514447114399539200
nappeem,514796023773155328
eastbournefoe,514708311162494976
callumowen23,514472773956423681
griffinlisa585,514437901611196416
humbleetc,514494627437899777
jessikakenlea,521106826415579136
antonetticinzia,514503211151925248
jimbo911,514432979494785024
emmpeter,514427431231684608
emmacameron9,514459788236054528
greenpeaceuk,514476359662714881
yrotitna,514445843370221568
nappeem,514798201569038337
garycook0598868,515122949532049408
lmkstacey,514740535962386433
indiheath,514912831192723456
nappeem,514796437792915457
china_bad_karma,514689433812361216
we__deserve,514450499400392704
griffinlisa585,514422517059309568
jeshuamaxey,514442179536625664
hugoperks,515181835467247616
griffinlisa585,514785263248478208
jumpforjoy89,514495293875036160
nwoje,514474330026414080
africagreenmedi,514717992656334850
defaulten,514471869630914560
boxbroadie,514449873614020611
wallygridboy,514500867119386625
chokeym,514468606454026240
matthewsnedker,514473371623776259
chloewhipple,514488587031949313
nappeem,514792888530898945
mskerrylewis,516861252505960449
lisatd84,514502379128242176
grannygal,514522105338019840
storiesautism,514512576999604224
phalantos,514451523187650561
pete_pixiepete,514448110895267840
ultramarine9,515221840671682560
nappeem,514794831789694976
haroldforbes,514808730211209216
greendaventry,514486629105688577
carmenstanescu2,514450852401012737
nappeem,514808213620162560
yrotitna,514482393496166400
bliadhnaichean,514482320863399937
sonarfreq,514443026060419072
____lara,514520534420566018
griffinlisa585,514464200404766720
hmeresman,514741658723053568
greenpeace_sout,514458661855723520
aldridgejimmy,514419320731230208
eurobob,514425253024788480
daftbeatles,514521583080075264
fressoy,514423971006398465
griffinlisa585,514463714033283072
daliluuuu,514422705987522560
allhallowscafe,514457205840420864
josephdonohoe,514506121303035905
andreapolden,514444876818051072
stefan74uk,514477596533604354
hector_dml,514420940659113984
juleehaaa,514432059268280321
10th_man,514811721945325568
mikecoulson48,514495637162065923
teggieboo,514433888643727360
mspasty,514463307164426241
flashingplover,514835878561071104
khaira999,514511917457879040
airportwatch,514508722710667264
nappeem,514794878937890816
jj_thescofe,514514105009733633
_bluebeard_,514510713461932032
cyrillecormier,516382036190576640
j0e_m,514423534370951168
liz_hutchins,514425093347635200
siriaburke,514704153877024768
hamdiyaosman,514469959100284928
kdunham4prez,514636452895162368
equalscic,514771978020855808
joanna_davis_ny,514475260461457408
judenonesuch,514929840546258945
thebeardyguy,514430549226950656
hannahvross,514449114046935040
millerniumtwit,514457071023321088
nwoje,514440990779011072
leanoraw,514481423818833921
angcleeve,514806865201356800
nappeem,514794488553041920
citizcoalcncil,514864571170172929
nappeem,514805501105016833
ciaociao65,514515444783652864
realjudelee,514529386091913217
javiruiz20,514507731462799361
andyjameshicks,514530121748082689
meraud_hand,514451291431763968
brothersurplice,514456291897384961
margolu60,514506257584377856
griffinlisa585,514487185828237312
greenpeaceuk,514477998423408640
chris_heavens,516466647545417728
imogenmichel,514698249983504384
greenpeaceuk,514477802297786368
christineottery,514434417629335552
thelizbeth10,514436529608212480
dog_faced_liar,514451494272507909
griffinlisa585,514438223511437312
greenpeaceuk,514490457221767168
ioni8,514447721764122624
goodlegs,514711681583566848
kfbphoto,514449172812931073
frackofflondon,514435861191356416
ianro_s,514422453851131904
nappeem,514793047318876160
theoriginalboo,514452370215149568
rivkargh,514468587856465920
budhistrider,514427793963499520
dansolo,514452733521563648
emz_connor,515129135534841856
mysteryves,514475313628073985
howardjohns,514867011600809984
summerflower29,514526205429555201
mowglimae,515822534420611073
evie_adams,514500665234956289
dominicmhinde,514462362490114048
noiselessruby,514700078905561089
greenpeaceuk,514492987037212672
spatialsyndave,514437774007865344
shaktilila,514471221665476608
greenpeaceuk,514422301396566016
hannah_davey,514422413095088128
thia_jones,514441094570835968
edible_cities,514834654780981248
paulsaharov,515737630940491777
benjishucksmith,514475314211475456
bagzeus,514468890932305920
mz_arabella_4,514423094115831809
chiversdanny,514422402991009793
noddingdonkeys,514748261371244544
sarajeaniexo,514541608550039553
sbatch1,514478217928130561
maxtheaxemalone,514769949605519360
_bluebeard_,514510675935518720
ckrosslowe,514451588019392512
turncoatveteran,514476996689428480
greenpeaceuk,514492284461932544
vikki4mdnp,514501759084265472
crtosh1,515091884990300160
tuskeu,514709319829704704
plaintalking121,514485706136506369
dooxoog,515398705835675648
amparopiedrahi1,514795176993505281
nappeem,514802018675093504
bibocasp,514471520173711361
nappeem,514797851810234370
sarcasmcat,514417190456811520
luzbovo,514932434316439552
magnuscarlbring,514472019170455553
andrewwander,514444483111309312
nicolabairduk,514709187847540737
greencatherine,516386516960960512
geokitty1,514448265215873024
michael_daw,514458056525365249
freedom24571,514493762006163456
johannesdreijer,514422613222113280
marina_perotta,514492361423212545
sineadbks,514534997869723648
katiefj,514496216106029057
aughrissligo,514677131860013056
lukeewilliams97,514478973292912640
shantami1,514539290236162048
angelafirth2,514671532048920576
ramkirsty,520466099847303168
beestrees,514685746234404864
dawgearth,514485793243422720
stueyduvel67,514665871340351488
savethearctic,514467927538798592
paulsaharov,515737674267652096
mikecoulson48,514475798989139969
boriswatch,514418296234733569
kingofcabbage,514776928814108672
nicseton,514417814787354626
savesomegreen,514732340330123264
ashishfernandes,514424742980620288
lucy_mathieson,516646750413942784
stolensweeties,514487180392411138
gaiabird1,514505950276091904
doug_parr,514438716618985472
shortstoriestc,514715538841677824
hlynes,514421561252540417
lidad66,514728091554680832
pauloadario,514442964622249984
magiclanternman,514481273843113984
mrspwoman,514421308609007617
ajayleedsleo,514424781140426752
mxrashiid,514448308433989632
str8_bananas,514474645014478848
seanapfelpol,514423523952328704
sandysmw,514525623851552768
considerthis1,514478594467586050
fradgie,514486947709190145
nappeem,514793537901461504
dawnfamily4,514475258393686017
jf2811,514723896520499200
greenpeaceuk,514494419681439744
subtleblade,514465580964143105
ivokainkrieg,514482355256721408
lesleysherrard,515111523463622656
jjrailfilms,514504224202186752
sebastianbock,514430827300941824
greenpeacepix,514806820297535492
nappeem,514793999815946241
deivfur,514710399447351296
victorias_art,514712060480192512
arcticanaudio,515183376354246656
paulusthegnome1,514678181559685120
gpshoreditch,514429035762712579
bobs_slippers,514433778593579008
veritasch,514537050389762048
bruceeggum,514421677229608960
foenorwich,514422537951125504
nappeem,514797032318713856
ocattle,516655610310692866
trishteachermum,514805649851416576
clairebarry19,514471770640769024
neiallswheel,514442938525687808
greenpeaceuk,514492770372038656
luiszq,515317290200334336
greenpeaceuk,514449408344465409
liz56e,514491750698987520
differentmale,514417815760412672
alexyallop,514430337917927425
someguymitch,514482593199558657
bernardmenthon,514443066112212992
franziska_g,514713847161446400
epenno,514461092060221442
nappeem,514808168850157568
lippolds,514451835436818433
siobhanms,514466899833651200
ailringen,514427537330810880
omsalem_q8t,514632274432651264
tomvwoodcock,514701994062544897
teebizy,514898417764818944
rulxrul,514421764458164224
rorogers123,514419963617345536
izbandut54,514491504518529024
jobstvogt,514461215872274433
scandoy,514423555371835392
gazzcam,514435034347241474
wacky_will,514424515678715905
greendaventry,514510301698732032
shaktilila,514471248559341568
alebytes,514437001064747009
nappeem,514796808040898561
gnarhobbit,514441497580937218
griffinlisa585,514486722483474432
sebprost,514649025812135936
charlee1959,514429950418755584
janiepieengland,514747693202042880
glennmartin56,514470868731559936
nappeem,514805024862769152
jotyabji,514447177801031680
meinbrokenland,514427539759333376
sharonwrdl,514458253606916096
julesdaniels,516733966070476800
museumofginger,514445869165588480
omarshabbi,514424547949703169
linclass72,514492465995579392
ingermolndal,514465726447763456
firstoracle,514474090594181120
thefinetuner1,514457212279087104
drboiler,514471629863133185
lidad66,514727958771425280
stnicksfields,514486256877584384
askthensa_,514760579097956353
greenpeaceuk,514484478706974720
sarcasmcat,514527706537414656
nappeem,514796203067047936
nappeem,514801922055110656
zoedurnford,514446224666423296
nappeem,514804712143851520
smartcitadel,514690679981633536
cartoonralph,514507983980863489
nappeem,514795153396355072
batchelorphil,514486163734683648
sneekypixie,514561062989877248
hmcasey,514484692977205248
arbol_alto,514421866753433600
j_chatterton,514446722131832833
greenpeaceuk,514415892105814016
eonnewsnet,514442728516902912
gemcos12,514418920414257153
wphendriks,514484828247306240
airportwatch,514545626001211394
judealdridge,514498328768565248
mikecoulson48,514503473979990016
georgeramsay,514803790009360384
larossa05,514449025148661760
louiseweinzweig,514704501261889536
geoffscameras,514452708275654657
kerryleecrabbe,514450333167132672
climategeorge,514839073417347072
arismendijob,514962470180765696
redfoxcountry,514420545853874177
punkdotty,514485914785939456
john_lloyd79,514494039522304001
nappeem,514792831630979072
occupylondon,514422556762595328
angelafirth2,514670631921922048
progressbfc,514502339064246272
nickgerritsen,514508141497556992
yrotitna,514447202320916480
reneepfister,514503967812775936
siobhansands,514444285794459648
nwhitbourncopy,514691603139530753
sonno_x,516376328895864832
ecochris_todd,514740587514568704
chrisbrowncomms,514506757960638464
studio419,514432141367992320
madzgracce,514718943769292800
pompomgraphics,514421825594736640
christinepawson,514468919545847808
khoudilove,514488157489086464
juliawakelam,514514914803986432
titoelmasduro,514823362317930496
hannah_davey,514431080192282624
downalip,514497883630870528
acrenata,514430019498946560
judidon4,514452932427669504
jaccuse1,514441899512307712
climatebham,515125761921921024
greenpeaceuk,514427105174499329
harsuam,514474264552931328
griffinlisa585,514422420128944129
zolawasgod,514445669579251712
antonfrench,514443257997033474
gavlee1962,514523700423442432
nappeem,514801704639164417
emmpeter,514426993015005185
flez1966,514481384434720768
peacelinks,514464516650713088
flaccoal,514772240521367552
wrknclasscholar,514419751997562880
paulbazely,514731941329776640
nappeem,514795937836040192
pvortex,514703487343804416
marginauto,514437166580387840
cmcalister79,514442906837712896
christineottery,514417612764479488
gp_paris,514545265903407104
retiredmiteach,514427570985893888
senorjoel,514584738200170496
nappeem,514794452163244032
croninsfc,514474767466758144
bingleyshep,514428451412246528
meganwilliams97,516860481844563968
ontarioclimate,514428871819542529
greenpeacesi,514424676748382208
jonathantier,514448183351472128
pompomgraphics,514420749873188864
carlkatter,514590534619258880
nappeem,514795059674628096
uriigomes,514456736254935040
luiszq,515310040610115586
snymartin,514698578691100672
carlylou_89,514719662102556672
herbivoreghost,514818856997908480
greed2001,514456571515252737
loopylisajane,514806385083949056
thorium_wf,514421464003776512
greenpeaceuk,514426743646466049
angelafirth2,514462338498707457
petercoville,514444828344860673
jamudd,514600667139559426
lauraoncesmilez,514508490887270403
sideshowtog,514445737871286276
carolangelo,514559397788663809
fulmaravenue,514829194790850560
anotherquaalude,514480035429117952
lbrantuas,514517745669390336
quitcoaloz,514588751897452545
enviroperform,514458145368731650
karenagold,514582999199801344
britanika,514480088520622080
benayliffe,514422264004366336
aevgeniev,514757764543823872
jennyjonescx,514428576817758208
sebastianbock,514433174500548608
makingyougreat,514451524312129536
terencewiehahn,514733152498356224
indigodavei,514444872447967232
jennyjacobs13,514458997563224064
geoffbeacon,514726372078387200
trendslondon,514447022733029376
jperaltarmono,514523929424044033
andyrose12,514420040079523840
sdchamp,514676466890452992
luisantonia,514526411986464768
keithpp,514527359341318144
shooshooshoo,514451608491397120
bernadettestric,514442874549972994
greentssa,514833305653743616
dutchjim1,514468003396591617
reneleonhardt,514432701626347520
flugennock,514455440093356033
nappeem,514795487149690883
hannah_davey,514502616307732480
nappeem,514808644232572928
anguelgiozov,514492139812573184
nov82_ea,514535396865490944
erlandh,514590301919277057
nutritioninyork,514691809239261187
roballan4,519427146834776064
greenpeaceuk,514479907880329216
lorirlopez,514619216956125184
aaron_walters,514447042434052097
le1lad,514442379198496768
judealdridge,514462457063297024
jackiedel,514618334076088322
beehappymusic,516611981781254144
entershikari,514532231323598848
nappeem,514796488569139200
jar_climate,514711243567812608
rtcc_megan,514724511586205696
arcticanaudio,514722581199749120
arbol_alto,514517531160477697
nwoje,514436959562129409
nappeem,514793746236731392
activismisnow,514436619173396480
plaintalking121,514487327251365888
drianinc,514498347294793728
britanika,514478814769188864
billlinton1,514440452443877376
ossieaust,514751564272394240
simonleuf,514425261421756416
frankcarnibella,514452104656994305
eileekiede,514457551963181056
lou_minary,514452455833485314
samuelmarclowe,514804072919343104
evdebeslenmeyen,514496958392586240
nrwchgreenpeace,514489717933744129
frygerard,514593310732607488
someguymitch,514447480508145665
jeffsciarappa,514421078832476160
nappeem,514800808127635456
rorogers123,514776827282599936
mariachenoweth,514682049932705793
planetsweet,514487018613903362
nappeem,514804250929790976
danihro,514525148494303232
ceilidhbrennan,514423486090317824
scottariddle,514486663025004544
mmichael0,514692861766680576
occupykarachi,514449156476522496
greenpeaceuk,514480511163842561
soulburn5,514482444926742528
kjchalvatzis,514541645917065216
nealeu,515077438045294593
jonashulsens_gp,514471981832757249
greenpeaceuk,514773525325168640
darrelldazzaman,514474367154393089
laurence_conrad,514449904366678017
michellebartsch,514883645635432448
sadbutmadlad,514791308020703232
navarroja_,514421129801662464
susanwinters01,514514304734076928
curiousyetlost,514448479859777538
karmalitics,514458624865746944
purpose,514519951462662144
preetikaurpaul,514755459606396928
thebeardyguy,514688343473676288
chrislittlecott,514434929678376960
greenpeaceuk,514776831485284352
annaew_dc,514449016428298240
nappeem,514793665005629440
davey1233,514703837287157760
victorias_art,514489233244172288
urbantravelblog,514787287092043776
peterwestlake1,514458414655631362
t0urdephil,514470434520461312
arbol_alto,514450154347184128
ninaschrank,514443340881096706
bubblevegan,514455327392026625
mumfordsa,514460314285260800
javiruiz20,514507164476796928
nappeem,514798485062025216
haddymo,514427277405618177
yrotitna,514481173029224449
tuskeu,514425577861046272
emshallnz,514506118832222208
ladyroisin,514466701099167745
rob_oneill,514733736408391681
combevalley,514451440127852545
markflan64,514500359209762816
greenpeace,514702888011321344
kaecyy,517655135715987457
greenpeaceuk,514688266847936512
janesummers4,514458123218984961
hannah_davey,514427218895060992
brightonnrgcoop,514801255563419649
hardstyle2259,514489433857355776
nappeem,514795826779275264
karenkits,514454372437078016
jasmada99,514525005162352640
lisatd84,514474899159924736
billycoyle,514445762717962241
museumofginger,514445931497144321
terryfxng,514423100021415936
bcrescendoll,514443138010587136
griffinlisa585,514491538815332353
hmeresman,514741714230456320
arbol_alto,514728014337572864
greenpeaceuk,514423667380715521
faateamah,514482575478247424
bjgoldsmith,514417354869321728
stefan74uk,514443183556947969
nappeem,514803511809572865
joolsolsen,514447418214342657
stang289,514456531778404353
knightsrose,514445044527661056
mellowharold,514454321858371584
johnboyetc,514480954195582976
locoeslavida,514499374098165762
loonylucy,514866065080188929
asitseemstome,514452173405831168
ruthmen,514445807953514496
scandoy,514425475490643968
ruthmen,514445786671640576
mbarlondsmith,514479766020165632
ketygujaraidze,514454264022708224
wallygridboy,514501359576842240
anmarcar1,514422778879959041
petercoville,514435001476448257
apogee711,514424077335805952
someguymitch,514447143277711360
msa6solare,514423148545331200
resurgence_mag,514500804301303810
judas_twit,514549572346343424
ninaschrank,514446940273381376
arbol_alto,514789845357821952
humdiha,514467605017792512
eastbournefoe,514493774580707329
chriske04780326,514455273176461313
nappeem,514808012138352640
josephknight425,514442327440756738
tracylsteel,514456773546491904
angel_dark_77,514426396555608064
lionelgodwit,514462158076530688
jumpforjoy89,514495332118708225
adamdew,514444859663716352
prowindalliance,514419642597908480
lesleyrumary,514723653523865600
nosworthyr,514465992999587840
nappeem,514806699082129408
petercoville,514434734907465730
naqibul55832903,514419021996109824
mettatastic,514746599659290625
freedom24571,514493745363165185
yrotitna,514482279968944130
nappeem,514802413673648128
sonsofkong,514862207302000641
plofessor,514461873404514305
sthelensgreens,514459807760547840
griffinlisa585,514738116675252224
mchiara_mrk,514768080153890816
heather_c_c,514480442171752448
griffinlisa585,514738646914969601
tinetweets,514684723571200000
jacqs70,514445230763167744
janiecestaton,514426878330175488
chrislittlecott,514519114707378176
danfoxdavies,514449397007253504
mecchif,514664042636402688
van_strael,514441307348279296
purplepantaloon,514709290243084289
greenpeaceuk,514480259782434817
karenflet,514707717286400000
pijalma,514722424018182145
nappeem,514806339798073345
simonclydesdale,514430146204696578
yrotitna,514506369396113408
sandyhay1,515042114321657856
keeskodde_gp,514464441245511680
biopheonix,514902387300253696
greenpeacecherb,514663667682791424
yrotitna,514482627751849984
svenradio,514472503767363585
ecoandi,514443283192221696
bryonyhutt,514446248208650240
melibea53,514704990758125569
matatobar,514444827040043008
nlucassi,514516849761869824
yrotitna,514692156339273729
franziska_g,514871776263036928
ryamosullivan,514449672342339584
worldevn,514588852158484481
uhuru111,515135374356516864
nappeem,514808111975378945
almatsuda,515414971916640256
brainspirations,514478593356091392
preciousthing,514490899078733824
dtporge,514527027114696704
greenpeacepix,514506775094386690
arbol_alto,514422407617323009
tommyholgate,514457541942996993
isadora_wronski,514492307802841088
lisatd84,514474336707543040
padmaym,514691239791190016
majaderix,514427002179571712
ahmad_ashov,514430789883146240
rdpsmith,514748172816482304
sara_huws,514461151879364608
orchidobsessed,514423758271287296
greenpeaceuk,514484765496721409
lawrencecarter1,514416027753783296
jaxecology,514420297525919744
debbiecrutchley,514536960782643201
cf32fabio,514472976306032640
gptina,514465943448469504
thisisholly,514475483833327616
divaamccurdy,514489023214419968
lobbycomm,514442482961362944
granniemandi,514426550528524289
lindagemmill1,514828371214082048
michelledifilip,518159727381852160
nappeem,514804974153646080
benserbutt,514692634829258752
grassrootsintl,514767927145664512
raeannvalesquez,514424537451343873
greenpeaceuk,514424712148295680
josielong,514509923125035008
platformlondon,514418708664811520
zzeeehhhh,514607980629991425
gpuknews,514446722660323328
climatemarch_to,514429167006277632
trevorw1953,514470302756003840
sultie1andonly,514456249434247168
nappeem,514796673902870528
rogerlawson,514442350245212161
amgueddfa_tawe,514474368135487488
nappeem,514804663427018754
sucker_love1,514880631772577794
mikecoulson48,514717851106959360
karatm,514446383936327680
retrostructure,514449124587208704
greenpeaceuk,514480817780056065
sukikf,514436006465261568
lkhoward50,514444774129287170
elainegilligan,514708987921833984
nappeem,514807048320864256
fressoy,514424455222009857
tommydalton2000,514731770978529281
nappeem,514798250797576193
zombiepug22,514722996909776896
greenwood_pete,515608678691778560
bhrecordings,514444620898795520
ruthusg,514418905109262337
greenpeaceuk,514498111579115520
griffinlisa585,514463545883258880
jockbuster,514443870025699329
coustinou,515092161579061248
plaintalking121,514419742304927744
itscreativecafe,514443713183875072
tepursey,514419965794193409
thinkconscience,514542673097945088
suegoughartist,514442890731606016
bc_rebecca,514490642027016192
ritaruggeri3,514474202817368065
lylasays,514441826871549952
paulinealexiou,514447165154803712
pete_pixiepete,514503960980623360
nappeem,514795654074601472
nappeem,514799781794021376
nappeem,514798652519624705
pete_thekiller,514441955330121728
kirkgatemarket,514457528306905089
hunty155,514455898165895169
samissomar,514459684439224321
smhkcr,514423590222303232
richardowenvint,514720011240607744
planetsekwah,514939733168754689
kevinobrien56,514505215962521601
ecomanda,514423337662300161
randomly_rabbit,514663163384438784
kptz_,514671534783623168
globalofficeuk,519087826349330433
cianciaran,515045988932018176
wezlangdon,514454585625178112
charlieogilvie,514522504569053186
lorel_ee,514502537953959937
power_glitter,514428646606778368
aligoldsworthy,514444960360583168
jewelnature,514592969760862208
eurobob,514416031394435072
greensnortheast,514679239619411968
tayloruly,514706679913775104
rudee_al,514462542538625024
pippilotta_here,514449235367198720
gonufrio,514434889639546880
crygreen2,514710971668246528
nappeem,514804093202993152
vikkik88,514526238765875202
dubskipper,514426895325474816
mikecoulson48,514448586558275584
meraud_hand,515086005444280321
indiheath,515832483599114240
peterwestlake1,514459449164324864
radical_change_,549960252008198144
greenpeaceuk,514431754594025472
andycreepy27,514460263178063872
davidg_uk_uk,514486176334770177
giorgiocasari1,516362059131662336
cantfiggeritout,514446936233881600
scottariddle,514452966435467266
green_dannyb,514442458563117056
hewlett100,515242520750854145
dee_coombes,514507233577558016
guyshrubsole,514417838434840578
le1lad,514437399779479553
skegnesspeer,514489284800172032
smileytownz,514442940676972544
its_not_reece,516251160362364928
jumpforjoy89,514498649569886211
juddjenni,515964816310030340
loubgray,514448870244614146
mattiafosci,514446179774373888
dogbarxx,514422860564398080
amparopiedrahi1,514792216481783808
luckyladybird15,514510865669029888
fruitingbodies,514427564912562177
petercoville,514447948047212545
jomelpeacenik,514442577475424256
priyesh123,514710731296886784
scroobiuspipyo,514480294507057152
nappeem,514807915350601728
rudolfabraham,514688507730997248
ktscribbles,514445950631174145
nappeem,514796568311246848
nappeem,514800044663644160
blackwillow1,514804479515185152
wildbritain77,514503902759493632
leonijhuis,514485200072765440
mz_arabella_4,514427035742396416
someguymitch,514428283312939008
garyinware,514479238301638656
mrsdjkey,514798393286090753
my_stripy_socks,514427684840275969
jackiemilne2,514725370247921664
chris1meads,514495960161198081
imogenisbetter,514463342346661890
marchottawa,514772348864847872
parrythehoot,514446027181817856
gpuknews,514423297837375488
katstella63,514852490903158784
topcathughes,514427258904522752
thedavidshore,514444473460195328
michaelsfennell,514464414859542528
highqoo,516367356004937729
kkellybug70,517808994849542144
greennuneaton,514476948974997504
sucker_love1,514767249563844608
m50graham,514804922345218049
nicseton,514505964297654273
